loan_id,origination_month,original_balance,original_term_months,original_interest_rate,credit_score_band,ltv_band,dti_band,state,loan_purpose,property_type,occupancy_type,servicer_name,vintage
LN100000,2023-12-01,281400.0,360,5.439,740-779,81-90,44-50,FL,Purchase,Single Family,Investment,Sunrise Servicing,2023
LN100001,2020-09-01,155400.0,180,4.159,740-779,81-90,31-36,PA,Purchase,Single Family,Primary,Cornerstone Servicing,2020
LN100002,2021-10-01,383500.0,180,3.963,700-739,91-95,44-50,NC,Purchase,Single Family,Primary,Meridian Loan Services,2021
LN100003,2021-09-01,407700.0,360,3.275,780+,61-70,21-30,OH,Purchase,Condo,Primary,Cornerstone Servicing,2021
LN100004,2023-05-01,293100.0,360,5.712,620-659,<=60,37-43,IL,Purchase,Single Family,Primary,Meridian Loan Services,2023
LN100005,2021-04-01,404700.0,360,3.339,780+,81-90,<=20,NC,Purchase,Single Family,Primary,Meridian Loan Services,2021
LN100006,2020-06-01,231700.0,180,5.085,620-659,71-80,31-36,AZ,Purchase,Single Family,Primary,Apex Mortgage Co,2020
LN100007,2019-02-01,631200.0,180,4.468,620-659,61-70,21-30,OH,Cash-Out Refinance,Condo,Primary,Cornerstone Servicing,2019
LN100008,2020-11-01,323100.0,180,4.203,700-739,61-70,<=20,PA,Purchase,Single Family,Investment,Apex Mortgage Co,2020
LN100009,2023-04-01,154000.0,360,6.14,<620,71-80,<=20,NC,Cash-Out Refinance,Single Family,Second Home,Sunrise Servicing,2023
LN100010,2019-01-01,238300.0,180,4.679,<620,<=60,31-36,MI,Purchase,Multi-Family,Primary,Meridian Loan Services,2019
LN100011,2023-08-01,215600.0,360,5.999,<620,<=60,37-43,AZ,Purchase,Multi-Family,Primary,Cornerstone Servicing,2023
LN100012,2021-10-01,206300.0,360,4.188,700-739,91-95,31-36,TX,Purchase,Single Family,Investment,Sunrise Servicing,2021
LN100013,2019-09-01,109600.0,360,3.832,740-779,71-80,21-30,TX,Purchase,Single Family,Primary,Cornerstone Servicing,2019
LN100014,2020-07-01,274900.0,360,5.07,<620,>95,>50,OH,Purchase,Single Family,Primary,Cornerstone Servicing,2020
LN100015,2021-11-01,123800.0,180,3.761,740-779,>95,>50,NY,Cash-Out Refinance,Condo,Primary,Meridian Loan Services,2021
LN100016,2020-08-01,74100.0,360,4.019,740-779,61-70,21-30,OH,Refinance,Single Family,Second Home,Apex Mortgage Co,2020
LN100017,2019-07-01,197800.0,360,4.498,620-659,81-90,31-36,PA,Refinance,Multi-Family,Primary,Apex Mortgage Co,2019
LN100018,2022-06-01,164400.0,360,5.23,620-659,81-90,37-43,WA,Purchase,Condo,Primary,Highland Capital Servicing,2022
LN100019,2022-06-01,156700.0,360,3.919,780+,81-90,37-43,NY,Purchase,Single Family,Primary,Highland Capital Servicing,2022
LN100020,2019-08-01,60000.0,180,3.487,740-779,<=60,31-36,NC,Refinance,Single Family,Primary,Sunrise Servicing,2019
LN100021,2020-06-01,157500.0,360,4.336,700-739,61-70,37-43,TX,Purchase,Multi-Family,Primary,Meridian Loan Services,2020
LN100022,2020-04-01,213600.0,360,3.65,740-779,<=60,21-30,IL,Purchase,Condo,Primary,Cornerstone Servicing,2020
LN100023,2022-05-01,173600.0,360,5.026,620-659,81-90,31-36,CA,Purchase,Condo,Primary,Meridian Loan Services,2022
LN100024,2022-10-01,274900.0,180,4.96,700-739,>95,37-43,IL,Purchase,Single Family,Investment,Meridian Loan Services,2022
LN100025,2022-10-01,432200.0,360,4.453,740-779,81-90,37-43,IL,Refinance,Condo,Primary,Highland Capital Servicing,2022
LN100026,2023-11-01,291400.0,180,5.826,660-699,81-90,44-50,NC,Purchase,Condo,Second Home,Sunrise Servicing,2023
LN100027,2022-12-01,366500.0,360,4.668,740-779,>95,<=20,GA,Purchase,Manufactured,Primary,Sunrise Servicing,2022
LN100028,2020-08-01,380400.0,180,4.515,700-739,81-90,21-30,FL,Cash-Out Refinance,Single Family,Primary,Highland Capital Servicing,2020
LN100029,2019-07-01,146000.0,360,3.647,740-779,<=60,<=20,CA,Cash-Out Refinance,Single Family,Primary,Sunrise Servicing,2019
LN100030,2022-03-01,281400.0,360,4.295,700-739,91-95,21-30,CA,Purchase,Single Family,Primary,Cornerstone Servicing,2022
LN100031,2023-09-01,361400.0,360,5.901,660-699,71-80,<=20,AZ,Purchase,Condo,Primary,Meridian Loan Services,2023
LN100032,2024-01-01,189800.0,360,5.502,660-699,<=60,31-36,WA,Refinance,Multi-Family,Primary,Sunrise Servicing,2024
LN100033,2020-03-01,161800.0,360,4.638,660-699,71-80,31-36,FL,Purchase,Single Family,Investment,Highland Capital Servicing,2020
LN100034,2020-03-01,293200.0,360,4.182,740-779,91-95,37-43,TX,Purchase,Single Family,Primary,Sunrise Servicing,2020
LN100035,2019-03-01,118600.0,360,4.9,620-659,61-70,31-36,NY,Purchase,Single Family,Investment,Meridian Loan Services,2019
LN100036,2019-09-01,141500.0,360,4.792,620-659,71-80,<=20,GA,Purchase,Single Family,Primary,Meridian Loan Services,2019
LN100037,2021-11-01,171100.0,180,4.67,620-659,61-70,37-43,FL,Cash-Out Refinance,Multi-Family,Primary,Apex Mortgage Co,2021
LN100038,2021-10-01,282900.0,360,4.735,620-659,<=60,<=20,CA,Refinance,Single Family,Primary,Apex Mortgage Co,2021
LN100039,2020-11-01,254900.0,180,3.523,740-779,<=60,44-50,NY,Cash-Out Refinance,Single Family,Primary,Sunrise Servicing,2020
LN100040,2020-08-01,367500.0,360,4.103,700-739,81-90,<=20,TX,Refinance,Multi-Family,Primary,Meridian Loan Services,2020
LN100041,2023-04-01,152500.0,360,4.612,780+,91-95,31-36,FL,Refinance,Single Family,Primary,Sunrise Servicing,2023
LN100042,2021-05-01,148900.0,180,4.891,620-659,61-70,44-50,TX,Refinance,Single Family,Primary,Sunrise Servicing,2021
LN100043,2023-03-01,292400.0,360,4.452,740-779,61-70,37-43,GA,Refinance,Single Family,Primary,Highland Capital Servicing,2023
LN100044,2023-12-01,161200.0,360,5.468,700-739,61-70,37-43,IL,Purchase,Single Family,Primary,Apex Mortgage Co,2023
LN100045,2020-08-01,176000.0,360,3.989,700-739,<=60,37-43,TX,Purchase,Single Family,Investment,Sunrise Servicing,2020
LN100046,2020-01-01,100200.0,360,3.578,780+,71-80,21-30,IL,Purchase,Single Family,Primary,Meridian Loan Services,2020
LN100047,2023-12-01,263300.0,360,5.08,780+,81-90,37-43,NY,Purchase,Single Family,Primary,Highland Capital Servicing,2023
LN100048,2022-04-01,462100.0,360,3.929,780+,81-90,44-50,PA,Purchase,Single Family,Primary,Meridian Loan Services,2022
LN100049,2020-07-01,145300.0,180,5.001,620-659,71-80,>50,AZ,Purchase,Single Family,Primary,Apex Mortgage Co,2020
LN100050,2022-03-01,365800.0,360,4.744,660-699,71-80,31-36,CA,Refinance,Single Family,Investment,Highland Capital Servicing,2022
LN100051,2021-08-01,224900.0,180,3.636,740-779,<=60,31-36,WA,Purchase,Single Family,Second Home,Highland Capital Servicing,2021
LN100052,2023-09-01,104400.0,360,5.607,660-699,61-70,37-43,NC,Purchase,Single Family,Primary,Highland Capital Servicing,2023
LN100053,2020-04-01,154400.0,360,4.334,740-779,91-95,31-36,GA,Purchase,Single Family,Primary,Meridian Loan Services,2020
LN100054,2024-02-01,150200.0,360,5.751,700-739,81-90,21-30,FL,Purchase,Condo,Second Home,Apex Mortgage Co,2024
LN100055,2023-11-01,200300.0,360,5.928,700-739,91-95,21-30,FL,Cash-Out Refinance,Single Family,Primary,Cornerstone Servicing,2023
LN100056,2019-12-01,278900.0,360,4.299,740-779,91-95,21-30,CA,Purchase,Single Family,Primary,Cornerstone Servicing,2019
LN100057,2019-11-01,530700.0,360,3.958,740-779,81-90,31-36,AZ,Purchase,Single Family,Primary,Sunrise Servicing,2019
LN100058,2021-10-01,121300.0,360,4.897,<620,91-95,21-30,OH,Purchase,Single Family,Primary,Cornerstone Servicing,2021
LN100059,2019-03-01,185700.0,360,4.585,<620,71-80,<=20,NY,Cash-Out Refinance,Single Family,Primary,Cornerstone Servicing,2019
LN100060,2020-07-01,154300.0,360,3.907,700-739,<=60,<=20,IL,Refinance,Single Family,Primary,Cornerstone Servicing,2020
LN100061,2021-03-01,130500.0,360,4.101,700-739,<=60,>50,CA,Purchase,Single Family,Investment,Meridian Loan Services,2021
LN100062,2024-01-01,241100.0,360,5.908,660-699,<=60,<=20,TX,Purchase,Condo,Primary,Apex Mortgage Co,2024
LN100063,2024-02-01,231100.0,360,5.95,700-739,<=60,<=20,OH,Refinance,Single Family,Investment,Sunrise Servicing,2024
LN100064,2019-10-01,102100.0,360,3.803,740-779,71-80,31-36,IL,Cash-Out Refinance,Single Family,Primary,Sunrise Servicing,2019
LN100065,2023-08-01,232900.0,360,5.069,740-779,81-90,21-30,PA,Purchase,Condo,Primary,Apex Mortgage Co,2023
LN100066,2019-06-01,134300.0,180,3.816,700-739,81-90,>50,GA,Purchase,Single Family,Primary,Meridian Loan Services,2019
LN100067,2022-11-01,232200.0,360,5.149,700-739,81-90,44-50,OH,Purchase,Single Family,Primary,Meridian Loan Services,2022
LN100068,2023-05-01,408900.0,180,5.317,660-699,61-70,31-36,PA,Purchase,Single Family,Second Home,Meridian Loan Services,2023
LN100069,2023-08-01,284500.0,360,5.134,700-739,81-90,31-36,CA,Refinance,Single Family,Primary,Apex Mortgage Co,2023
LN100070,2020-02-01,250200.0,180,4.355,660-699,71-80,31-36,GA,Cash-Out Refinance,Multi-Family,Investment,Sunrise Servicing,2020
LN100071,2023-08-01,182100.0,360,4.996,700-739,<=60,<=20,NC,Cash-Out Refinance,Single Family,Primary,Cornerstone Servicing,2023
LN100072,2019-08-01,238000.0,360,3.514,740-779,61-70,21-30,TX,Refinance,Single Family,Primary,Highland Capital Servicing,2019
LN100073,2021-09-01,297600.0,360,4.948,<620,71-80,21-30,TX,Purchase,Condo,Primary,Highland Capital Servicing,2021
LN100074,2021-06-01,284600.0,360,4.71,<620,61-70,21-30,TX,Cash-Out Refinance,Single Family,Primary,Cornerstone Servicing,2021
LN100075,2020-08-01,220900.0,360,4.385,660-699,81-90,37-43,TX,Purchase,Single Family,Primary,Highland Capital Servicing,2020
LN100076,2019-02-01,254700.0,180,3.323,780+,81-90,<=20,IL,Purchase,Single Family,Primary,Meridian Loan Services,2019
LN100077,2022-12-01,127700.0,360,4.465,740-779,81-90,21-30,CA,Refinance,Single Family,Primary,Cornerstone Servicing,2022
LN100078,2020-09-01,166000.0,180,4.443,620-659,61-70,31-36,GA,Purchase,Single Family,Primary,Apex Mortgage Co,2020
LN100079,2022-06-01,317600.0,360,3.863,780+,81-90,31-36,CA,Cash-Out Refinance,Single Family,Primary,Apex Mortgage Co,2022
LN100080,2021-02-01,337400.0,360,4.064,700-739,81-90,21-30,CA,Cash-Out Refinance,Single Family,Primary,Apex Mortgage Co,2021
LN100081,2020-12-01,240900.0,360,4.171,700-739,61-70,<=20,FL,Refinance,Condo,Primary,Sunrise Servicing,2020
LN100082,2023-07-01,449300.0,360,4.773,780+,81-90,21-30,TX,Refinance,Single Family,Primary,Cornerstone Servicing,2023
LN100083,2019-06-01,290300.0,360,5.102,<620,71-80,21-30,AZ,Purchase,Condo,Primary,Cornerstone Servicing,2019
LN100084,2022-10-01,208000.0,360,5.451,660-699,71-80,44-50,FL,Purchase,Single Family,Primary,Highland Capital Servicing,2022
LN100085,2022-11-01,133400.0,360,4.808,700-739,<=60,44-50,TX,Refinance,Manufactured,Primary,Meridian Loan Services,2022
LN100086,2020-12-01,441300.0,180,4.824,620-659,71-80,31-36,TX,Refinance,Single Family,Primary,Cornerstone Servicing,2020
LN100087,2020-05-01,326600.0,360,3.8,740-779,<=60,31-36,FL,Cash-Out Refinance,Condo,Primary,Sunrise Servicing,2020
LN100088,2019-01-01,518800.0,360,4.282,660-699,61-70,37-43,OH,Purchase,Condo,Primary,Meridian Loan Services,2019
LN100089,2023-11-01,612400.0,360,6.11,620-659,61-70,37-43,PA,Purchase,Single Family,Primary,Sunrise Servicing,2023
LN100090,2023-11-01,129400.0,360,6.114,660-699,>95,21-30,FL,Purchase,Single Family,Primary,Meridian Loan Services,2023
LN100091,2020-03-01,129600.0,360,3.779,700-739,61-70,21-30,OH,Refinance,Condo,Primary,Meridian Loan Services,2020
LN100092,2019-03-01,63700.0,360,4.701,620-659,71-80,31-36,NY,Refinance,Condo,Primary,Highland Capital Servicing,2019
LN100093,2019-08-01,349200.0,360,4.573,620-659,71-80,37-43,MI,Cash-Out Refinance,Single Family,Primary,Meridian Loan Services,2019
LN100094,2019-05-01,310300.0,360,3.786,780+,91-95,21-30,IL,Purchase,Condo,Primary,Cornerstone Servicing,2019
LN100095,2023-04-01,241300.0,360,5.548,660-699,71-80,21-30,TX,Purchase,Single Family,Primary,Meridian Loan Services,2023
LN100096,2023-08-01,133000.0,360,5.69,660-699,91-95,21-30,NC,Purchase,Single Family,Investment,Apex Mortgage Co,2023
LN100097,2019-10-01,221900.0,180,5.086,<620,61-70,21-30,MI,Purchase,Single Family,Primary,Apex Mortgage Co,2019
LN100098,2022-11-01,251000.0,360,4.46,660-699,<=60,31-36,NY,Purchase,Condo,Primary,Cornerstone Servicing,2022
LN100099,2019-12-01,328500.0,180,4.733,660-699,71-80,37-43,AZ,Refinance,Single Family,Investment,Highland Capital Servicing,2019
LN100100,2020-11-01,261100.0,180,3.84,700-739,71-80,31-36,MI,Purchase,Single Family,Investment,Cornerstone Servicing,2020
LN100101,2022-02-01,311400.0,360,4.624,660-699,81-90,21-30,TX,Purchase,Single Family,Primary,Cornerstone Servicing,2022
LN100102,2022-09-01,218400.0,360,4.306,780+,91-95,21-30,PA,Refinance,Single Family,Investment,Sunrise Servicing,2022
LN100103,2023-07-01,393000.0,360,4.878,780+,71-80,44-50,OH,Cash-Out Refinance,Single Family,Primary,Sunrise Servicing,2023
LN100104,2019-03-01,306900.0,360,4.707,620-659,>95,31-36,IL,Purchase,Single Family,Primary,Apex Mortgage Co,2019
LN100105,2020-01-01,135400.0,360,4.205,620-659,71-80,<=20,IL,Purchase,Condo,Primary,Sunrise Servicing,2020
LN100106,2020-06-01,431600.0,360,4.585,620-659,61-70,21-30,MI,Refinance,Single Family,Primary,Apex Mortgage Co,2020
LN100107,2020-08-01,400900.0,360,4.058,700-739,71-80,44-50,OH,Refinance,Single Family,Primary,Apex Mortgage Co,2020
LN100108,2024-02-01,284800.0,360,5.698,620-659,<=60,37-43,IL,Cash-Out Refinance,Single Family,Primary,Meridian Loan Services,2024
LN100109,2023-01-01,262100.0,360,4.331,780+,81-90,44-50,CA,Purchase,Single Family,Primary,Sunrise Servicing,2023
LN100110,2020-08-01,487200.0,360,3.427,740-779,<=60,37-43,NY,Purchase,Single Family,Primary,Cornerstone Servicing,2020
LN100111,2024-01-01,110700.0,180,5.509,740-779,71-80,31-36,WA,Cash-Out Refinance,Single Family,Primary,Meridian Loan Services,2024
LN100112,2021-07-01,403700.0,180,3.971,700-739,71-80,31-36,NC,Purchase,Single Family,Primary,Cornerstone Servicing,2021
LN100113,2021-08-01,186400.0,360,3.658,780+,<=60,21-30,CA,Purchase,Single Family,Investment,Highland Capital Servicing,2021
LN100114,2021-03-01,378100.0,180,4.808,<620,<=60,37-43,WA,Cash-Out Refinance,Single Family,Primary,Highland Capital Servicing,2021
LN100115,2019-09-01,243800.0,360,4.156,700-739,81-90,37-43,MI,Purchase,Multi-Family,Primary,Highland Capital Servicing,2019
LN100116,2023-10-01,132000.0,360,5.586,660-699,<=60,21-30,IL,Refinance,Single Family,Primary,Meridian Loan Services,2023
LN100117,2019-01-01,184700.0,180,3.044,780+,71-80,44-50,CA,Cash-Out Refinance,Single Family,Primary,Meridian Loan Services,2019
LN100118,2019-11-01,365800.0,360,3.97,700-739,71-80,31-36,IL,Purchase,Single Family,Primary,Cornerstone Servicing,2019
LN100119,2020-03-01,210100.0,360,3.834,740-779,61-70,<=20,CA,Refinance,Single Family,Primary,Highland Capital Servicing,2020
LN100120,2020-06-01,174600.0,360,4.771,620-659,61-70,31-36,FL,Purchase,Single Family,Primary,Meridian Loan Services,2020
LN100121,2019-09-01,174100.0,360,3.411,780+,81-90,44-50,OH,Cash-Out Refinance,Condo,Primary,Highland Capital Servicing,2019
LN100122,2019-02-01,308400.0,360,3.94,700-739,>95,44-50,WA,Cash-Out Refinance,Single Family,Primary,Meridian Loan Services,2019
LN100123,2022-07-01,507800.0,360,4.549,700-739,61-70,31-36,FL,Cash-Out Refinance,Single Family,Second Home,Cornerstone Servicing,2022
LN100124,2024-01-01,88100.0,360,5.403,780+,>95,>50,MI,Purchase,Single Family,Primary,Apex Mortgage Co,2024
LN100125,2019-08-01,814500.0,360,4.228,700-739,81-90,44-50,WA,Refinance,Single Family,Primary,Meridian Loan Services,2019
LN100126,2020-07-01,253100.0,360,4.152,700-739,81-90,44-50,CA,Cash-Out Refinance,Manufactured,Investment,Highland Capital Servicing,2020
LN100127,2021-08-01,299900.0,360,3.769,700-739,81-90,44-50,TX,Refinance,Single Family,Primary,Highland Capital Servicing,2021
LN100128,2023-10-01,189800.0,180,6.275,620-659,81-90,31-36,NC,Refinance,Single Family,Primary,Meridian Loan Services,2023
LN100129,2022-08-01,230600.0,360,4.934,660-699,81-90,37-43,NC,Purchase,Single Family,Investment,Highland Capital Servicing,2022
LN100130,2022-12-01,251900.0,360,5.706,620-659,71-80,37-43,FL,Cash-Out Refinance,Single Family,Primary,Meridian Loan Services,2022
LN100131,2021-12-01,144000.0,360,4.63,620-659,71-80,37-43,GA,Purchase,Single Family,Investment,Meridian Loan Services,2021
LN100132,2021-02-01,160700.0,360,3.554,780+,71-80,21-30,OH,Purchase,Single Family,Primary,Cornerstone Servicing,2021
LN100133,2020-01-01,393600.0,360,3.958,700-739,<=60,37-43,NC,Cash-Out Refinance,Single Family,Primary,Highland Capital Servicing,2020
LN100134,2023-06-01,114900.0,360,5.392,660-699,81-90,>50,NC,Cash-Out Refinance,Single Family,Primary,Sunrise Servicing,2023
LN100135,2023-02-01,281700.0,360,4.653,700-739,<=60,21-30,CA,Cash-Out Refinance,Single Family,Primary,Highland Capital Servicing,2023
LN100136,2019-02-01,195500.0,360,3.892,700-739,61-70,>50,CA,Purchase,Single Family,Investment,Meridian Loan Services,2019
LN100137,2022-09-01,149900.0,360,4.016,740-779,<=60,31-36,CA,Purchase,Single Family,Primary,Meridian Loan Services,2022
LN100138,2019-06-01,560900.0,360,3.237,780+,61-70,21-30,WA,Purchase,Multi-Family,Investment,Apex Mortgage Co,2019
LN100139,2022-10-01,150300.0,360,4.642,780+,81-90,21-30,WA,Purchase,Single Family,Primary,Apex Mortgage Co,2022
LN100140,2023-04-01,138900.0,180,5.354,700-739,81-90,44-50,PA,Cash-Out Refinance,Manufactured,Investment,Cornerstone Servicing,2023
LN100141,2019-09-01,212300.0,360,4.352,660-699,71-80,31-36,CA,Refinance,Multi-Family,Investment,Apex Mortgage Co,2019
LN100142,2021-03-01,163400.0,360,4.27,700-739,<=60,21-30,OH,Purchase,Single Family,Primary,Meridian Loan Services,2021
LN100143,2019-08-01,231600.0,360,3.814,700-739,71-80,37-43,TX,Purchase,Single Family,Investment,Highland Capital Servicing,2019
LN100144,2021-12-01,247700.0,360,4.522,700-739,71-80,31-36,FL,Purchase,Condo,Primary,Apex Mortgage Co,2021
LN100145,2023-10-01,256700.0,360,5.177,740-779,81-90,31-36,TX,Cash-Out Refinance,Single Family,Primary,Sunrise Servicing,2023
LN100146,2019-06-01,218400.0,180,4.364,700-739,71-80,44-50,MI,Refinance,Single Family,Primary,Highland Capital Servicing,2019
LN100147,2021-01-01,168400.0,360,4.854,660-699,71-80,37-43,CA,Purchase,Single Family,Primary,Apex Mortgage Co,2021
LN100148,2024-01-01,308500.0,360,5.629,660-699,71-80,37-43,GA,Purchase,Single Family,Primary,Apex Mortgage Co,2024
LN100149,2020-07-01,219600.0,360,4.96,660-699,>95,37-43,AZ,Purchase,Condo,Primary,Sunrise Servicing,2020
LN100150,2019-09-01,184800.0,360,4.613,620-659,81-90,>50,GA,Purchase,Condo,Primary,Apex Mortgage Co,2019
LN100151,2021-07-01,449500.0,360,4.507,620-659,71-80,21-30,CA,Cash-Out Refinance,Multi-Family,Primary,Highland Capital Servicing,2021
LN100152,2021-08-01,218700.0,360,3.83,740-779,71-80,21-30,WA,Refinance,Condo,Primary,Highland Capital Servicing,2021
LN100153,2022-06-01,377500.0,180,4.118,700-739,<=60,<=20,GA,Purchase,Single Family,Primary,Highland Capital Servicing,2022
LN100154,2020-08-01,401100.0,180,4.742,660-699,>95,31-36,NY,Refinance,Single Family,Primary,Cornerstone Servicing,2020
LN100155,2023-12-01,412300.0,360,5.552,700-739,71-80,37-43,GA,Purchase,Manufactured,Investment,Apex Mortgage Co,2023
LN100156,2021-09-01,315200.0,180,3.702,740-779,61-70,37-43,MI,Purchase,Manufactured,Investment,Apex Mortgage Co,2021
LN100157,2020-06-01,230900.0,180,4.937,660-699,>95,31-36,NY,Refinance,Condo,Investment,Apex Mortgage Co,2020
LN100158,2023-12-01,224400.0,360,5.598,740-779,81-90,<=20,IL,Purchase,Condo,Primary,Meridian Loan Services,2023
LN100159,2023-10-01,206900.0,360,4.657,780+,<=60,37-43,NY,Purchase,Single Family,Primary,Meridian Loan Services,2023
LN100160,2021-07-01,87100.0,180,3.969,700-739,<=60,>50,CA,Cash-Out Refinance,Single Family,Investment,Highland Capital Servicing,2021
LN100161,2019-02-01,319200.0,360,3.25,740-779,<=60,21-30,PA,Cash-Out Refinance,Multi-Family,Primary,Meridian Loan Services,2019
LN100162,2022-01-01,257800.0,180,4.87,<620,81-90,21-30,CA,Purchase,Single Family,Primary,Highland Capital Servicing,2022
LN100163,2021-11-01,334900.0,360,3.216,780+,<=60,21-30,FL,Refinance,Single Family,Primary,Highland Capital Servicing,2021
LN100164,2019-10-01,219100.0,360,4.334,700-739,91-95,31-36,FL,Purchase,Single Family,Primary,Cornerstone Servicing,2019
LN100165,2022-04-01,311500.0,360,3.956,780+,91-95,21-30,TX,Refinance,Single Family,Primary,Sunrise Servicing,2022
LN100166,2023-05-01,124300.0,180,5.206,700-739,71-80,31-36,NY,Purchase,Single Family,Primary,Meridian Loan Services,2023
LN100167,2019-07-01,136500.0,360,4.939,<620,81-90,37-43,OH,Refinance,Single Family,Primary,Highland Capital Servicing,2019
LN100168,2022-09-01,75800.0,360,5.323,<620,61-70,31-36,FL,Purchase,Single Family,Primary,Apex Mortgage Co,2022
LN100169,2019-09-01,217400.0,360,3.828,740-779,<=60,31-36,TX,Cash-Out Refinance,Single Family,Primary,Highland Capital Servicing,2019
LN100170,2022-11-01,163100.0,360,4.773,700-739,81-90,<=20,MI,Cash-Out Refinance,Single Family,Primary,Highland Capital Servicing,2022
LN100171,2021-03-01,153800.0,360,4.943,<620,<=60,44-50,AZ,Purchase,Single Family,Primary,Cornerstone Servicing,2021
LN100172,2019-01-01,268500.0,180,3.487,740-779,<=60,31-36,NY,Refinance,Condo,Primary,Meridian Loan Services,2019
LN100173,2023-12-01,190700.0,360,5.253,780+,71-80,31-36,FL,Purchase,Single Family,Primary,Meridian Loan Services,2023
LN100174,2019-11-01,121200.0,360,3.73,700-739,<=60,<=20,CA,Refinance,Single Family,Primary,Apex Mortgage Co,2019
LN100175,2022-01-01,725900.0,360,4.268,700-739,71-80,37-43,CA,Purchase,Single Family,Primary,Apex Mortgage Co,2022
LN100176,2019-12-01,227100.0,360,5.303,<620,81-90,44-50,FL,Purchase,Single Family,Primary,Cornerstone Servicing,2019
LN100177,2023-10-01,141900.0,360,5.467,740-779,81-90,<=20,WA,Refinance,Condo,Investment,Sunrise Servicing,2023
LN100178,2022-10-01,170900.0,180,5.185,660-699,81-90,21-30,NC,Purchase,Single Family,Primary,Meridian Loan Services,2022
LN100179,2023-02-01,213600.0,180,4.415,780+,91-95,21-30,FL,Purchase,Single Family,Primary,Cornerstone Servicing,2023
LN100180,2021-03-01,213400.0,360,4.984,660-699,71-80,37-43,AZ,Purchase,Condo,Investment,Highland Capital Servicing,2021
LN100181,2021-05-01,415000.0,360,4.059,700-739,91-95,>50,NY,Purchase,Single Family,Primary,Highland Capital Servicing,2021
LN100182,2022-04-01,222900.0,360,4.791,660-699,71-80,31-36,TX,Purchase,Condo,Primary,Meridian Loan Services,2022
LN100183,2023-01-01,532200.0,360,5.428,620-659,61-70,31-36,NY,Refinance,Manufactured,Primary,Highland Capital Servicing,2023
LN100184,2023-05-01,190100.0,360,5.026,740-779,>95,37-43,TX,Refinance,Single Family,Primary,Meridian Loan Services,2023
LN100185,2019-02-01,279800.0,360,3.949,700-739,61-70,37-43,WA,Purchase,Manufactured,Primary,Highland Capital Servicing,2019
LN100186,2022-06-01,365800.0,360,4.218,700-739,<=60,21-30,FL,Purchase,Single Family,Primary,Sunrise Servicing,2022
LN100187,2019-07-01,395500.0,360,3.37,780+,61-70,21-30,GA,Refinance,Single Family,Primary,Meridian Loan Services,2019
LN100188,2020-06-01,416800.0,180,3.594,780+,71-80,31-36,FL,Refinance,Single Family,Primary,Highland Capital Servicing,2020
LN100189,2023-04-01,204400.0,360,5.001,780+,71-80,37-43,WA,Cash-Out Refinance,Single Family,Primary,Highland Capital Servicing,2023
LN100190,2020-04-01,230400.0,180,4.941,620-659,71-80,37-43,GA,Purchase,Single Family,Primary,Cornerstone Servicing,2020
LN100191,2023-02-01,75700.0,360,5.205,700-739,91-95,37-43,NY,Purchase,Single Family,Second Home,Cornerstone Servicing,2023
LN100192,2021-05-01,211500.0,360,3.532,780+,61-70,44-50,CA,Refinance,Single Family,Primary,Sunrise Servicing,2021
LN100193,2020-03-01,377400.0,360,4.731,660-699,71-80,21-30,WA,Purchase,Single Family,Primary,Sunrise Servicing,2020
LN100194,2020-09-01,345800.0,360,4.53,620-659,71-80,31-36,IL,Purchase,Single Family,Primary,Meridian Loan Services,2020
LN100195,2021-09-01,222100.0,360,3.87,740-779,91-95,<=20,TX,Purchase,Single Family,Primary,Cornerstone Servicing,2021
LN100196,2022-12-01,496100.0,360,4.367,700-739,61-70,44-50,MI,Cash-Out Refinance,Single Family,Primary,Apex Mortgage Co,2022
LN100197,2022-02-01,194300.0,360,4.097,700-739,<=60,37-43,CA,Purchase,Single Family,Primary,Cornerstone Servicing,2022
LN100198,2023-10-01,167300.0,360,5.058,780+,71-80,21-30,FL,Refinance,Condo,Primary,Sunrise Servicing,2023
LN100199,2023-06-01,187100.0,360,5.012,700-739,81-90,<=20,IL,Refinance,Single Family,Second Home,Cornerstone Servicing,2023
LN100200,2022-11-01,139400.0,180,5.199,700-739,81-90,37-43,FL,Purchase,Condo,Second Home,Sunrise Servicing,2022
LN100201,2022-02-01,305600.0,180,4.381,660-699,81-90,37-43,NY,Cash-Out Refinance,Single Family,Second Home,Cornerstone Servicing,2022
LN100202,2020-06-01,263000.0,180,4.142,700-739,81-90,37-43,TX,Refinance,Single Family,Primary,Cornerstone Servicing,2020
LN100203,2021-02-01,303900.0,360,4.787,620-659,71-80,21-30,CA,Purchase,Manufactured,Primary,Meridian Loan Services,2021
LN100204,2019-08-01,191700.0,360,3.838,740-779,<=60,44-50,CA,Refinance,Single Family,Primary,Meridian Loan Services,2019
LN100205,2020-12-01,225000.0,360,3.502,740-779,<=60,37-43,CA,Purchase,Single Family,Investment,Apex Mortgage Co,2020
LN100206,2023-10-01,86700.0,180,5.687,660-699,<=60,37-43,AZ,Purchase,Single Family,Primary,Highland Capital Servicing,2023
LN100207,2021-03-01,273600.0,360,4.574,660-699,71-80,37-43,OH,Refinance,Single Family,Primary,Sunrise Servicing,2021
LN100208,2019-08-01,241500.0,360,3.493,780+,71-80,44-50,NY,Refinance,Single Family,Second Home,Meridian Loan Services,2019
LN100209,2022-05-01,140800.0,360,5.439,<620,71-80,>50,FL,Purchase,Single Family,Primary,Highland Capital Servicing,2022
LN100210,2023-12-01,220300.0,360,5.893,700-739,71-80,37-43,NC,Cash-Out Refinance,Single Family,Primary,Cornerstone Servicing,2023
LN100211,2023-06-01,205700.0,180,5.02,700-739,71-80,31-36,CA,Refinance,Multi-Family,Primary,Sunrise Servicing,2023
LN100212,2020-05-01,510900.0,180,4.229,740-779,81-90,31-36,TX,Refinance,Single Family,Primary,Cornerstone Servicing,2020
LN100213,2021-05-01,143300.0,360,4.755,620-659,81-90,44-50,GA,Purchase,Single Family,Primary,Cornerstone Servicing,2021
LN100214,2021-09-01,268100.0,360,3.698,740-779,71-80,37-43,NY,Purchase,Condo,Primary,Cornerstone Servicing,2021
LN100215,2020-04-01,141400.0,360,4.697,660-699,71-80,<=20,PA,Purchase,Single Family,Primary,Meridian Loan Services,2020
LN100216,2020-05-01,179700.0,360,4.066,700-739,81-90,21-30,WA,Refinance,Multi-Family,Primary,Highland Capital Servicing,2020
LN100217,2020-03-01,261600.0,180,5.107,<620,81-90,44-50,MI,Purchase,Single Family,Investment,Sunrise Servicing,2020
LN100218,2024-02-01,210000.0,360,5.524,700-739,71-80,44-50,TX,Refinance,Single Family,Primary,Sunrise Servicing,2024
LN100219,2022-11-01,230300.0,180,5.336,700-739,71-80,>50,CA,Purchase,Multi-Family,Primary,Sunrise Servicing,2022
LN100220,2023-05-01,268300.0,360,5.94,660-699,81-90,31-36,TX,Refinance,Single Family,Primary,Apex Mortgage Co,2023
LN100221,2023-03-01,184900.0,360,5.661,620-659,81-90,44-50,PA,Cash-Out Refinance,Condo,Primary,Highland Capital Servicing,2023
LN100222,2023-12-01,343800.0,360,6.364,620-659,61-70,44-50,WA,Refinance,Single Family,Primary,Sunrise Servicing,2023
LN100223,2019-07-01,201300.0,180,4.266,660-699,71-80,21-30,WA,Refinance,Condo,Primary,Sunrise Servicing,2019
LN100224,2023-07-01,221000.0,360,5.943,620-659,91-95,21-30,FL,Cash-Out Refinance,Single Family,Primary,Meridian Loan Services,2023
LN100225,2019-05-01,271700.0,360,3.2,780+,<=60,>50,MI,Purchase,Single Family,Primary,Sunrise Servicing,2019
LN100226,2021-06-01,255800.0,360,4.223,700-739,91-95,<=20,IL,Refinance,Single Family,Primary,Cornerstone Servicing,2021
LN100227,2022-01-01,308600.0,360,3.374,740-779,61-70,37-43,MI,Cash-Out Refinance,Manufactured,Primary,Sunrise Servicing,2022
LN100228,2020-11-01,266400.0,360,3.561,780+,71-80,37-43,IL,Refinance,Single Family,Investment,Meridian Loan Services,2020
LN100229,2019-10-01,285200.0,360,4.608,620-659,71-80,37-43,CA,Purchase,Single Family,Investment,Meridian Loan Services,2019
LN100230,2019-12-01,199500.0,360,3.65,740-779,<=60,21-30,CA,Cash-Out Refinance,Multi-Family,Primary,Meridian Loan Services,2019
LN100231,2023-04-01,142800.0,360,4.61,780+,91-95,37-43,AZ,Purchase,Single Family,Primary,Cornerstone Servicing,2023
LN100232,2020-08-01,121500.0,360,3.73,740-779,71-80,21-30,NY,Purchase,Single Family,Second Home,Meridian Loan Services,2020
LN100233,2020-08-01,108900.0,360,4.517,700-739,>95,44-50,FL,Purchase,Single Family,Second Home,Apex Mortgage Co,2020
LN100234,2023-10-01,510500.0,180,5.515,700-739,61-70,21-30,FL,Purchase,Single Family,Primary,Apex Mortgage Co,2023
LN100235,2019-09-01,85300.0,360,5.329,<620,91-95,37-43,FL,Purchase,Single Family,Primary,Meridian Loan Services,2019
LN100236,2023-09-01,395200.0,180,5.664,700-739,91-95,44-50,AZ,Purchase,Single Family,Primary,Apex Mortgage Co,2023
LN100237,2023-10-01,159600.0,180,4.849,780+,71-80,21-30,CA,Cash-Out Refinance,Single Family,Primary,Sunrise Servicing,2023
LN100238,2022-02-01,393900.0,360,3.588,780+,61-70,21-30,CA,Purchase,Single Family,Primary,Apex Mortgage Co,2022
LN100239,2019-11-01,85700.0,180,4.595,<620,81-90,37-43,PA,Purchase,Single Family,Primary,Sunrise Servicing,2019
LN100240,2019-10-01,207800.0,180,4.137,740-779,71-80,<=20,IL,Cash-Out Refinance,Single Family,Primary,Apex Mortgage Co,2019
LN100241,2020-06-01,444300.0,360,4.725,660-699,>95,21-30,CA,Cash-Out Refinance,Condo,Second Home,Meridian Loan Services,2020
LN100242,2021-12-01,318400.0,360,3.861,780+,71-80,31-36,CA,Purchase,Single Family,Primary,Meridian Loan Services,2021
LN100243,2019-10-01,198400.0,180,4.662,<620,61-70,>50,TX,Purchase,Single Family,Investment,Sunrise Servicing,2019
LN100244,2021-05-01,96300.0,360,3.194,780+,61-70,37-43,TX,Refinance,Single Family,Second Home,Cornerstone Servicing,2021
LN100245,2019-08-01,127400.0,180,3.832,740-779,81-90,31-36,CA,Cash-Out Refinance,Single Family,Second Home,Sunrise Servicing,2019
LN100246,2021-10-01,431500.0,360,4.949,620-659,>95,>50,TX,Refinance,Condo,Primary,Sunrise Servicing,2021
LN100247,2019-02-01,197500.0,360,4.799,<620,<=60,31-36,NC,Purchase,Single Family,Primary,Sunrise Servicing,2019
LN100248,2022-08-01,223600.0,180,4.373,740-779,81-90,31-36,MI,Refinance,Multi-Family,Primary,Cornerstone Servicing,2022
LN100249,2019-04-01,262400.0,360,4.571,620-659,91-95,31-36,WA,Refinance,Single Family,Investment,Meridian Loan Services,2019
LN100250,2020-01-01,128500.0,360,3.577,700-739,<=60,21-30,FL,Refinance,Condo,Primary,Apex Mortgage Co,2020
LN100251,2019-11-01,277400.0,360,3.307,780+,<=60,31-36,FL,Cash-Out Refinance,Condo,Primary,Highland Capital Servicing,2019
LN100252,2023-04-01,191200.0,360,4.889,700-739,81-90,37-43,AZ,Refinance,Single Family,Primary,Sunrise Servicing,2023
LN100253,2019-04-01,263600.0,360,3.742,700-739,81-90,<=20,PA,Refinance,Manufactured,Primary,Sunrise Servicing,2019
LN100254,2021-03-01,178100.0,360,3.883,700-739,<=60,37-43,IL,Refinance,Condo,Primary,Sunrise Servicing,2021
LN100255,2022-01-01,113800.0,360,5.204,<620,91-95,21-30,TX,Refinance,Single Family,Primary,Highland Capital Servicing,2022
LN100256,2021-08-01,190600.0,360,3.823,780+,71-80,31-36,FL,Purchase,Single Family,Primary,Cornerstone Servicing,2021
LN100257,2022-07-01,308200.0,360,5.156,660-699,91-95,21-30,IL,Purchase,Single Family,Primary,Highland Capital Servicing,2022
LN100258,2023-02-01,275800.0,360,5.989,620-659,91-95,31-36,IL,Refinance,Single Family,Primary,Cornerstone Servicing,2023
LN100259,2021-01-01,234200.0,360,4.665,660-699,81-90,37-43,CA,Refinance,Single Family,Primary,Cornerstone Servicing,2021
LN100260,2023-04-01,346000.0,360,4.539,780+,71-80,31-36,AZ,Purchase,Single Family,Primary,Meridian Loan Services,2023
LN100261,2020-08-01,210700.0,360,5.123,620-659,61-70,21-30,OH,Purchase,Single Family,Primary,Sunrise Servicing,2020
LN100262,2024-01-01,236900.0,360,4.815,780+,71-80,21-30,OH,Refinance,Single Family,Primary,Sunrise Servicing,2024
LN100263,2021-08-01,186100.0,360,3.483,740-779,<=60,44-50,TX,Refinance,Single Family,Primary,Highland Capital Servicing,2021
LN100264,2022-10-01,355200.0,360,4.487,740-779,81-90,21-30,PA,Purchase,Single Family,Second Home,Highland Capital Servicing,2022
LN100265,2023-07-01,263300.0,180,4.752,780+,61-70,37-43,NC,Purchase,Single Family,Primary,Cornerstone Servicing,2023
LN100266,2023-02-01,179800.0,360,4.146,780+,71-80,31-36,CA,Purchase,Condo,Primary,Apex Mortgage Co,2023
LN100267,2023-05-01,118200.0,360,4.491,780+,<=60,21-30,OH,Cash-Out Refinance,Single Family,Primary,Cornerstone Servicing,2023
LN100268,2021-10-01,379700.0,360,4.672,620-659,61-70,37-43,GA,Cash-Out Refinance,Multi-Family,Primary,Cornerstone Servicing,2021
LN100269,2019-03-01,165200.0,360,3.716,740-779,61-70,31-36,MI,Refinance,Condo,Primary,Cornerstone Servicing,2019
LN100270,2021-07-01,238600.0,360,4.26,700-739,81-90,<=20,TX,Purchase,Condo,Investment,Cornerstone Servicing,2021
LN100271,2019-12-01,665800.0,360,4.435,700-739,81-90,>50,MI,Refinance,Single Family,Primary,Sunrise Servicing,2019
LN100272,2023-08-01,331300.0,360,4.585,780+,<=60,21-30,NY,Purchase,Condo,Primary,Highland Capital Servicing,2023
LN100273,2020-03-01,476900.0,360,3.729,780+,91-95,31-36,CA,Cash-Out Refinance,Multi-Family,Primary,Cornerstone Servicing,2020
LN100274,2020-03-01,181300.0,360,3.776,740-779,91-95,31-36,CA,Purchase,Condo,Primary,Meridian Loan Services,2020
LN100275,2020-04-01,374000.0,360,3.934,700-739,71-80,31-36,TX,Purchase,Single Family,Second Home,Cornerstone Servicing,2020
LN100276,2022-04-01,233700.0,360,4.748,700-739,81-90,44-50,TX,Refinance,Single Family,Investment,Meridian Loan Services,2022
LN100277,2021-12-01,272300.0,180,3.861,700-739,71-80,<=20,NY,Purchase,Single Family,Primary,Meridian Loan Services,2021
LN100278,2023-11-01,573400.0,360,5.929,660-699,61-70,>50,NC,Refinance,Single Family,Primary,Highland Capital Servicing,2023
LN100279,2021-02-01,203700.0,360,4.269,700-739,71-80,37-43,TX,Refinance,Condo,Primary,Sunrise Servicing,2021
LN100280,2020-06-01,233000.0,360,4.805,620-659,<=60,>50,AZ,Purchase,Condo,Investment,Apex Mortgage Co,2020
LN100281,2019-04-01,153800.0,360,4.665,<620,91-95,44-50,TX,Purchase,Single Family,Primary,Cornerstone Servicing,2019
LN100282,2019-01-01,344500.0,360,4.007,740-779,91-95,>50,OH,Refinance,Single Family,Primary,Sunrise Servicing,2019
LN100283,2020-12-01,179500.0,360,4.282,700-739,91-95,37-43,WA,Cash-Out Refinance,Multi-Family,Investment,Sunrise Servicing,2020
LN100284,2023-10-01,365900.0,360,4.769,780+,71-80,31-36,MI,Purchase,Single Family,Investment,Cornerstone Servicing,2023
LN100285,2021-09-01,109900.0,180,3.997,700-739,71-80,31-36,GA,Purchase,Single Family,Primary,Highland Capital Servicing,2021
LN100286,2023-08-01,295600.0,360,6.702,<620,>95,37-43,NC,Refinance,Condo,Primary,Apex Mortgage Co,2023
LN100287,2019-07-01,172900.0,180,4.631,620-659,61-70,31-36,CA,Purchase,Condo,Primary,Apex Mortgage Co,2019
LN100288,2019-06-01,320900.0,360,4.077,660-699,<=60,37-43,CA,Refinance,Single Family,Second Home,Cornerstone Servicing,2019
LN100289,2023-04-01,229600.0,360,4.237,780+,71-80,<=20,NY,Refinance,Single Family,Primary,Highland Capital Servicing,2023
LN100290,2019-07-01,181500.0,180,4.051,660-699,71-80,44-50,CA,Purchase,Single Family,Primary,Cornerstone Servicing,2019
LN100291,2019-04-01,194100.0,360,4.088,700-739,71-80,21-30,FL,Refinance,Single Family,Primary,Sunrise Servicing,2019
LN100292,2021-02-01,157500.0,360,3.148,780+,<=60,>50,TX,Purchase,Condo,Primary,Apex Mortgage Co,2021
LN100293,2023-10-01,336700.0,360,4.945,780+,81-90,21-30,WA,Purchase,Condo,Primary,Highland Capital Servicing,2023
LN100294,2022-07-01,144100.0,180,5.256,660-699,61-70,21-30,WA,Refinance,Single Family,Primary,Sunrise Servicing,2022
LN100295,2019-07-01,204800.0,360,4.877,<620,61-70,44-50,PA,Cash-Out Refinance,Single Family,Primary,Apex Mortgage Co,2019
LN100296,2023-04-01,269800.0,360,5.654,620-659,<=60,44-50,NC,Refinance,Single Family,Primary,Sunrise Servicing,2023
LN100297,2023-05-01,477400.0,360,5.786,<620,71-80,37-43,CA,Purchase,Single Family,Second Home,Cornerstone Servicing,2023
LN100298,2023-02-01,230000.0,360,5.456,620-659,91-95,>50,CA,Refinance,Single Family,Primary,Highland Capital Servicing,2023
LN100299,2023-08-01,207100.0,360,5.514,700-739,71-80,21-30,GA,Purchase,Single Family,Primary,Sunrise Servicing,2023
LN100300,2020-03-01,261200.0,360,3.486,780+,81-90,44-50,GA,Purchase,Condo,Investment,Apex Mortgage Co,2020
LN100301,2024-01-01,90800.0,180,5.994,700-739,81-90,31-36,FL,Purchase,Single Family,Primary,Sunrise Servicing,2024
LN100302,2020-08-01,134700.0,360,3.831,740-779,71-80,31-36,NY,Purchase,Condo,Investment,Cornerstone Servicing,2020
LN100303,2023-02-01,195100.0,360,6.113,660-699,91-95,31-36,NY,Purchase,Single Family,Primary,Sunrise Servicing,2023
LN100304,2021-12-01,167600.0,360,3.709,740-779,81-90,<=20,TX,Cash-Out Refinance,Condo,Primary,Highland Capital Servicing,2021
LN100305,2023-01-01,112400.0,360,4.92,700-739,71-80,37-43,FL,Purchase,Manufactured,Primary,Sunrise Servicing,2023
LN100306,2022-03-01,339800.0,360,3.285,780+,<=60,37-43,NY,Cash-Out Refinance,Single Family,Primary,Sunrise Servicing,2022
LN100307,2022-04-01,259600.0,360,3.781,780+,<=60,21-30,OH,Refinance,Single Family,Primary,Cornerstone Servicing,2022
LN100308,2022-03-01,246000.0,360,4.852,660-699,>95,>50,AZ,Purchase,Condo,Primary,Meridian Loan Services,2022
LN100309,2023-01-01,169000.0,360,5.35,620-659,81-90,31-36,IL,Purchase,Single Family,Primary,Sunrise Servicing,2023
LN100310,2022-10-01,239400.0,360,5.19,660-699,91-95,21-30,NC,Purchase,Single Family,Primary,Highland Capital Servicing,2022
LN100311,2019-09-01,291100.0,360,4.444,700-739,91-95,37-43,PA,Purchase,Single Family,Second Home,Meridian Loan Services,2019
LN100312,2023-04-01,205000.0,360,4.576,780+,<=60,21-30,CA,Refinance,Multi-Family,Primary,Apex Mortgage Co,2023
LN100313,2021-10-01,282100.0,360,4.153,660-699,81-90,<=20,GA,Cash-Out Refinance,Single Family,Primary,Cornerstone Servicing,2021
LN100314,2020-09-01,161400.0,360,3.751,740-779,71-80,37-43,NY,Cash-Out Refinance,Single Family,Primary,Highland Capital Servicing,2020
LN100315,2021-08-01,241300.0,360,4.49,700-739,81-90,21-30,OH,Purchase,Single Family,Primary,Meridian Loan Services,2021
LN100316,2023-12-01,386200.0,360,6.167,620-659,<=60,21-30,CA,Purchase,Single Family,Primary,Meridian Loan Services,2023
LN100317,2023-06-01,402100.0,360,5.408,660-699,61-70,37-43,WA,Purchase,Single Family,Primary,Meridian Loan Services,2023
LN100318,2023-04-01,419800.0,360,5.071,740-779,81-90,<=20,AZ,Cash-Out Refinance,Multi-Family,Primary,Highland Capital Servicing,2023
LN100319,2021-05-01,262600.0,180,3.631,740-779,81-90,44-50,CA,Purchase,Condo,Primary,Highland Capital Servicing,2021
LN100320,2023-01-01,234300.0,360,4.754,700-739,81-90,44-50,TX,Purchase,Single Family,Primary,Apex Mortgage Co,2023
LN100321,2020-12-01,188700.0,180,4.389,660-699,71-80,21-30,TX,Refinance,Single Family,Primary,Meridian Loan Services,2020
LN100322,2022-07-01,102400.0,360,4.461,740-779,71-80,31-36,PA,Refinance,Condo,Primary,Sunrise Servicing,2022
LN100323,2022-04-01,126100.0,360,5.379,620-659,>95,<=20,OH,Purchase,Condo,Primary,Cornerstone Servicing,2022
LN100324,2020-04-01,214100.0,180,3.691,780+,71-80,37-43,TX,Refinance,Single Family,Primary,Highland Capital Servicing,2020
LN100325,2020-05-01,220000.0,360,4.704,620-659,71-80,<=20,PA,Purchase,Single Family,Primary,Highland Capital Servicing,2020
LN100326,2019-04-01,436000.0,360,4.783,620-659,71-80,>50,FL,Purchase,Single Family,Primary,Sunrise Servicing,2019
LN100327,2019-09-01,417300.0,180,3.979,700-739,71-80,21-30,NY,Purchase,Single Family,Primary,Meridian Loan Services,2019
LN100328,2021-03-01,169600.0,360,4.255,700-739,71-80,37-43,FL,Purchase,Single Family,Primary,Meridian Loan Services,2021
LN100329,2021-06-01,333800.0,360,4.273,700-739,71-80,21-30,IL,Cash-Out Refinance,Single Family,Primary,Apex Mortgage Co,2021
LN100330,2019-11-01,186300.0,180,4.53,700-739,91-95,21-30,NY,Purchase,Single Family,Primary,Highland Capital Servicing,2019
LN100331,2021-02-01,314000.0,360,3.732,780+,91-95,31-36,TX,Refinance,Condo,Primary,Cornerstone Servicing,2021
LN100332,2022-02-01,331900.0,360,4.252,700-739,91-95,37-43,NY,Purchase,Condo,Primary,Apex Mortgage Co,2022
LN100333,2020-03-01,403900.0,180,4.342,700-739,71-80,>50,WA,Refinance,Condo,Investment,Meridian Loan Services,2020
LN100334,2020-09-01,185000.0,360,4.419,700-739,71-80,<=20,IL,Cash-Out Refinance,Single Family,Primary,Apex Mortgage Co,2020
LN100335,2020-11-01,364600.0,360,4.999,<620,81-90,<=20,WA,Purchase,Single Family,Primary,Highland Capital Servicing,2020
LN100336,2021-08-01,99400.0,360,3.984,700-739,91-95,31-36,IL,Cash-Out Refinance,Single Family,Primary,Meridian Loan Services,2021
LN100337,2020-11-01,413900.0,360,4.672,660-699,71-80,31-36,PA,Refinance,Condo,Primary,Apex Mortgage Co,2020
LN100338,2022-10-01,228400.0,360,4.245,740-779,81-90,44-50,FL,Refinance,Single Family,Primary,Highland Capital Servicing,2022
LN100339,2020-09-01,230600.0,360,4.786,<620,81-90,44-50,PA,Purchase,Single Family,Investment,Apex Mortgage Co,2020
LN100340,2021-03-01,92300.0,360,3.566,780+,81-90,44-50,TX,Refinance,Manufactured,Primary,Apex Mortgage Co,2021
LN100341,2020-12-01,193900.0,360,4.235,700-739,81-90,21-30,CA,Purchase,Multi-Family,Primary,Highland Capital Servicing,2020
LN100342,2019-12-01,425100.0,360,3.155,780+,61-70,31-36,TX,Cash-Out Refinance,Single Family,Primary,Meridian Loan Services,2019
LN100343,2022-07-01,190600.0,360,4.544,700-739,71-80,37-43,CA,Cash-Out Refinance,Condo,Investment,Sunrise Servicing,2022
LN100344,2020-03-01,318400.0,180,5.096,<620,81-90,21-30,AZ,Purchase,Single Family,Primary,Highland Capital Servicing,2020
LN100345,2020-07-01,234600.0,360,3.571,740-779,<=60,37-43,AZ,Cash-Out Refinance,Single Family,Primary,Apex Mortgage Co,2020
LN100346,2023-02-01,372600.0,360,5.209,740-779,91-95,21-30,PA,Cash-Out Refinance,Single Family,Second Home,Meridian Loan Services,2023
LN100347,2023-11-01,251700.0,360,5.446,740-779,81-90,31-36,CA,Refinance,Single Family,Primary,Sunrise Servicing,2023
LN100348,2022-06-01,151900.0,360,4.625,700-739,61-70,44-50,WA,Purchase,Condo,Primary,Cornerstone Servicing,2022
LN100349,2023-09-01,236900.0,360,4.894,740-779,81-90,21-30,NC,Purchase,Single Family,Primary,Highland Capital Servicing,2023
LN100350,2023-05-01,474800.0,180,4.286,780+,81-90,>50,FL,Purchase,Single Family,Primary,Meridian Loan Services,2023
LN100351,2021-06-01,288900.0,360,3.943,740-779,81-90,21-30,IL,Purchase,Manufactured,Primary,Highland Capital Servicing,2021
LN100352,2022-12-01,219200.0,360,5.499,660-699,71-80,<=20,GA,Cash-Out Refinance,Single Family,Primary,Apex Mortgage Co,2022
LN100353,2020-09-01,637400.0,360,3.782,740-779,91-95,21-30,CA,Purchase,Single Family,Primary,Meridian Loan Services,2020
LN100354,2021-05-01,389100.0,360,3.826,740-779,71-80,21-30,IL,Refinance,Single Family,Second Home,Meridian Loan Services,2021
LN100355,2021-10-01,333500.0,360,3.189,780+,71-80,31-36,NC,Refinance,Single Family,Primary,Sunrise Servicing,2021
LN100356,2023-12-01,266400.0,360,5.737,660-699,<=60,21-30,TX,Refinance,Single Family,Primary,Cornerstone Servicing,2023
LN100357,2023-05-01,320800.0,360,5.217,700-739,81-90,37-43,NY,Purchase,Single Family,Primary,Cornerstone Servicing,2023
LN100358,2021-07-01,325500.0,360,3.702,740-779,81-90,44-50,IL,Refinance,Multi-Family,Primary,Cornerstone Servicing,2021
LN100359,2022-05-01,86500.0,360,4.157,700-739,71-80,31-36,NC,Refinance,Single Family,Primary,Meridian Loan Services,2022
LN100360,2020-01-01,275900.0,360,3.469,740-779,71-80,21-30,AZ,Refinance,Single Family,Primary,Cornerstone Servicing,2020
LN100361,2023-02-01,214800.0,180,4.645,700-739,81-90,31-36,MI,Purchase,Single Family,Second Home,Meridian Loan Services,2023
LN100362,2021-11-01,184400.0,360,4.537,660-699,81-90,44-50,OH,Refinance,Condo,Primary,Cornerstone Servicing,2021
LN100363,2021-10-01,211500.0,360,3.776,740-779,61-70,37-43,OH,Purchase,Single Family,Second Home,Sunrise Servicing,2021
LN100364,2022-12-01,114700.0,360,5.787,620-659,>95,21-30,OH,Refinance,Single Family,Primary,Meridian Loan Services,2022
LN100365,2022-04-01,102500.0,360,4.813,620-659,81-90,31-36,IL,Purchase,Manufactured,Primary,Apex Mortgage Co,2022
LN100366,2019-05-01,404700.0,360,4.078,740-779,>95,31-36,CA,Purchase,Single Family,Primary,Cornerstone Servicing,2019
LN100367,2020-06-01,284400.0,360,4.212,740-779,>95,31-36,GA,Cash-Out Refinance,Single Family,Primary,Meridian Loan Services,2020
LN100368,2019-11-01,78000.0,360,3.572,780+,91-95,21-30,NC,Purchase,Single Family,Primary,Apex Mortgage Co,2019
LN100369,2022-10-01,178200.0,360,5.122,660-699,81-90,>50,IL,Cash-Out Refinance,Single Family,Second Home,Cornerstone Servicing,2022
LN100370,2019-03-01,343300.0,360,4.483,620-659,81-90,21-30,MI,Cash-Out Refinance,Manufactured,Primary,Apex Mortgage Co,2019
LN100371,2020-01-01,203600.0,360,3.393,780+,61-70,21-30,GA,Purchase,Single Family,Primary,Highland Capital Servicing,2020
LN100372,2022-01-01,404400.0,360,4.981,620-659,71-80,21-30,FL,Purchase,Single Family,Primary,Apex Mortgage Co,2022
LN100373,2022-08-01,370400.0,360,5.464,620-659,81-90,37-43,CA,Purchase,Single Family,Primary,Sunrise Servicing,2022
LN100374,2021-08-01,125400.0,360,4.274,660-699,71-80,31-36,CA,Cash-Out Refinance,Single Family,Primary,Meridian Loan Services,2021
LN100375,2023-06-01,216500.0,180,5.399,700-739,91-95,21-30,FL,Refinance,Single Family,Second Home,Apex Mortgage Co,2023
LN100376,2023-09-01,188800.0,360,4.425,780+,<=60,31-36,NY,Purchase,Multi-Family,Primary,Sunrise Servicing,2023
LN100377,2019-09-01,123600.0,360,3.836,740-779,71-80,37-43,TX,Purchase,Single Family,Primary,Meridian Loan Services,2019
LN100378,2023-12-01,120000.0,360,5.274,740-779,71-80,21-30,TX,Purchase,Multi-Family,Primary,Cornerstone Servicing,2023
LN100379,2022-03-01,160700.0,360,4.942,620-659,71-80,44-50,TX,Refinance,Condo,Primary,Sunrise Servicing,2022
LN100380,2022-04-01,173100.0,360,5.049,660-699,<=60,21-30,PA,Purchase,Single Family,Primary,Meridian Loan Services,2022
LN100381,2019-06-01,262400.0,360,3.769,700-739,61-70,21-30,PA,Purchase,Condo,Primary,Highland Capital Servicing,2019
LN100382,2022-03-01,369500.0,360,5.548,620-659,91-95,>50,FL,Cash-Out Refinance,Condo,Primary,Apex Mortgage Co,2022
LN100383,2022-09-01,291000.0,360,5.058,660-699,71-80,44-50,TX,Purchase,Single Family,Primary,Meridian Loan Services,2022
LN100384,2021-12-01,323700.0,180,4.014,660-699,<=60,31-36,CA,Purchase,Single Family,Second Home,Sunrise Servicing,2021
LN100385,2019-06-01,204800.0,180,4.244,620-659,<=60,44-50,CA,Refinance,Single Family,Primary,Cornerstone Servicing,2019
LN100386,2021-09-01,303000.0,180,4.52,700-739,71-80,31-36,FL,Cash-Out Refinance,Single Family,Primary,Apex Mortgage Co,2021
LN100387,2023-11-01,216000.0,180,5.299,740-779,61-70,31-36,CA,Purchase,Condo,Investment,Apex Mortgage Co,2023
LN100388,2022-09-01,189300.0,360,5.527,<620,81-90,44-50,FL,Cash-Out Refinance,Single Family,Primary,Sunrise Servicing,2022
LN100389,2019-09-01,542400.0,360,4.029,700-739,81-90,37-43,AZ,Purchase,Single Family,Primary,Meridian Loan Services,2019
LN100390,2023-12-01,80900.0,360,5.447,740-779,61-70,21-30,IL,Cash-Out Refinance,Single Family,Primary,Sunrise Servicing,2023
LN100391,2023-12-01,99400.0,360,5.519,740-779,81-90,37-43,MI,Purchase,Single Family,Investment,Cornerstone Servicing,2023
LN100392,2019-11-01,274400.0,180,3.7,740-779,61-70,31-36,CA,Refinance,Condo,Primary,Highland Capital Servicing,2019
LN100393,2023-02-01,205000.0,180,5.297,700-739,71-80,<=20,TX,Purchase,Condo,Investment,Apex Mortgage Co,2023
LN100394,2021-02-01,121000.0,180,3.798,740-779,91-95,>50,AZ,Cash-Out Refinance,Condo,Primary,Highland Capital Servicing,2021
LN100395,2022-01-01,143700.0,360,4.487,660-699,71-80,31-36,FL,Cash-Out Refinance,Single Family,Investment,Sunrise Servicing,2022
LN100396,2021-04-01,152400.0,180,4.551,660-699,91-95,37-43,GA,Purchase,Single Family,Primary,Cornerstone Servicing,2021
LN100397,2023-01-01,345100.0,360,5.262,620-659,61-70,37-43,AZ,Purchase,Condo,Primary,Apex Mortgage Co,2023
LN100398,2024-02-01,398500.0,360,5.883,700-739,71-80,31-36,IL,Refinance,Single Family,Primary,Apex Mortgage Co,2024
LN100399,2023-02-01,483000.0,360,4.65,700-739,71-80,21-30,FL,Purchase,Condo,Second Home,Cornerstone Servicing,2023
LN100400,2023-10-01,113000.0,180,5.315,660-699,71-80,>50,IL,Refinance,Single Family,Investment,Sunrise Servicing,2023
LN100401,2023-11-01,124800.0,360,5.565,740-779,>95,37-43,CA,Refinance,Single Family,Primary,Apex Mortgage Co,2023
LN100402,2019-06-01,121100.0,360,4.075,660-699,<=60,37-43,CA,Purchase,Single Family,Primary,Sunrise Servicing,2019
LN100403,2020-04-01,412500.0,180,4.317,660-699,91-95,31-36,CA,Purchase,Single Family,Primary,Apex Mortgage Co,2020
LN100404,2022-09-01,278700.0,360,5.078,620-659,91-95,21-30,WA,Cash-Out Refinance,Single Family,Primary,Meridian Loan Services,2022
LN100405,2022-01-01,239400.0,360,4.444,700-739,71-80,<=20,GA,Purchase,Multi-Family,Second Home,Apex Mortgage Co,2022
LN100406,2019-04-01,256100.0,360,4.33,660-699,71-80,31-36,FL,Refinance,Single Family,Primary,Highland Capital Servicing,2019
LN100407,2019-06-01,225100.0,360,4.267,660-699,71-80,21-30,TX,Purchase,Single Family,Investment,Meridian Loan Services,2019
LN100408,2021-09-01,139500.0,360,4.706,660-699,61-70,37-43,GA,Purchase,Condo,Investment,Sunrise Servicing,2021
LN100409,2022-03-01,291000.0,360,4.188,740-779,81-90,44-50,WA,Purchase,Single Family,Primary,Sunrise Servicing,2022
LN100410,2019-11-01,212400.0,360,3.765,780+,71-80,21-30,FL,Purchase,Single Family,Primary,Highland Capital Servicing,2019
LN100411,2019-11-01,134600.0,360,3.935,700-739,91-95,31-36,FL,Refinance,Manufactured,Investment,Apex Mortgage Co,2019
LN100412,2019-09-01,299100.0,360,3.526,740-779,81-90,37-43,MI,Purchase,Condo,Second Home,Cornerstone Servicing,2019
LN100413,2021-12-01,190700.0,360,3.547,780+,71-80,21-30,WA,Refinance,Single Family,Primary,Cornerstone Servicing,2021
LN100414,2019-01-01,255900.0,180,3.532,780+,81-90,>50,WA,Refinance,Condo,Primary,Sunrise Servicing,2019
LN100415,2021-12-01,218300.0,360,4.274,700-739,71-80,31-36,FL,Purchase,Single Family,Primary,Highland Capital Servicing,2021
LN100416,2021-06-01,344900.0,360,3.305,780+,91-95,21-30,CA,Purchase,Single Family,Second Home,Sunrise Servicing,2021
LN100417,2021-05-01,255000.0,360,3.558,780+,61-70,21-30,NY,Refinance,Single Family,Primary,Sunrise Servicing,2021
LN100418,2022-07-01,155200.0,180,4.638,740-779,>95,>50,FL,Refinance,Single Family,Primary,Highland Capital Servicing,2022
LN100419,2021-09-01,267000.0,360,4.314,700-739,81-90,21-30,WA,Refinance,Single Family,Primary,Apex Mortgage Co,2021
LN100420,2022-10-01,270900.0,180,5.452,620-659,91-95,37-43,CA,Purchase,Single Family,Primary,Cornerstone Servicing,2022
LN100421,2022-12-01,290700.0,360,5.832,<620,71-80,21-30,GA,Cash-Out Refinance,Condo,Primary,Sunrise Servicing,2022
LN100422,2023-10-01,368100.0,360,5.494,700-739,91-95,21-30,WA,Purchase,Single Family,Primary,Apex Mortgage Co,2023
LN100423,2023-02-01,175000.0,360,4.883,700-739,71-80,44-50,AZ,Refinance,Single Family,Investment,Meridian Loan Services,2023
LN100424,2021-09-01,311900.0,360,3.918,700-739,81-90,21-30,GA,Purchase,Condo,Primary,Cornerstone Servicing,2021
LN100425,2021-07-01,106300.0,360,3.789,700-739,61-70,<=20,AZ,Refinance,Manufactured,Primary,Highland Capital Servicing,2021
LN100426,2020-03-01,218800.0,180,4.015,700-739,71-80,31-36,CA,Purchase,Single Family,Investment,Highland Capital Servicing,2020
LN100427,2022-02-01,204100.0,360,3.747,740-779,71-80,44-50,FL,Refinance,Multi-Family,Primary,Meridian Loan Services,2022
LN100428,2019-09-01,443100.0,360,4.438,620-659,71-80,31-36,CA,Purchase,Condo,Primary,Cornerstone Servicing,2019
LN100429,2023-10-01,215300.0,360,5.529,660-699,71-80,21-30,AZ,Refinance,Single Family,Second Home,Cornerstone Servicing,2023
LN100430,2023-05-01,303600.0,360,5.351,740-779,91-95,>50,WA,Purchase,Single Family,Primary,Highland Capital Servicing,2023
LN100431,2019-08-01,104500.0,180,3.199,780+,61-70,37-43,CA,Refinance,Single Family,Investment,Apex Mortgage Co,2019
LN100432,2023-01-01,197100.0,360,4.388,780+,81-90,44-50,CA,Purchase,Single Family,Second Home,Cornerstone Servicing,2023
LN100433,2019-08-01,157800.0,360,2.867,780+,<=60,37-43,FL,Purchase,Single Family,Primary,Highland Capital Servicing,2019
LN100434,2022-09-01,703600.0,360,4.412,780+,81-90,37-43,TX,Refinance,Single Family,Primary,Sunrise Servicing,2022
LN100435,2019-06-01,171100.0,360,4.376,660-699,81-90,31-36,MI,Purchase,Condo,Primary,Cornerstone Servicing,2019
LN100436,2021-07-01,238700.0,360,3.932,700-739,71-80,31-36,TX,Purchase,Single Family,Primary,Sunrise Servicing,2021
LN100437,2022-05-01,244500.0,360,4.711,660-699,81-90,37-43,PA,Cash-Out Refinance,Single Family,Primary,Highland Capital Servicing,2022
LN100438,2022-10-01,113000.0,180,5.107,700-739,91-95,37-43,IL,Cash-Out Refinance,Multi-Family,Primary,Meridian Loan Services,2022
LN100439,2021-02-01,182300.0,180,3.052,780+,81-90,>50,FL,Cash-Out Refinance,Manufactured,Investment,Cornerstone Servicing,2021
LN100440,2023-10-01,277100.0,360,5.624,660-699,71-80,37-43,CA,Purchase,Condo,Primary,Highland Capital Servicing,2023
LN100441,2022-12-01,240000.0,360,4.804,700-739,71-80,21-30,AZ,Purchase,Single Family,Second Home,Cornerstone Servicing,2022
LN100442,2020-01-01,82000.0,360,4.388,660-699,81-90,31-36,OH,Refinance,Single Family,Primary,Highland Capital Servicing,2020
LN100443,2022-06-01,178900.0,360,5.501,620-659,61-70,37-43,NY,Purchase,Single Family,Primary,Apex Mortgage Co,2022
LN100444,2022-10-01,365600.0,360,5.386,620-659,81-90,31-36,FL,Refinance,Single Family,Primary,Cornerstone Servicing,2022
LN100445,2020-09-01,301000.0,360,5.222,<620,71-80,44-50,WA,Purchase,Single Family,Primary,Meridian Loan Services,2020
LN100446,2022-10-01,399600.0,180,4.616,780+,81-90,37-43,MI,Cash-Out Refinance,Multi-Family,Primary,Apex Mortgage Co,2022
LN100447,2023-08-01,148200.0,180,5.329,700-739,<=60,<=20,PA,Refinance,Single Family,Primary,Meridian Loan Services,2023
LN100448,2023-03-01,411000.0,360,4.408,740-779,<=60,37-43,OH,Purchase,Single Family,Second Home,Sunrise Servicing,2023
LN100449,2022-12-01,226400.0,360,4.511,740-779,>95,37-43,WA,Purchase,Single Family,Primary,Cornerstone Servicing,2022
LN100450,2022-04-01,472800.0,360,5.224,620-659,91-95,44-50,FL,Purchase,Single Family,Primary,Apex Mortgage Co,2022
LN100451,2020-05-01,231300.0,360,5.201,620-659,91-95,31-36,NC,Purchase,Single Family,Second Home,Sunrise Servicing,2020
LN100452,2023-02-01,91900.0,360,4.991,740-779,>95,37-43,NY,Refinance,Condo,Primary,Cornerstone Servicing,2023
LN100453,2020-11-01,338500.0,360,4.655,660-699,71-80,31-36,OH,Purchase,Single Family,Primary,Cornerstone Servicing,2020
LN100454,2021-09-01,189200.0,360,3.885,780+,61-70,31-36,AZ,Purchase,Condo,Primary,Highland Capital Servicing,2021
LN100455,2020-08-01,195000.0,180,4.79,620-659,61-70,<=20,AZ,Purchase,Single Family,Primary,Meridian Loan Services,2020
LN100456,2020-08-01,120100.0,360,3.582,740-779,71-80,44-50,IL,Refinance,Single Family,Primary,Cornerstone Servicing,2020
LN100457,2019-10-01,479300.0,360,3.646,740-779,61-70,44-50,OH,Purchase,Manufactured,Primary,Highland Capital Servicing,2019
LN100458,2023-12-01,182700.0,360,6.474,660-699,91-95,31-36,WA,Purchase,Single Family,Primary,Meridian Loan Services,2023
LN100459,2019-10-01,469200.0,180,4.107,660-699,<=60,31-36,AZ,Cash-Out Refinance,Single Family,Primary,Meridian Loan Services,2019
LN100460,2019-06-01,190200.0,360,3.584,780+,61-70,<=20,PA,Purchase,Single Family,Primary,Cornerstone Servicing,2019
LN100461,2023-11-01,152100.0,360,5.787,660-699,61-70,37-43,CA,Purchase,Single Family,Investment,Cornerstone Servicing,2023
LN100462,2021-11-01,418200.0,360,4.049,700-739,61-70,31-36,FL,Cash-Out Refinance,Single Family,Primary,Highland Capital Servicing,2021
LN100463,2021-04-01,223500.0,360,3.955,700-739,61-70,37-43,WA,Purchase,Single Family,Primary,Sunrise Servicing,2021
LN100464,2022-10-01,224400.0,360,5.186,660-699,81-90,<=20,PA,Cash-Out Refinance,Single Family,Investment,Meridian Loan Services,2022
LN100465,2020-12-01,129700.0,360,3.877,740-779,71-80,37-43,NC,Refinance,Single Family,Primary,Meridian Loan Services,2020
LN100466,2019-08-01,188000.0,360,3.437,740-779,81-90,21-30,GA,Refinance,Single Family,Primary,Apex Mortgage Co,2019
LN100467,2022-10-01,280100.0,360,5.145,660-699,91-95,37-43,NY,Purchase,Condo,Primary,Cornerstone Servicing,2022
LN100468,2019-11-01,128700.0,360,3.544,740-779,81-90,37-43,NY,Purchase,Condo,Investment,Cornerstone Servicing,2019
LN100469,2021-11-01,181200.0,360,4.361,660-699,81-90,21-30,PA,Purchase,Single Family,Primary,Meridian Loan Services,2021
LN100470,2023-11-01,191100.0,360,6.321,<620,71-80,31-36,FL,Purchase,Single Family,Primary,Sunrise Servicing,2023
LN100471,2023-11-01,238000.0,360,5.703,700-739,61-70,44-50,GA,Purchase,Single Family,Investment,Meridian Loan Services,2023
LN100472,2020-11-01,449500.0,360,3.713,780+,71-80,37-43,NC,Refinance,Single Family,Primary,Meridian Loan Services,2020
LN100473,2023-01-01,201800.0,180,6.094,<620,>95,<=20,MI,Refinance,Single Family,Primary,Cornerstone Servicing,2023
LN100474,2022-03-01,169300.0,360,4.33,660-699,81-90,31-36,FL,Purchase,Condo,Primary,Sunrise Servicing,2022
LN100475,2021-06-01,794800.0,180,3.971,700-739,61-70,21-30,NC,Refinance,Single Family,Primary,Cornerstone Servicing,2021
LN100476,2019-09-01,190100.0,360,3.42,740-779,71-80,37-43,CA,Cash-Out Refinance,Single Family,Second Home,Highland Capital Servicing,2019
LN100477,2020-12-01,212000.0,360,4.865,620-659,91-95,37-43,CA,Refinance,Single Family,Investment,Sunrise Servicing,2020
LN100478,2022-05-01,196600.0,360,4.627,700-739,81-90,<=20,NY,Refinance,Condo,Primary,Highland Capital Servicing,2022
LN100479,2024-02-01,203900.0,360,5.567,740-779,71-80,37-43,CA,Refinance,Single Family,Primary,Apex Mortgage Co,2024
LN100480,2019-01-01,239200.0,180,4.524,660-699,91-95,37-43,AZ,Purchase,Single Family,Primary,Sunrise Servicing,2019
LN100481,2022-09-01,349500.0,360,5.592,620-659,81-90,37-43,WA,Purchase,Manufactured,Primary,Meridian Loan Services,2022
LN100482,2023-05-01,277000.0,360,5.83,620-659,81-90,<=20,CA,Cash-Out Refinance,Single Family,Investment,Meridian Loan Services,2023
LN100483,2023-11-01,375000.0,360,5.454,700-739,61-70,21-30,MI,Refinance,Single Family,Primary,Meridian Loan Services,2023
LN100484,2021-03-01,369500.0,180,4.134,700-739,<=60,31-36,IL,Refinance,Single Family,Primary,Apex Mortgage Co,2021
LN100485,2019-08-01,253700.0,360,3.8,780+,>95,21-30,NC,Cash-Out Refinance,Single Family,Second Home,Highland Capital Servicing,2019
LN100486,2020-05-01,273600.0,360,3.787,740-779,81-90,31-36,WA,Purchase,Single Family,Investment,Sunrise Servicing,2020
LN100487,2023-05-01,380400.0,180,4.874,740-779,71-80,<=20,OH,Purchase,Single Family,Primary,Sunrise Servicing,2023
LN100488,2023-07-01,140100.0,360,4.674,780+,81-90,21-30,CA,Refinance,Single Family,Primary,Highland Capital Servicing,2023
LN100489,2022-04-01,710800.0,360,3.753,700-739,<=60,37-43,CA,Purchase,Single Family,Primary,Apex Mortgage Co,2022
LN100490,2019-08-01,183400.0,360,4.227,700-739,91-95,21-30,NY,Refinance,Condo,Primary,Meridian Loan Services,2019
LN100491,2019-08-01,197200.0,360,3.04,780+,61-70,37-43,AZ,Cash-Out Refinance,Condo,Primary,Meridian Loan Services,2019
LN100492,2021-06-01,133900.0,360,4.517,660-699,81-90,<=20,OH,Refinance,Multi-Family,Second Home,Sunrise Servicing,2021
LN100493,2022-01-01,135700.0,360,3.451,740-779,71-80,37-43,FL,Purchase,Manufactured,Primary,Cornerstone Servicing,2022
LN100494,2019-03-01,358000.0,360,3.409,740-779,61-70,31-36,CA,Refinance,Condo,Primary,Cornerstone Servicing,2019
LN100495,2022-07-01,641500.0,360,4.853,620-659,<=60,44-50,WA,Purchase,Single Family,Primary,Apex Mortgage Co,2022
LN100496,2021-10-01,178900.0,360,4.357,700-739,81-90,44-50,FL,Cash-Out Refinance,Single Family,Primary,Meridian Loan Services,2021
LN100497,2019-01-01,270000.0,360,4.082,660-699,61-70,31-36,NC,Purchase,Single Family,Primary,Meridian Loan Services,2019
LN100498,2019-06-01,255000.0,360,4.188,620-659,<=60,37-43,GA,Cash-Out Refinance,Single Family,Primary,Meridian Loan Services,2019
LN100499,2021-05-01,362300.0,360,4.25,700-739,81-90,21-30,TX,Purchase,Single Family,Second Home,Cornerstone Servicing,2021
LN100500,2022-09-01,626800.0,360,4.917,660-699,71-80,37-43,CA,Purchase,Single Family,Primary,Sunrise Servicing,2022
LN100501,2023-04-01,457900.0,360,4.923,740-779,71-80,<=20,FL,Purchase,Single Family,Primary,Cornerstone Servicing,2023
LN100502,2021-03-01,207400.0,180,3.237,780+,61-70,31-36,FL,Purchase,Single Family,Primary,Meridian Loan Services,2021
LN100503,2020-07-01,293000.0,360,4.029,740-779,91-95,21-30,NC,Purchase,Condo,Primary,Meridian Loan Services,2020
LN100504,2024-01-01,306400.0,360,6.393,660-699,61-70,44-50,PA,Cash-Out Refinance,Single Family,Second Home,Cornerstone Servicing,2024
LN100505,2021-05-01,228900.0,360,4.269,660-699,61-70,31-36,TX,Cash-Out Refinance,Single Family,Primary,Cornerstone Servicing,2021
LN100506,2020-08-01,141000.0,360,4.439,660-699,71-80,37-43,IL,Purchase,Single Family,Primary,Cornerstone Servicing,2020
LN100507,2021-04-01,161200.0,360,4.293,620-659,61-70,31-36,CA,Refinance,Single Family,Primary,Meridian Loan Services,2021
LN100508,2019-01-01,387200.0,360,3.199,780+,71-80,21-30,TX,Cash-Out Refinance,Single Family,Primary,Apex Mortgage Co,2019
LN100509,2020-07-01,405600.0,360,4.059,700-739,<=60,21-30,PA,Cash-Out Refinance,Single Family,Primary,Meridian Loan Services,2020
LN100510,2021-08-01,210400.0,180,4.179,660-699,61-70,44-50,PA,Purchase,Single Family,Investment,Sunrise Servicing,2021
LN100511,2023-09-01,259800.0,360,4.928,780+,71-80,44-50,PA,Purchase,Single Family,Primary,Meridian Loan Services,2023
LN100512,2022-10-01,395800.0,360,5.019,700-739,91-95,21-30,CA,Cash-Out Refinance,Single Family,Primary,Sunrise Servicing,2022
LN100513,2023-01-01,107300.0,360,5.318,<620,<=60,37-43,IL,Purchase,Manufactured,Primary,Sunrise Servicing,2023
LN100514,2021-10-01,188900.0,360,4.759,620-659,61-70,31-36,NY,Purchase,Condo,Primary,Apex Mortgage Co,2021
LN100515,2019-07-01,572700.0,180,3.576,740-779,91-95,<=20,AZ,Refinance,Single Family,Primary,Highland Capital Servicing,2019
LN100516,2021-01-01,264300.0,180,3.861,740-779,91-95,31-36,GA,Purchase,Single Family,Investment,Meridian Loan Services,2021
LN100517,2024-02-01,138900.0,180,6.094,660-699,81-90,21-30,WA,Cash-Out Refinance,Single Family,Primary,Apex Mortgage Co,2024
LN100518,2019-03-01,243500.0,360,3.567,780+,61-70,21-30,CA,Purchase,Condo,Second Home,Highland Capital Servicing,2019
LN100519,2023-07-01,365700.0,360,4.452,780+,71-80,37-43,NY,Refinance,Single Family,Primary,Cornerstone Servicing,2023
LN100520,2022-07-01,73400.0,360,3.849,780+,61-70,21-30,PA,Cash-Out Refinance,Condo,Primary,Apex Mortgage Co,2022
LN100521,2020-06-01,250000.0,360,4.381,660-699,61-70,44-50,FL,Cash-Out Refinance,Multi-Family,Investment,Meridian Loan Services,2020
LN100522,2023-01-01,195300.0,180,5.873,<620,71-80,37-43,GA,Cash-Out Refinance,Single Family,Primary,Highland Capital Servicing,2023
LN100523,2023-04-01,110300.0,360,4.702,780+,71-80,44-50,IL,Cash-Out Refinance,Single Family,Primary,Sunrise Servicing,2023
LN100524,2019-03-01,239600.0,360,4.152,660-699,71-80,37-43,AZ,Purchase,Single Family,Investment,Sunrise Servicing,2019
LN100525,2019-07-01,217200.0,360,4.247,700-739,81-90,44-50,TX,Cash-Out Refinance,Single Family,Investment,Meridian Loan Services,2019
LN100526,2022-06-01,228500.0,360,4.366,740-779,61-70,31-36,WA,Cash-Out Refinance,Single Family,Primary,Meridian Loan Services,2022
LN100527,2024-02-01,197500.0,360,6.625,620-659,71-80,31-36,NY,Purchase,Condo,Primary,Sunrise Servicing,2024
LN100528,2019-02-01,145900.0,360,3.872,740-779,81-90,31-36,NY,Purchase,Single Family,Primary,Sunrise Servicing,2019
LN100529,2022-06-01,120000.0,180,4.071,780+,91-95,44-50,IL,Purchase,Single Family,Investment,Cornerstone Servicing,2022
LN100530,2019-09-01,169300.0,360,3.595,740-779,71-80,21-30,TX,Refinance,Single Family,Primary,Highland Capital Servicing,2019
LN100531,2022-05-01,340000.0,360,4.126,700-739,71-80,37-43,AZ,Refinance,Multi-Family,Primary,Highland Capital Servicing,2022
LN100532,2022-03-01,256500.0,360,3.468,780+,61-70,37-43,WA,Purchase,Single Family,Primary,Sunrise Servicing,2022
LN100533,2019-06-01,223900.0,180,3.825,700-739,<=60,31-36,AZ,Purchase,Single Family,Primary,Highland Capital Servicing,2019
LN100534,2022-07-01,144700.0,360,4.258,740-779,81-90,44-50,AZ,Refinance,Single Family,Primary,Meridian Loan Services,2022
LN100535,2023-08-01,195200.0,360,5.094,740-779,61-70,31-36,GA,Purchase,Single Family,Primary,Highland Capital Servicing,2023
LN100536,2023-06-01,321800.0,360,4.54,740-779,71-80,21-30,NY,Cash-Out Refinance,Multi-Family,Primary,Apex Mortgage Co,2023
LN100537,2019-02-01,289900.0,180,4.255,660-699,71-80,37-43,MI,Purchase,Manufactured,Primary,Meridian Loan Services,2019
LN100538,2020-04-01,186300.0,360,5.046,620-659,61-70,31-36,CA,Purchase,Condo,Primary,Meridian Loan Services,2020
LN100539,2020-03-01,71300.0,180,4.402,660-699,<=60,<=20,MI,Purchase,Condo,Primary,Sunrise Servicing,2020
LN100540,2021-05-01,170500.0,360,4.22,700-739,71-80,<=20,NY,Cash-Out Refinance,Single Family,Primary,Cornerstone Servicing,2021
LN100541,2019-09-01,185900.0,360,4.308,700-739,>95,21-30,GA,Cash-Out Refinance,Single Family,Primary,Apex Mortgage Co,2019
LN100542,2023-05-01,153600.0,360,5.105,700-739,81-90,37-43,FL,Purchase,Single Family,Primary,Highland Capital Servicing,2023
LN100543,2023-01-01,191800.0,360,4.491,700-739,71-80,44-50,FL,Purchase,Single Family,Primary,Cornerstone Servicing,2023
LN100544,2023-03-01,333500.0,360,4.634,740-779,<=60,31-36,CA,Purchase,Single Family,Primary,Sunrise Servicing,2023
LN100545,2020-01-01,227100.0,360,3.025,780+,81-90,21-30,NY,Purchase,Condo,Primary,Meridian Loan Services,2020
LN100546,2019-01-01,360500.0,180,4.044,660-699,<=60,31-36,NY,Refinance,Single Family,Primary,Sunrise Servicing,2019
LN100547,2023-09-01,117200.0,360,5.104,740-779,71-80,44-50,TX,Purchase,Single Family,Primary,Sunrise Servicing,2023
LN100548,2020-06-01,201300.0,360,3.821,740-779,81-90,37-43,TX,Purchase,Single Family,Primary,Cornerstone Servicing,2020
LN100549,2022-05-01,96500.0,360,4.852,700-739,71-80,21-30,OH,Purchase,Condo,Primary,Highland Capital Servicing,2022
LN100550,2023-09-01,190600.0,360,6.29,620-659,61-70,21-30,FL,Purchase,Condo,Primary,Apex Mortgage Co,2023
LN100551,2019-03-01,144300.0,180,3.68,740-779,<=60,44-50,MI,Purchase,Single Family,Primary,Meridian Loan Services,2019
LN100552,2019-01-01,411100.0,180,3.024,780+,<=60,44-50,CA,Purchase,Condo,Primary,Apex Mortgage Co,2019
LN100553,2019-01-01,277700.0,360,4.053,740-779,71-80,<=20,OH,Purchase,Condo,Primary,Apex Mortgage Co,2019
LN100554,2019-10-01,364600.0,360,3.7,780+,91-95,44-50,TX,Purchase,Single Family,Investment,Meridian Loan Services,2019
LN100555,2019-04-01,190400.0,360,3.069,780+,61-70,<=20,IL,Purchase,Condo,Primary,Sunrise Servicing,2019
LN100556,2023-03-01,146000.0,360,5.31,660-699,71-80,<=20,IL,Cash-Out Refinance,Single Family,Primary,Apex Mortgage Co,2023
LN100557,2022-02-01,143900.0,360,4.117,740-779,81-90,37-43,GA,Purchase,Single Family,Primary,Apex Mortgage Co,2022
LN100558,2024-01-01,260300.0,360,5.4,700-739,<=60,31-36,NY,Purchase,Single Family,Primary,Highland Capital Servicing,2024
LN100559,2023-02-01,521600.0,180,4.29,780+,61-70,31-36,IL,Purchase,Single Family,Primary,Meridian Loan Services,2023
LN100560,2023-12-01,278100.0,360,6.404,620-659,71-80,44-50,TX,Refinance,Single Family,Primary,Sunrise Servicing,2023
LN100561,2020-03-01,195100.0,360,3.923,700-739,81-90,44-50,NY,Cash-Out Refinance,Single Family,Primary,Cornerstone Servicing,2020
LN100562,2020-06-01,212200.0,360,3.476,780+,71-80,<=20,FL,Refinance,Single Family,Investment,Apex Mortgage Co,2020
LN100563,2023-05-01,227700.0,360,5.273,660-699,81-90,37-43,GA,Refinance,Single Family,Primary,Highland Capital Servicing,2023
LN100564,2020-04-01,574900.0,180,4.161,740-779,91-95,37-43,NY,Cash-Out Refinance,Single Family,Primary,Sunrise Servicing,2020
LN100565,2019-04-01,402400.0,360,3.835,700-739,81-90,31-36,PA,Purchase,Single Family,Primary,Sunrise Servicing,2019
LN100566,2022-06-01,259600.0,360,4.178,780+,>95,>50,NY,Cash-Out Refinance,Single Family,Investment,Sunrise Servicing,2022
LN100567,2023-02-01,242700.0,360,4.144,780+,81-90,37-43,TX,Refinance,Single Family,Primary,Highland Capital Servicing,2023
LN100568,2024-01-01,264300.0,360,5.913,660-699,91-95,21-30,TX,Purchase,Condo,Primary,Meridian Loan Services,2024
LN100569,2023-10-01,288500.0,360,5.112,740-779,91-95,21-30,CA,Purchase,Multi-Family,Primary,Highland Capital Servicing,2023
LN100570,2019-08-01,191800.0,360,4.301,660-699,81-90,44-50,IL,Purchase,Single Family,Primary,Cornerstone Servicing,2019
LN100571,2022-12-01,158000.0,360,4.944,700-739,81-90,>50,MI,Purchase,Condo,Primary,Highland Capital Servicing,2022
LN100572,2023-05-01,367500.0,360,5.031,740-779,91-95,<=20,PA,Cash-Out Refinance,Single Family,Primary,Cornerstone Servicing,2023
LN100573,2022-08-01,233300.0,360,3.902,740-779,71-80,21-30,NY,Purchase,Manufactured,Primary,Cornerstone Servicing,2022
LN100574,2023-03-01,354000.0,180,5.949,<620,81-90,37-43,TX,Refinance,Single Family,Primary,Highland Capital Servicing,2023
LN100575,2023-04-01,484500.0,360,5.215,660-699,71-80,<=20,MI,Cash-Out Refinance,Single Family,Primary,Cornerstone Servicing,2023
LN100576,2021-04-01,291900.0,180,4.072,740-779,91-95,<=20,CA,Purchase,Single Family,Primary,Highland Capital Servicing,2021
LN100577,2019-03-01,271400.0,360,3.88,700-739,71-80,44-50,FL,Purchase,Single Family,Primary,Meridian Loan Services,2019
LN100578,2021-05-01,900000.0,360,4.161,700-739,81-90,44-50,MI,Refinance,Single Family,Second Home,Sunrise Servicing,2021
LN100579,2020-01-01,253500.0,360,4.866,<620,81-90,44-50,FL,Cash-Out Refinance,Single Family,Investment,Meridian Loan Services,2020
LN100580,2019-08-01,141400.0,180,4.864,660-699,>95,37-43,CA,Purchase,Single Family,Primary,Apex Mortgage Co,2019
LN100581,2019-08-01,203500.0,180,3.042,780+,61-70,31-36,TX,Purchase,Condo,Primary,Meridian Loan Services,2019
LN100582,2022-08-01,464300.0,360,5.456,<620,81-90,44-50,OH,Refinance,Condo,Primary,Sunrise Servicing,2022
LN100583,2021-08-01,129000.0,180,4.127,700-739,81-90,21-30,CA,Cash-Out Refinance,Single Family,Investment,Apex Mortgage Co,2021
LN100584,2021-10-01,164600.0,360,3.546,780+,91-95,21-30,GA,Purchase,Condo,Primary,Apex Mortgage Co,2021
LN100585,2022-11-01,380000.0,180,5.74,<620,91-95,44-50,NY,Purchase,Single Family,Primary,Cornerstone Servicing,2022
LN100586,2021-10-01,204400.0,360,3.374,740-779,71-80,37-43,FL,Cash-Out Refinance,Manufactured,Primary,Cornerstone Servicing,2021
LN100587,2022-04-01,219800.0,360,4.477,660-699,71-80,44-50,TX,Purchase,Single Family,Primary,Highland Capital Servicing,2022
LN100588,2019-06-01,374400.0,360,3.091,780+,61-70,21-30,MI,Purchase,Condo,Second Home,Cornerstone Servicing,2019
LN100589,2023-05-01,167300.0,360,5.374,740-779,>95,>50,FL,Refinance,Multi-Family,Second Home,Meridian Loan Services,2023
LN100590,2021-04-01,119300.0,360,3.878,780+,61-70,37-43,NC,Purchase,Condo,Primary,Cornerstone Servicing,2021
LN100591,2019-10-01,123600.0,360,4.386,660-699,81-90,37-43,NY,Purchase,Condo,Primary,Cornerstone Servicing,2019
LN100592,2023-03-01,300100.0,360,4.802,700-739,81-90,44-50,CA,Refinance,Single Family,Investment,Sunrise Servicing,2023
LN100593,2022-10-01,259500.0,360,4.621,740-779,71-80,31-36,NY,Refinance,Condo,Primary,Highland Capital Servicing,2022
LN100594,2019-04-01,169100.0,180,3.961,660-699,61-70,37-43,IL,Purchase,Single Family,Primary,Apex Mortgage Co,2019
LN100595,2019-12-01,137100.0,360,4.158,660-699,61-70,37-43,NY,Purchase,Single Family,Primary,Meridian Loan Services,2019
LN100596,2019-01-01,204500.0,360,4.903,<620,91-95,44-50,PA,Refinance,Manufactured,Primary,Apex Mortgage Co,2019
LN100597,2020-05-01,381700.0,360,3.412,780+,71-80,44-50,WA,Refinance,Single Family,Primary,Cornerstone Servicing,2020
LN100598,2019-07-01,158600.0,180,3.434,740-779,<=60,37-43,PA,Cash-Out Refinance,Single Family,Primary,Cornerstone Servicing,2019
LN100599,2022-08-01,171400.0,180,4.074,740-779,81-90,<=20,OH,Refinance,Multi-Family,Investment,Meridian Loan Services,2022
LN100600,2021-09-01,135200.0,180,3.526,740-779,61-70,21-30,IL,Refinance,Single Family,Second Home,Apex Mortgage Co,2021
LN100601,2024-01-01,195800.0,360,6.043,700-739,91-95,>50,GA,Cash-Out Refinance,Single Family,Primary,Apex Mortgage Co,2024
LN100602,2022-11-01,268900.0,360,4.826,700-739,71-80,>50,TX,Cash-Out Refinance,Single Family,Primary,Highland Capital Servicing,2022
LN100603,2022-02-01,598300.0,360,4.09,700-739,61-70,>50,PA,Purchase,Condo,Primary,Apex Mortgage Co,2022
LN100604,2021-08-01,254700.0,360,3.119,740-779,<=60,<=20,MI,Cash-Out Refinance,Condo,Primary,Meridian Loan Services,2021
LN100605,2019-04-01,225400.0,180,4.427,660-699,71-80,31-36,TX,Cash-Out Refinance,Single Family,Primary,Cornerstone Servicing,2019
LN100606,2019-05-01,340600.0,360,3.199,780+,71-80,37-43,WA,Purchase,Single Family,Investment,Meridian Loan Services,2019
LN100607,2022-03-01,315900.0,360,4.208,740-779,81-90,37-43,MI,Purchase,Single Family,Primary,Meridian Loan Services,2022
LN100608,2019-01-01,178100.0,360,4.3,660-699,71-80,<=20,NY,Refinance,Single Family,Primary,Meridian Loan Services,2019
LN100609,2019-03-01,650800.0,360,3.821,700-739,71-80,37-43,WA,Purchase,Single Family,Second Home,Meridian Loan Services,2019
LN100610,2020-02-01,228400.0,360,4.235,620-659,61-70,21-30,CA,Refinance,Manufactured,Investment,Apex Mortgage Co,2020
LN100611,2023-07-01,256900.0,180,5.008,780+,61-70,31-36,CA,Purchase,Single Family,Primary,Highland Capital Servicing,2023
LN100612,2021-05-01,296000.0,360,3.818,780+,91-95,21-30,FL,Purchase,Single Family,Primary,Sunrise Servicing,2021
LN100613,2022-08-01,269900.0,360,4.049,780+,61-70,<=20,IL,Purchase,Single Family,Primary,Cornerstone Servicing,2022
LN100614,2021-02-01,458800.0,360,5.067,660-699,>95,<=20,FL,Cash-Out Refinance,Single Family,Primary,Meridian Loan Services,2021
LN100615,2019-11-01,177100.0,180,4.656,620-659,71-80,44-50,AZ,Purchase,Single Family,Primary,Sunrise Servicing,2019
LN100616,2020-12-01,328600.0,360,4.545,660-699,<=60,37-43,TX,Refinance,Single Family,Primary,Highland Capital Servicing,2020
LN100617,2019-06-01,248700.0,360,4.387,620-659,61-70,>50,TX,Purchase,Single Family,Primary,Meridian Loan Services,2019
LN100618,2022-12-01,359400.0,360,5.416,620-659,<=60,31-36,GA,Purchase,Multi-Family,Primary,Highland Capital Servicing,2022
LN100619,2019-12-01,209700.0,360,4.901,<620,81-90,31-36,CA,Purchase,Single Family,Primary,Cornerstone Servicing,2019
LN100620,2020-12-01,197300.0,360,3.433,780+,71-80,31-36,NC,Purchase,Single Family,Primary,Highland Capital Servicing,2020
LN100621,2024-01-01,321100.0,360,6.599,<620,71-80,37-43,FL,Refinance,Condo,Primary,Highland Capital Servicing,2024
LN100622,2022-01-01,271300.0,180,4.484,620-659,81-90,31-36,AZ,Refinance,Single Family,Primary,Apex Mortgage Co,2022
LN100623,2021-05-01,159700.0,360,3.943,740-779,81-90,37-43,GA,Purchase,Single Family,Primary,Meridian Loan Services,2021
LN100624,2021-10-01,423200.0,360,4.134,700-739,91-95,44-50,CA,Purchase,Single Family,Investment,Highland Capital Servicing,2021
LN100625,2023-01-01,321100.0,360,4.384,740-779,>95,44-50,CA,Refinance,Single Family,Primary,Meridian Loan Services,2023
LN100626,2020-04-01,223400.0,360,3.816,740-779,81-90,21-30,CA,Refinance,Single Family,Primary,Cornerstone Servicing,2020
LN100627,2022-04-01,187100.0,360,3.726,780+,81-90,31-36,AZ,Purchase,Single Family,Primary,Apex Mortgage Co,2022
LN100628,2023-07-01,272100.0,360,5.204,740-779,81-90,21-30,GA,Refinance,Single Family,Investment,Apex Mortgage Co,2023
LN100629,2021-12-01,310900.0,360,4.081,700-739,71-80,<=20,NY,Purchase,Single Family,Primary,Highland Capital Servicing,2021
LN100630,2021-04-01,112700.0,360,4.175,740-779,81-90,37-43,TX,Purchase,Single Family,Primary,Sunrise Servicing,2021
LN100631,2019-10-01,273500.0,360,3.96,700-739,<=60,31-36,MI,Refinance,Single Family,Second Home,Apex Mortgage Co,2019
LN100632,2020-04-01,309800.0,180,4.396,660-699,81-90,37-43,TX,Refinance,Single Family,Primary,Highland Capital Servicing,2020
LN100633,2023-11-01,80100.0,360,5.809,700-739,>95,<=20,NC,Cash-Out Refinance,Multi-Family,Primary,Highland Capital Servicing,2023
LN100634,2021-10-01,252300.0,180,4.407,620-659,<=60,>50,PA,Purchase,Single Family,Primary,Meridian Loan Services,2021
LN100635,2020-07-01,315700.0,360,4.084,740-779,91-95,>50,FL,Purchase,Single Family,Investment,Sunrise Servicing,2020
LN100636,2021-02-01,300000.0,180,4.635,660-699,91-95,31-36,IL,Refinance,Single Family,Primary,Sunrise Servicing,2021
LN100637,2021-12-01,331400.0,360,4.418,620-659,61-70,44-50,TX,Purchase,Condo,Primary,Cornerstone Servicing,2021
LN100638,2021-10-01,199300.0,360,4.338,660-699,71-80,21-30,FL,Purchase,Single Family,Second Home,Meridian Loan Services,2021
LN100639,2022-08-01,144600.0,360,4.209,780+,91-95,37-43,AZ,Refinance,Single Family,Primary,Sunrise Servicing,2022
LN100640,2020-04-01,102800.0,360,4.466,660-699,>95,44-50,GA,Purchase,Single Family,Primary,Apex Mortgage Co,2020
LN100641,2022-05-01,377600.0,180,4.101,740-779,61-70,44-50,MI,Purchase,Single Family,Primary,Cornerstone Servicing,2022
LN100642,2021-04-01,316900.0,360,3.19,780+,71-80,44-50,IL,Purchase,Condo,Primary,Meridian Loan Services,2021
LN100643,2023-11-01,390700.0,360,6.781,<620,81-90,31-36,TX,Cash-Out Refinance,Single Family,Primary,Sunrise Servicing,2023
LN100644,2019-10-01,166700.0,360,3.742,740-779,61-70,44-50,NC,Purchase,Condo,Primary,Sunrise Servicing,2019
LN100645,2019-10-01,331600.0,360,4.642,660-699,71-80,37-43,IL,Purchase,Single Family,Second Home,Sunrise Servicing,2019
LN100646,2021-05-01,117500.0,360,4.014,660-699,<=60,21-30,TX,Purchase,Single Family,Primary,Meridian Loan Services,2021
LN100647,2021-08-01,156200.0,180,3.872,740-779,61-70,21-30,NY,Purchase,Single Family,Primary,Sunrise Servicing,2021
LN100648,2022-07-01,244400.0,360,4.087,780+,71-80,37-43,GA,Purchase,Single Family,Primary,Highland Capital Servicing,2022
LN100649,2021-02-01,311300.0,360,4.507,660-699,81-90,37-43,NC,Refinance,Condo,Primary,Meridian Loan Services,2021
LN100650,2023-09-01,491700.0,360,5.41,700-739,81-90,31-36,TX,Purchase,Single Family,Primary,Apex Mortgage Co,2023
LN100651,2021-06-01,207300.0,360,4.234,660-699,81-90,44-50,MI,Purchase,Single Family,Primary,Apex Mortgage Co,2021
LN100652,2019-09-01,156400.0,360,3.721,700-739,71-80,37-43,FL,Purchase,Single Family,Primary,Highland Capital Servicing,2019
LN100653,2019-08-01,152900.0,360,3.449,740-779,61-70,31-36,TX,Purchase,Single Family,Primary,Highland Capital Servicing,2019
LN100654,2024-01-01,169500.0,360,5.268,700-739,<=60,31-36,TX,Purchase,Condo,Primary,Apex Mortgage Co,2024
LN100655,2019-09-01,627500.0,360,3.929,740-779,61-70,37-43,PA,Refinance,Single Family,Primary,Cornerstone Servicing,2019
LN100656,2023-11-01,324700.0,360,5.88,620-659,71-80,37-43,FL,Refinance,Condo,Primary,Sunrise Servicing,2023
LN100657,2020-06-01,381000.0,360,3.78,740-779,61-70,37-43,NY,Refinance,Condo,Primary,Apex Mortgage Co,2020
LN100658,2019-06-01,207400.0,360,3.59,740-779,<=60,31-36,TX,Purchase,Single Family,Primary,Meridian Loan Services,2019
LN100659,2020-07-01,230800.0,180,3.818,740-779,61-70,37-43,GA,Cash-Out Refinance,Single Family,Primary,Apex Mortgage Co,2020
LN100660,2022-03-01,316400.0,360,5.273,<620,81-90,37-43,PA,Refinance,Single Family,Primary,Sunrise Servicing,2022
LN100661,2021-03-01,183900.0,360,4.389,700-739,81-90,44-50,FL,Purchase,Single Family,Primary,Meridian Loan Services,2021
LN100662,2023-01-01,202600.0,360,4.913,700-739,91-95,<=20,AZ,Purchase,Single Family,Primary,Cornerstone Servicing,2023
LN100663,2022-02-01,170500.0,180,4.842,620-659,81-90,37-43,CA,Refinance,Condo,Investment,Cornerstone Servicing,2022
LN100664,2021-01-01,188800.0,180,4.396,660-699,71-80,31-36,CA,Purchase,Manufactured,Primary,Apex Mortgage Co,2021
LN100665,2022-04-01,236100.0,360,4.495,700-739,61-70,<=20,OH,Purchase,Single Family,Primary,Sunrise Servicing,2022
LN100666,2024-01-01,159600.0,180,5.799,740-779,71-80,37-43,NC,Refinance,Multi-Family,Primary,Highland Capital Servicing,2024
LN100667,2021-02-01,262700.0,180,4.064,660-699,<=60,37-43,TX,Purchase,Manufactured,Primary,Meridian Loan Services,2021
LN100668,2019-10-01,262500.0,360,3.31,740-779,71-80,31-36,IL,Cash-Out Refinance,Single Family,Primary,Meridian Loan Services,2019
LN100669,2021-02-01,213100.0,180,4.277,700-739,71-80,44-50,FL,Purchase,Condo,Investment,Sunrise Servicing,2021
LN100670,2023-05-01,159200.0,360,5.013,740-779,71-80,21-30,IL,Purchase,Single Family,Primary,Meridian Loan Services,2023
LN100671,2020-02-01,242100.0,360,4.362,700-739,61-70,21-30,GA,Purchase,Single Family,Second Home,Meridian Loan Services,2020
LN100672,2023-11-01,184000.0,180,5.808,700-739,81-90,31-36,AZ,Purchase,Single Family,Primary,Sunrise Servicing,2023
LN100673,2022-01-01,235900.0,360,4.497,700-739,91-95,31-36,NY,Cash-Out Refinance,Single Family,Second Home,Apex Mortgage Co,2022
LN100674,2022-02-01,378600.0,180,3.957,780+,81-90,37-43,GA,Cash-Out Refinance,Condo,Investment,Cornerstone Servicing,2022
LN100675,2020-08-01,131400.0,180,4.475,700-739,81-90,44-50,OH,Cash-Out Refinance,Single Family,Investment,Sunrise Servicing,2020
LN100676,2023-10-01,614200.0,360,5.665,700-739,71-80,37-43,FL,Purchase,Condo,Primary,Sunrise Servicing,2023
LN100677,2019-03-01,223500.0,360,3.517,700-739,<=60,21-30,TX,Purchase,Single Family,Second Home,Sunrise Servicing,2019
LN100678,2020-07-01,278000.0,360,3.905,740-779,81-90,31-36,AZ,Purchase,Condo,Primary,Apex Mortgage Co,2020
LN100679,2021-02-01,164600.0,360,5.123,<620,71-80,21-30,TX,Purchase,Single Family,Primary,Cornerstone Servicing,2021
LN100680,2021-06-01,386200.0,360,3.971,700-739,61-70,37-43,PA,Cash-Out Refinance,Single Family,Primary,Meridian Loan Services,2021
LN100681,2021-06-01,218300.0,360,4.063,700-739,71-80,21-30,CA,Purchase,Single Family,Primary,Sunrise Servicing,2021
LN100682,2019-10-01,193400.0,360,3.89,780+,91-95,31-36,PA,Purchase,Single Family,Primary,Sunrise Servicing,2019
LN100683,2020-03-01,178300.0,360,3.992,700-739,81-90,44-50,TX,Purchase,Single Family,Primary,Highland Capital Servicing,2020
LN100684,2019-06-01,204700.0,360,4.123,700-739,71-80,37-43,AZ,Refinance,Single Family,Primary,Meridian Loan Services,2019
LN100685,2021-12-01,278800.0,180,3.567,780+,81-90,21-30,GA,Purchase,Single Family,Primary,Meridian Loan Services,2021
LN100686,2020-10-01,249600.0,360,3.933,700-739,71-80,31-36,CA,Refinance,Single Family,Primary,Meridian Loan Services,2020
LN100687,2021-12-01,226900.0,360,4.408,620-659,71-80,37-43,GA,Refinance,Single Family,Second Home,Cornerstone Servicing,2021
LN100688,2022-01-01,167700.0,180,3.938,660-699,61-70,31-36,OH,Cash-Out Refinance,Single Family,Primary,Meridian Loan Services,2022
LN100689,2022-08-01,163400.0,360,5.253,620-659,71-80,<=20,FL,Purchase,Multi-Family,Second Home,Highland Capital Servicing,2022
LN100690,2021-10-01,187700.0,360,5.004,<620,81-90,44-50,TX,Purchase,Single Family,Second Home,Highland Capital Servicing,2021
LN100691,2022-05-01,284100.0,180,4.093,700-739,<=60,31-36,NC,Purchase,Multi-Family,Primary,Sunrise Servicing,2022
LN100692,2022-01-01,311100.0,360,3.463,740-779,81-90,31-36,NC,Cash-Out Refinance,Single Family,Primary,Meridian Loan Services,2022
LN100693,2022-05-01,330600.0,360,4.124,740-779,61-70,21-30,FL,Cash-Out Refinance,Single Family,Primary,Cornerstone Servicing,2022
LN100694,2022-03-01,230800.0,360,5.149,<620,81-90,31-36,MI,Refinance,Multi-Family,Primary,Cornerstone Servicing,2022
LN100695,2020-08-01,274500.0,360,4.039,700-739,81-90,31-36,TX,Purchase,Condo,Primary,Apex Mortgage Co,2020
LN100696,2020-04-01,214100.0,360,4.614,620-659,81-90,21-30,CA,Purchase,Single Family,Primary,Sunrise Servicing,2020
LN100697,2023-01-01,105400.0,360,4.274,780+,81-90,37-43,OH,Refinance,Single Family,Primary,Meridian Loan Services,2023
LN100698,2020-10-01,209600.0,360,5.038,620-659,>95,31-36,CA,Purchase,Single Family,Primary,Cornerstone Servicing,2020
LN100699,2021-11-01,195100.0,360,3.696,740-779,71-80,44-50,TX,Refinance,Single Family,Primary,Highland Capital Servicing,2021
LN100700,2020-01-01,144700.0,360,4.177,660-699,81-90,>50,IL,Cash-Out Refinance,Condo,Primary,Sunrise Servicing,2020
LN100701,2021-03-01,178900.0,360,3.888,740-779,81-90,21-30,TX,Purchase,Single Family,Primary,Highland Capital Servicing,2021
LN100702,2021-09-01,245400.0,360,4.176,700-739,61-70,21-30,TX,Purchase,Single Family,Investment,Sunrise Servicing,2021
LN100703,2022-03-01,138700.0,360,3.832,740-779,61-70,44-50,NC,Purchase,Single Family,Primary,Meridian Loan Services,2022
LN100704,2021-09-01,167700.0,180,4.36,660-699,71-80,>50,IL,Purchase,Single Family,Primary,Apex Mortgage Co,2021
LN100705,2020-11-01,463500.0,180,3.363,780+,61-70,44-50,MI,Refinance,Single Family,Primary,Meridian Loan Services,2020
LN100706,2023-12-01,112300.0,180,5.562,700-739,71-80,<=20,OH,Purchase,Single Family,Primary,Highland Capital Servicing,2023
LN100707,2021-08-01,212700.0,360,3.541,740-779,71-80,21-30,NY,Purchase,Multi-Family,Primary,Sunrise Servicing,2021
LN100708,2023-03-01,136600.0,180,4.151,780+,81-90,<=20,TX,Purchase,Single Family,Primary,Cornerstone Servicing,2023
LN100709,2022-10-01,164700.0,360,4.33,780+,61-70,44-50,PA,Purchase,Single Family,Primary,Apex Mortgage Co,2022
LN100710,2021-11-01,211300.0,360,4.535,660-699,81-90,37-43,TX,Refinance,Single Family,Investment,Meridian Loan Services,2021
LN100711,2023-07-01,148100.0,360,5.57,660-699,71-80,31-36,TX,Refinance,Single Family,Primary,Cornerstone Servicing,2023
LN100712,2019-08-01,299000.0,360,4.418,660-699,81-90,31-36,MI,Purchase,Single Family,Primary,Apex Mortgage Co,2019
LN100713,2023-10-01,424200.0,180,5.697,660-699,<=60,21-30,NC,Purchase,Single Family,Second Home,Apex Mortgage Co,2023
LN100714,2023-05-01,337300.0,360,4.952,700-739,71-80,37-43,OH,Purchase,Manufactured,Primary,Sunrise Servicing,2023
LN100715,2021-08-01,366300.0,360,3.2,780+,<=60,<=20,CA,Purchase,Manufactured,Second Home,Cornerstone Servicing,2021
LN100716,2022-10-01,124100.0,180,4.159,780+,81-90,37-43,CA,Purchase,Condo,Primary,Cornerstone Servicing,2022
LN100717,2021-09-01,207000.0,360,4.549,700-739,71-80,37-43,NY,Cash-Out Refinance,Condo,Primary,Sunrise Servicing,2021
LN100718,2020-05-01,285000.0,360,4.256,740-779,>95,37-43,NC,Purchase,Single Family,Primary,Cornerstone Servicing,2020
LN100719,2023-02-01,341800.0,180,4.375,780+,71-80,31-36,NY,Purchase,Single Family,Primary,Highland Capital Servicing,2023
LN100720,2020-04-01,508400.0,360,3.8,780+,71-80,44-50,CA,Purchase,Single Family,Primary,Apex Mortgage Co,2020
LN100721,2020-08-01,373600.0,180,4.57,660-699,61-70,37-43,TX,Refinance,Condo,Second Home,Cornerstone Servicing,2020
LN100722,2021-09-01,345700.0,180,3.851,700-739,81-90,21-30,OH,Purchase,Single Family,Primary,Apex Mortgage Co,2021
LN100723,2023-04-01,755500.0,180,4.721,740-779,71-80,21-30,GA,Cash-Out Refinance,Single Family,Investment,Highland Capital Servicing,2023
LN100724,2020-12-01,241200.0,360,4.431,660-699,71-80,37-43,CA,Purchase,Single Family,Primary,Sunrise Servicing,2020
LN100725,2021-07-01,202800.0,360,4.063,700-739,61-70,21-30,CA,Cash-Out Refinance,Single Family,Primary,Sunrise Servicing,2021
LN100726,2019-03-01,250100.0,360,3.128,780+,<=60,21-30,TX,Refinance,Condo,Investment,Apex Mortgage Co,2019
LN100727,2019-08-01,153000.0,360,3.199,780+,<=60,21-30,CA,Purchase,Single Family,Investment,Meridian Loan Services,2019
LN100728,2019-04-01,238100.0,360,3.485,780+,>95,21-30,IL,Purchase,Single Family,Primary,Cornerstone Servicing,2019
LN100729,2019-05-01,106200.0,360,3.846,740-779,71-80,31-36,CA,Purchase,Single Family,Primary,Sunrise Servicing,2019
LN100730,2023-06-01,182000.0,360,4.982,660-699,<=60,37-43,GA,Cash-Out Refinance,Condo,Primary,Highland Capital Servicing,2023
LN100731,2023-05-01,219300.0,360,5.553,660-699,>95,21-30,PA,Cash-Out Refinance,Single Family,Primary,Highland Capital Servicing,2023
LN100732,2023-03-01,354100.0,360,4.474,700-739,<=60,37-43,AZ,Purchase,Single Family,Second Home,Cornerstone Servicing,2023
LN100733,2019-04-01,380800.0,360,3.731,700-739,71-80,21-30,AZ,Purchase,Single Family,Primary,Cornerstone Servicing,2019
LN100734,2019-05-01,149700.0,180,4.08,700-739,81-90,21-30,TX,Purchase,Single Family,Primary,Cornerstone Servicing,2019
LN100735,2020-06-01,587800.0,360,4.057,740-779,91-95,21-30,CA,Purchase,Condo,Primary,Meridian Loan Services,2020
LN100736,2021-12-01,246900.0,360,4.041,700-739,81-90,44-50,FL,Refinance,Single Family,Primary,Highland Capital Servicing,2021
LN100737,2020-09-01,257300.0,360,4.049,740-779,71-80,>50,NC,Purchase,Multi-Family,Primary,Sunrise Servicing,2020
LN100738,2021-07-01,111500.0,360,4.831,660-699,>95,31-36,CA,Purchase,Single Family,Primary,Apex Mortgage Co,2021
LN100739,2019-11-01,174700.0,180,4.137,660-699,<=60,<=20,FL,Cash-Out Refinance,Single Family,Primary,Meridian Loan Services,2019
LN100740,2022-10-01,370400.0,360,5.664,620-659,>95,21-30,FL,Refinance,Manufactured,Investment,Meridian Loan Services,2022
LN100741,2020-08-01,249300.0,360,4.772,620-659,91-95,21-30,TX,Refinance,Single Family,Investment,Apex Mortgage Co,2020
LN100742,2019-05-01,242400.0,360,3.622,780+,91-95,44-50,NC,Purchase,Condo,Primary,Sunrise Servicing,2019
LN100743,2022-11-01,255800.0,360,4.514,700-739,61-70,<=20,GA,Cash-Out Refinance,Single Family,Primary,Apex Mortgage Co,2022
LN100744,2023-08-01,120600.0,360,5.934,660-699,61-70,>50,IL,Refinance,Single Family,Investment,Apex Mortgage Co,2023
LN100745,2019-01-01,221100.0,180,3.977,740-779,81-90,37-43,WA,Purchase,Single Family,Investment,Meridian Loan Services,2019
LN100746,2021-04-01,435300.0,360,3.866,700-739,71-80,31-36,CA,Purchase,Single Family,Investment,Apex Mortgage Co,2021
LN100747,2023-04-01,376600.0,360,5.807,<620,71-80,44-50,CA,Cash-Out Refinance,Condo,Primary,Highland Capital Servicing,2023
LN100748,2022-08-01,218300.0,360,5.101,660-699,91-95,<=20,FL,Purchase,Single Family,Primary,Highland Capital Servicing,2022
LN100749,2023-06-01,466800.0,360,5.743,620-659,81-90,37-43,GA,Cash-Out Refinance,Single Family,Primary,Sunrise Servicing,2023
LN100750,2021-02-01,131100.0,360,3.972,740-779,71-80,21-30,OH,Refinance,Single Family,Primary,Apex Mortgage Co,2021
LN100751,2020-12-01,149200.0,180,4.362,660-699,71-80,44-50,CA,Refinance,Single Family,Primary,Highland Capital Servicing,2020
LN100752,2022-08-01,534300.0,360,5.681,<620,61-70,31-36,AZ,Refinance,Single Family,Primary,Highland Capital Servicing,2022
LN100753,2019-10-01,299600.0,360,4.838,<620,61-70,<=20,FL,Cash-Out Refinance,Manufactured,Primary,Apex Mortgage Co,2019
LN100754,2020-03-01,202800.0,360,4.467,700-739,61-70,44-50,FL,Purchase,Single Family,Primary,Sunrise Servicing,2020
LN100755,2022-02-01,225300.0,180,5.245,<620,81-90,<=20,OH,Purchase,Single Family,Primary,Sunrise Servicing,2022
LN100756,2022-06-01,160700.0,360,3.69,780+,81-90,21-30,AZ,Refinance,Single Family,Primary,Meridian Loan Services,2022
LN100757,2019-08-01,261600.0,360,4.996,620-659,71-80,44-50,GA,Purchase,Single Family,Primary,Highland Capital Servicing,2019
LN100758,2021-08-01,252400.0,180,4.245,700-739,71-80,31-36,AZ,Refinance,Single Family,Primary,Highland Capital Servicing,2021
LN100759,2020-11-01,233000.0,180,4.264,700-739,81-90,44-50,TX,Refinance,Condo,Investment,Highland Capital Servicing,2020
LN100760,2021-08-01,137100.0,360,4.235,700-739,81-90,37-43,OH,Purchase,Single Family,Primary,Meridian Loan Services,2021
LN100761,2023-12-01,260200.0,180,6.563,<620,91-95,37-43,MI,Refinance,Condo,Primary,Apex Mortgage Co,2023
LN100762,2019-05-01,182000.0,360,3.276,740-779,71-80,21-30,IL,Purchase,Single Family,Primary,Sunrise Servicing,2019
LN100763,2024-02-01,148200.0,360,5.14,780+,81-90,21-30,FL,Cash-Out Refinance,Single Family,Primary,Highland Capital Servicing,2024
LN100764,2021-04-01,408400.0,360,5.281,<620,71-80,>50,AZ,Purchase,Multi-Family,Primary,Meridian Loan Services,2021
LN100765,2022-12-01,613200.0,360,5.507,620-659,71-80,21-30,CA,Refinance,Condo,Primary,Apex Mortgage Co,2022
LN100766,2021-03-01,553600.0,360,4.021,780+,91-95,31-36,NY,Cash-Out Refinance,Multi-Family,Investment,Apex Mortgage Co,2021
LN100767,2020-08-01,309500.0,180,4.366,700-739,71-80,21-30,MI,Purchase,Single Family,Primary,Meridian Loan Services,2020
LN100768,2022-12-01,204900.0,360,5.432,620-659,71-80,21-30,WA,Purchase,Manufactured,Investment,Sunrise Servicing,2022
LN100769,2022-07-01,223800.0,180,5.037,660-699,71-80,37-43,AZ,Purchase,Condo,Primary,Cornerstone Servicing,2022
LN100770,2019-09-01,277200.0,180,3.994,740-779,71-80,44-50,WA,Refinance,Condo,Primary,Sunrise Servicing,2019
LN100771,2022-08-01,191200.0,180,4.24,740-779,71-80,37-43,CA,Purchase,Single Family,Primary,Cornerstone Servicing,2022
LN100772,2022-11-01,418100.0,360,4.87,700-739,81-90,44-50,WA,Purchase,Manufactured,Primary,Sunrise Servicing,2022
LN100773,2021-01-01,92400.0,180,3.583,780+,71-80,21-30,NY,Cash-Out Refinance,Single Family,Investment,Sunrise Servicing,2021
LN100774,2023-10-01,202200.0,180,4.926,700-739,61-70,31-36,GA,Purchase,Condo,Primary,Cornerstone Servicing,2023
LN100775,2022-04-01,331200.0,360,4.831,660-699,91-95,<=20,FL,Purchase,Condo,Primary,Cornerstone Servicing,2022
LN100776,2020-09-01,157900.0,180,4.268,700-739,71-80,37-43,PA,Refinance,Condo,Primary,Cornerstone Servicing,2020
LN100777,2019-01-01,207300.0,360,4.458,660-699,91-95,21-30,OH,Purchase,Condo,Investment,Highland Capital Servicing,2019
LN100778,2022-06-01,301700.0,360,4.768,660-699,61-70,37-43,MI,Purchase,Single Family,Primary,Apex Mortgage Co,2022
LN100779,2020-01-01,457400.0,360,4.926,<620,71-80,21-30,TX,Cash-Out Refinance,Single Family,Primary,Sunrise Servicing,2020
LN100780,2022-11-01,129000.0,180,4.733,660-699,71-80,44-50,TX,Refinance,Single Family,Primary,Apex Mortgage Co,2022
LN100781,2021-09-01,124800.0,180,4.239,740-779,91-95,44-50,NY,Purchase,Condo,Primary,Apex Mortgage Co,2021
LN100782,2021-05-01,150900.0,360,4.843,<620,61-70,44-50,CA,Refinance,Condo,Primary,Highland Capital Servicing,2021
LN100783,2019-11-01,115600.0,360,4.047,700-739,91-95,<=20,GA,Purchase,Condo,Primary,Sunrise Servicing,2019
LN100784,2022-09-01,119400.0,180,4.632,740-779,71-80,>50,FL,Purchase,Condo,Second Home,Sunrise Servicing,2022
LN100785,2019-11-01,149100.0,360,4.286,700-739,81-90,21-30,IL,Refinance,Single Family,Primary,Apex Mortgage Co,2019
LN100786,2021-02-01,402300.0,360,3.918,740-779,71-80,21-30,CA,Purchase,Single Family,Primary,Cornerstone Servicing,2021
LN100787,2023-04-01,200700.0,180,4.759,740-779,<=60,21-30,TX,Purchase,Single Family,Primary,Cornerstone Servicing,2023
LN100788,2023-10-01,234200.0,360,4.958,740-779,71-80,21-30,OH,Cash-Out Refinance,Multi-Family,Primary,Apex Mortgage Co,2023
LN100789,2024-02-01,150200.0,360,6.172,620-659,61-70,31-36,FL,Purchase,Single Family,Primary,Meridian Loan Services,2024
LN100790,2023-12-01,307200.0,360,5.999,700-739,71-80,21-30,TX,Purchase,Multi-Family,Second Home,Apex Mortgage Co,2023
LN100791,2021-11-01,537200.0,360,4.007,700-739,81-90,31-36,TX,Purchase,Manufactured,Primary,Apex Mortgage Co,2021
LN100792,2020-01-01,154900.0,360,4.135,660-699,71-80,37-43,TX,Refinance,Single Family,Primary,Highland Capital Servicing,2020
LN100793,2023-05-01,501900.0,360,5.854,<620,<=60,44-50,OH,Refinance,Condo,Investment,Meridian Loan Services,2023
LN100794,2023-02-01,272100.0,360,5.102,660-699,<=60,37-43,TX,Cash-Out Refinance,Single Family,Primary,Meridian Loan Services,2023
LN100795,2024-02-01,232700.0,360,5.718,700-739,61-70,37-43,FL,Purchase,Single Family,Primary,Apex Mortgage Co,2024
LN100796,2022-05-01,276500.0,360,4.062,700-739,61-70,21-30,GA,Refinance,Single Family,Primary,Cornerstone Servicing,2022
LN100797,2019-09-01,275300.0,360,4.16,620-659,81-90,44-50,IL,Refinance,Single Family,Primary,Cornerstone Servicing,2019
LN100798,2021-08-01,532700.0,180,3.83,740-779,61-70,<=20,OH,Purchase,Single Family,Primary,Highland Capital Servicing,2021
LN100799,2021-04-01,291900.0,360,3.449,780+,91-95,21-30,TX,Purchase,Single Family,Second Home,Meridian Loan Services,2021
LN100800,2023-05-01,294600.0,360,5.197,660-699,61-70,<=20,WA,Cash-Out Refinance,Single Family,Second Home,Apex Mortgage Co,2023
LN100801,2021-01-01,191100.0,360,2.958,780+,<=60,37-43,NY,Purchase,Single Family,Primary,Apex Mortgage Co,2021
LN100802,2020-09-01,336900.0,360,5.389,<620,91-95,31-36,TX,Refinance,Single Family,Investment,Cornerstone Servicing,2020
LN100803,2019-05-01,150200.0,360,3.327,780+,61-70,37-43,WA,Purchase,Single Family,Primary,Meridian Loan Services,2019
LN100804,2023-04-01,242600.0,360,4.527,780+,71-80,31-36,GA,Purchase,Condo,Investment,Cornerstone Servicing,2023
LN100805,2022-11-01,845300.0,360,6.033,<620,>95,31-36,OH,Cash-Out Refinance,Single Family,Second Home,Highland Capital Servicing,2022
LN100806,2019-03-01,74800.0,180,3.461,740-779,>95,31-36,WA,Cash-Out Refinance,Single Family,Investment,Highland Capital Servicing,2019
LN100807,2021-03-01,256500.0,360,3.402,780+,81-90,<=20,CA,Purchase,Manufactured,Second Home,Highland Capital Servicing,2021
LN100808,2021-06-01,261000.0,180,3.221,780+,<=60,31-36,MI,Refinance,Condo,Investment,Highland Capital Servicing,2021
LN100809,2021-06-01,208400.0,360,3.401,780+,81-90,37-43,GA,Purchase,Single Family,Primary,Highland Capital Servicing,2021
LN100810,2023-09-01,210700.0,360,5.591,700-739,>95,31-36,FL,Refinance,Condo,Primary,Highland Capital Servicing,2023
LN100811,2019-10-01,240700.0,360,5.205,<620,>95,<=20,TX,Purchase,Single Family,Primary,Meridian Loan Services,2019
LN100812,2020-07-01,206200.0,180,3.568,780+,<=60,37-43,CA,Purchase,Condo,Primary,Apex Mortgage Co,2020
LN100813,2019-12-01,255200.0,360,3.751,700-739,71-80,21-30,AZ,Purchase,Single Family,Primary,Apex Mortgage Co,2019
LN100814,2020-04-01,185500.0,360,4.125,700-739,71-80,<=20,CA,Purchase,Single Family,Investment,Cornerstone Servicing,2020
LN100815,2023-09-01,573800.0,360,5.467,700-739,61-70,21-30,TX,Purchase,Single Family,Primary,Highland Capital Servicing,2023
LN100816,2023-11-01,206200.0,180,5.475,700-739,81-90,31-36,GA,Purchase,Condo,Investment,Cornerstone Servicing,2023
LN100817,2019-03-01,298400.0,360,4.415,620-659,61-70,21-30,NC,Cash-Out Refinance,Single Family,Primary,Highland Capital Servicing,2019
LN100818,2022-04-01,170900.0,360,4.108,740-779,71-80,37-43,TX,Purchase,Single Family,Second Home,Apex Mortgage Co,2022
LN100819,2020-03-01,351500.0,360,4.805,<620,<=60,21-30,PA,Purchase,Single Family,Investment,Apex Mortgage Co,2020
LN100820,2019-12-01,321300.0,360,3.882,740-779,71-80,37-43,IL,Purchase,Condo,Primary,Highland Capital Servicing,2019
LN100821,2020-07-01,278900.0,360,3.466,780+,61-70,21-30,MI,Refinance,Single Family,Primary,Cornerstone Servicing,2020
LN100822,2020-01-01,145500.0,360,3.972,700-739,71-80,37-43,CA,Purchase,Single Family,Primary,Meridian Loan Services,2020
LN100823,2021-07-01,164600.0,360,3.706,700-739,61-70,44-50,CA,Purchase,Single Family,Second Home,Meridian Loan Services,2021
LN100824,2024-02-01,493300.0,180,6.258,660-699,>95,31-36,GA,Refinance,Condo,Second Home,Meridian Loan Services,2024
LN100825,2022-01-01,163800.0,180,3.398,780+,61-70,<=20,CA,Purchase,Single Family,Primary,Sunrise Servicing,2022
LN100826,2022-09-01,308200.0,180,4.162,740-779,71-80,31-36,IL,Cash-Out Refinance,Multi-Family,Primary,Highland Capital Servicing,2022
LN100827,2021-07-01,151000.0,360,4.357,660-699,61-70,>50,CA,Purchase,Single Family,Primary,Cornerstone Servicing,2021
LN100828,2019-01-01,363600.0,360,4.663,620-659,<=60,>50,PA,Refinance,Single Family,Primary,Highland Capital Servicing,2019
LN100829,2019-06-01,169600.0,360,4.051,660-699,61-70,21-30,WA,Purchase,Single Family,Second Home,Sunrise Servicing,2019
LN100830,2020-05-01,149700.0,360,3.806,700-739,<=60,37-43,MI,Refinance,Single Family,Primary,Meridian Loan Services,2020
LN100831,2020-04-01,167600.0,360,3.294,780+,61-70,31-36,AZ,Cash-Out Refinance,Single Family,Investment,Cornerstone Servicing,2020
LN100832,2023-05-01,180000.0,360,4.463,740-779,71-80,21-30,WA,Purchase,Single Family,Investment,Sunrise Servicing,2023
LN100833,2023-05-01,277100.0,360,5.879,660-699,81-90,37-43,NY,Purchase,Multi-Family,Investment,Highland Capital Servicing,2023
LN100834,2023-05-01,238300.0,360,4.249,780+,<=60,31-36,FL,Purchase,Single Family,Primary,Apex Mortgage Co,2023
LN100835,2022-04-01,141100.0,180,4.443,660-699,71-80,31-36,WA,Purchase,Single Family,Primary,Cornerstone Servicing,2022
LN100836,2021-11-01,228100.0,360,3.317,780+,81-90,44-50,WA,Cash-Out Refinance,Single Family,Second Home,Apex Mortgage Co,2021
LN100837,2022-05-01,138100.0,360,4.56,660-699,61-70,31-36,AZ,Refinance,Single Family,Primary,Apex Mortgage Co,2022
LN100838,2021-02-01,308500.0,360,4.024,700-739,71-80,37-43,PA,Refinance,Single Family,Investment,Highland Capital Servicing,2021
LN100839,2022-06-01,335100.0,360,4.007,780+,<=60,31-36,TX,Cash-Out Refinance,Single Family,Primary,Cornerstone Servicing,2022
LN100840,2023-02-01,228500.0,360,4.912,660-699,61-70,<=20,AZ,Cash-Out Refinance,Single Family,Primary,Apex Mortgage Co,2023
LN100841,2022-12-01,261000.0,360,4.22,740-779,71-80,31-36,AZ,Cash-Out Refinance,Single Family,Investment,Highland Capital Servicing,2022
LN100842,2022-03-01,508100.0,360,3.954,780+,>95,>50,GA,Purchase,Multi-Family,Second Home,Cornerstone Servicing,2022
LN100843,2019-04-01,215100.0,360,4.756,620-659,>95,31-36,MI,Purchase,Single Family,Primary,Apex Mortgage Co,2019
LN100844,2022-09-01,151000.0,360,5.456,620-659,>95,21-30,IL,Purchase,Multi-Family,Primary,Highland Capital Servicing,2022
LN100845,2020-11-01,299700.0,360,3.92,740-779,71-80,37-43,AZ,Purchase,Single Family,Primary,Meridian Loan Services,2020
LN100846,2022-11-01,138700.0,360,5.0,660-699,<=60,>50,CA,Purchase,Condo,Primary,Meridian Loan Services,2022
LN100847,2021-10-01,210100.0,360,4.927,<620,71-80,44-50,MI,Purchase,Single Family,Primary,Sunrise Servicing,2021
LN100848,2023-07-01,176400.0,360,4.892,700-739,61-70,37-43,CA,Purchase,Single Family,Primary,Highland Capital Servicing,2023
LN100849,2020-09-01,168400.0,180,3.331,740-779,<=60,31-36,FL,Purchase,Condo,Primary,Meridian Loan Services,2020
LN100850,2023-10-01,206400.0,360,5.489,660-699,<=60,37-43,CA,Purchase,Single Family,Primary,Cornerstone Servicing,2023
LN100851,2023-05-01,346300.0,360,5.182,660-699,71-80,44-50,NY,Purchase,Single Family,Primary,Cornerstone Servicing,2023
LN100852,2020-09-01,379900.0,180,3.578,780+,71-80,44-50,TX,Purchase,Condo,Primary,Cornerstone Servicing,2020
LN100853,2021-06-01,350400.0,360,3.631,700-739,61-70,44-50,AZ,Purchase,Single Family,Primary,Meridian Loan Services,2021
LN100854,2021-09-01,268700.0,360,3.437,780+,81-90,31-36,IL,Refinance,Single Family,Primary,Highland Capital Servicing,2021
LN100855,2022-12-01,205700.0,360,4.793,700-739,71-80,21-30,WA,Refinance,Single Family,Primary,Highland Capital Servicing,2022
LN100856,2022-07-01,79900.0,360,4.052,780+,91-95,37-43,TX,Purchase,Single Family,Primary,Apex Mortgage Co,2022
LN100857,2023-05-01,272500.0,360,4.798,740-779,61-70,21-30,CA,Purchase,Manufactured,Primary,Apex Mortgage Co,2023
LN100858,2020-11-01,82800.0,360,4.643,620-659,71-80,<=20,PA,Purchase,Single Family,Primary,Apex Mortgage Co,2020
LN100859,2021-08-01,97200.0,360,3.212,780+,61-70,31-36,NC,Purchase,Single Family,Second Home,Meridian Loan Services,2021
LN100860,2021-03-01,214800.0,360,4.368,700-739,71-80,37-43,IL,Purchase,Single Family,Investment,Apex Mortgage Co,2021
LN100861,2023-09-01,260200.0,360,5.861,620-659,61-70,44-50,PA,Cash-Out Refinance,Multi-Family,Investment,Cornerstone Servicing,2023
LN100862,2020-07-01,188500.0,360,4.931,620-659,61-70,44-50,MI,Purchase,Condo,Investment,Meridian Loan Services,2020
LN100863,2022-01-01,460900.0,360,3.773,740-779,81-90,44-50,OH,Purchase,Single Family,Primary,Sunrise Servicing,2022
LN100864,2019-08-01,284300.0,360,4.796,<620,61-70,37-43,AZ,Refinance,Manufactured,Investment,Sunrise Servicing,2019
LN100865,2023-05-01,206400.0,360,5.291,660-699,61-70,37-43,NC,Purchase,Single Family,Primary,Apex Mortgage Co,2023
LN100866,2020-12-01,431000.0,360,4.94,620-659,91-95,<=20,GA,Purchase,Multi-Family,Second Home,Meridian Loan Services,2020
LN100867,2020-10-01,467100.0,360,3.86,700-739,<=60,37-43,FL,Purchase,Single Family,Investment,Apex Mortgage Co,2020
LN100868,2022-01-01,290900.0,360,4.077,700-739,71-80,21-30,CA,Cash-Out Refinance,Single Family,Second Home,Cornerstone Servicing,2022
LN100869,2021-07-01,162900.0,360,4.327,700-739,71-80,<=20,TX,Purchase,Single Family,Primary,Sunrise Servicing,2021
LN100870,2023-05-01,180300.0,360,5.528,660-699,61-70,21-30,PA,Refinance,Manufactured,Primary,Sunrise Servicing,2023
LN100871,2021-09-01,120400.0,360,5.158,<620,71-80,44-50,NC,Refinance,Multi-Family,Primary,Meridian Loan Services,2021
LN100872,2021-09-01,226600.0,180,3.618,700-739,<=60,37-43,FL,Purchase,Single Family,Primary,Apex Mortgage Co,2021
LN100873,2019-07-01,144000.0,180,4.109,660-699,81-90,>50,OH,Refinance,Single Family,Second Home,Highland Capital Servicing,2019
LN100874,2019-02-01,199200.0,360,3.655,740-779,61-70,>50,TX,Purchase,Single Family,Primary,Sunrise Servicing,2019
LN100875,2021-01-01,259700.0,360,4.829,620-659,61-70,44-50,TX,Purchase,Single Family,Primary,Sunrise Servicing,2021
LN100876,2024-02-01,94600.0,180,6.464,<620,71-80,21-30,AZ,Purchase,Single Family,Primary,Sunrise Servicing,2024
LN100877,2023-09-01,130800.0,360,5.726,660-699,91-95,44-50,NY,Cash-Out Refinance,Single Family,Primary,Cornerstone Servicing,2023
LN100878,2022-04-01,183900.0,360,4.674,700-739,81-90,44-50,TX,Purchase,Single Family,Primary,Sunrise Servicing,2022
LN100879,2022-04-01,225600.0,180,4.692,700-739,>95,44-50,NY,Purchase,Single Family,Primary,Highland Capital Servicing,2022
LN100880,2021-01-01,184900.0,360,4.146,740-779,81-90,21-30,FL,Cash-Out Refinance,Multi-Family,Primary,Apex Mortgage Co,2021
LN100881,2019-12-01,204500.0,360,4.339,660-699,81-90,21-30,NC,Purchase,Single Family,Primary,Sunrise Servicing,2019
LN100882,2019-01-01,168100.0,360,3.865,700-739,71-80,>50,AZ,Cash-Out Refinance,Single Family,Primary,Apex Mortgage Co,2019
LN100883,2020-10-01,120300.0,360,4.454,700-739,91-95,21-30,OH,Refinance,Single Family,Primary,Meridian Loan Services,2020
LN100884,2020-08-01,181600.0,360,4.95,<620,71-80,31-36,OH,Refinance,Single Family,Primary,Apex Mortgage Co,2020
LN100885,2019-12-01,209800.0,360,3.925,700-739,71-80,31-36,FL,Refinance,Single Family,Primary,Sunrise Servicing,2019
LN100886,2020-05-01,200900.0,360,4.309,660-699,81-90,21-30,IL,Refinance,Condo,Primary,Highland Capital Servicing,2020
LN100887,2019-02-01,242900.0,360,3.889,700-739,71-80,<=20,FL,Purchase,Single Family,Primary,Highland Capital Servicing,2019
LN100888,2022-02-01,278900.0,360,4.84,620-659,61-70,>50,CA,Cash-Out Refinance,Single Family,Primary,Sunrise Servicing,2022
LN100889,2023-10-01,313900.0,360,4.887,740-779,71-80,44-50,MI,Cash-Out Refinance,Multi-Family,Primary,Apex Mortgage Co,2023
LN100890,2022-07-01,173700.0,180,4.026,780+,71-80,44-50,NY,Cash-Out Refinance,Single Family,Investment,Highland Capital Servicing,2022
LN100891,2021-04-01,113700.0,360,5.024,<620,91-95,21-30,NY,Refinance,Single Family,Primary,Sunrise Servicing,2021
LN100892,2021-03-01,409300.0,180,4.077,700-739,71-80,21-30,CA,Purchase,Condo,Second Home,Highland Capital Servicing,2021
LN100893,2020-08-01,274700.0,360,3.933,740-779,91-95,31-36,MI,Purchase,Single Family,Primary,Apex Mortgage Co,2020
LN100894,2019-09-01,150300.0,360,4.246,660-699,71-80,31-36,TX,Purchase,Single Family,Primary,Meridian Loan Services,2019
LN100895,2022-02-01,261700.0,360,3.868,740-779,81-90,<=20,NY,Purchase,Condo,Second Home,Apex Mortgage Co,2022
LN100896,2021-12-01,373500.0,180,3.555,740-779,61-70,37-43,MI,Refinance,Multi-Family,Primary,Highland Capital Servicing,2021
LN100897,2019-01-01,502900.0,360,3.415,780+,91-95,>50,NY,Refinance,Single Family,Second Home,Highland Capital Servicing,2019
LN100898,2021-02-01,258500.0,180,3.827,780+,71-80,31-36,WA,Purchase,Single Family,Second Home,Highland Capital Servicing,2021
LN100899,2020-06-01,372100.0,360,4.955,<620,61-70,31-36,TX,Purchase,Condo,Primary,Sunrise Servicing,2020
LN100900,2019-11-01,134000.0,360,3.906,700-739,61-70,31-36,NC,Refinance,Single Family,Investment,Highland Capital Servicing,2019
LN100901,2022-08-01,227300.0,360,4.347,700-739,61-70,<=20,AZ,Purchase,Single Family,Investment,Sunrise Servicing,2022
LN100902,2021-09-01,198600.0,180,4.565,620-659,71-80,21-30,IL,Cash-Out Refinance,Single Family,Primary,Highland Capital Servicing,2021
LN100903,2022-04-01,269500.0,180,4.567,660-699,81-90,31-36,GA,Refinance,Condo,Primary,Meridian Loan Services,2022
LN100904,2022-09-01,476900.0,360,4.453,780+,>95,31-36,FL,Purchase,Single Family,Primary,Sunrise Servicing,2022
LN100905,2024-01-01,258400.0,360,6.509,<620,81-90,31-36,NC,Purchase,Single Family,Second Home,Highland Capital Servicing,2024
LN100906,2023-02-01,151500.0,360,4.493,700-739,71-80,44-50,WA,Refinance,Single Family,Investment,Apex Mortgage Co,2023
LN100907,2022-03-01,130800.0,180,3.615,780+,71-80,21-30,NC,Purchase,Single Family,Second Home,Highland Capital Servicing,2022
LN100908,2023-07-01,484400.0,180,5.657,660-699,91-95,<=20,WA,Cash-Out Refinance,Multi-Family,Primary,Meridian Loan Services,2023
LN100909,2021-06-01,291000.0,360,4.114,700-739,91-95,<=20,OH,Purchase,Single Family,Primary,Meridian Loan Services,2021
LN100910,2024-02-01,282600.0,360,5.171,780+,61-70,21-30,OH,Purchase,Single Family,Primary,Highland Capital Servicing,2024
LN100911,2022-12-01,197900.0,360,4.521,700-739,>95,37-43,FL,Purchase,Multi-Family,Primary,Meridian Loan Services,2022
LN100912,2022-05-01,260500.0,180,5.333,620-659,71-80,44-50,NC,Refinance,Single Family,Primary,Cornerstone Servicing,2022
LN100913,2023-08-01,148100.0,180,6.546,<620,81-90,44-50,WA,Cash-Out Refinance,Single Family,Primary,Highland Capital Servicing,2023
LN100914,2021-08-01,274900.0,360,3.54,780+,>95,37-43,GA,Cash-Out Refinance,Single Family,Primary,Cornerstone Servicing,2021
LN100915,2022-09-01,136100.0,360,4.95,660-699,81-90,31-36,TX,Purchase,Condo,Primary,Sunrise Servicing,2022
LN100916,2020-06-01,196500.0,360,4.151,700-739,61-70,21-30,IL,Cash-Out Refinance,Condo,Primary,Apex Mortgage Co,2020
LN100917,2023-12-01,172900.0,360,6.527,620-659,81-90,31-36,NC,Purchase,Condo,Primary,Apex Mortgage Co,2023
LN100918,2022-03-01,60000.0,360,3.917,700-739,<=60,31-36,WA,Refinance,Single Family,Primary,Cornerstone Servicing,2022
LN100919,2023-01-01,197600.0,180,3.999,780+,81-90,44-50,CA,Cash-Out Refinance,Single Family,Primary,Apex Mortgage Co,2023
LN100920,2021-05-01,154100.0,360,4.44,700-739,61-70,31-36,CA,Purchase,Single Family,Investment,Cornerstone Servicing,2021
LN100921,2023-06-01,210100.0,180,4.802,780+,81-90,21-30,NY,Cash-Out Refinance,Manufactured,Primary,Meridian Loan Services,2023
LN100922,2019-05-01,231100.0,180,4.428,660-699,91-95,21-30,CA,Purchase,Single Family,Primary,Cornerstone Servicing,2019
LN100923,2019-08-01,511700.0,360,3.934,700-739,61-70,21-30,AZ,Purchase,Single Family,Primary,Apex Mortgage Co,2019
LN100924,2021-08-01,264900.0,180,3.55,780+,71-80,44-50,NY,Purchase,Condo,Primary,Cornerstone Servicing,2021
LN100925,2022-10-01,268400.0,360,5.002,700-739,81-90,<=20,IL,Cash-Out Refinance,Single Family,Primary,Meridian Loan Services,2022
LN100926,2023-03-01,288700.0,360,4.886,660-699,71-80,<=20,TX,Purchase,Single Family,Primary,Meridian Loan Services,2023
LN100927,2021-04-01,341900.0,360,3.355,780+,61-70,21-30,NY,Cash-Out Refinance,Single Family,Primary,Apex Mortgage Co,2021
LN100928,2022-05-01,283300.0,360,4.167,700-739,<=60,44-50,AZ,Purchase,Single Family,Primary,Apex Mortgage Co,2022
LN100929,2021-11-01,262200.0,360,4.03,700-739,71-80,31-36,NY,Refinance,Manufactured,Primary,Sunrise Servicing,2021
LN100930,2023-12-01,318100.0,360,5.375,780+,81-90,37-43,CA,Refinance,Single Family,Primary,Highland Capital Servicing,2023
LN100931,2022-05-01,77500.0,360,4.66,620-659,71-80,31-36,TX,Purchase,Manufactured,Primary,Apex Mortgage Co,2022
LN100932,2021-02-01,591300.0,360,4.113,660-699,61-70,<=20,AZ,Refinance,Single Family,Primary,Sunrise Servicing,2021
LN100933,2024-01-01,472300.0,360,6.443,<620,71-80,44-50,AZ,Refinance,Single Family,Primary,Apex Mortgage Co,2024
LN100934,2019-07-01,254700.0,360,3.996,700-739,71-80,21-30,TX,Purchase,Multi-Family,Primary,Highland Capital Servicing,2019
LN100935,2024-01-01,122300.0,360,6.066,660-699,61-70,<=20,OH,Purchase,Multi-Family,Primary,Sunrise Servicing,2024
LN100936,2019-10-01,398200.0,180,4.123,740-779,81-90,37-43,CA,Purchase,Single Family,Primary,Cornerstone Servicing,2019
LN100937,2020-06-01,169000.0,360,4.673,620-659,71-80,<=20,OH,Cash-Out Refinance,Single Family,Primary,Highland Capital Servicing,2020
LN100938,2023-03-01,293700.0,360,4.869,740-779,71-80,<=20,CA,Refinance,Multi-Family,Primary,Meridian Loan Services,2023
LN100939,2022-10-01,129700.0,360,5.376,660-699,91-95,44-50,PA,Cash-Out Refinance,Condo,Primary,Highland Capital Servicing,2022
LN100940,2024-01-01,629000.0,360,6.088,660-699,71-80,31-36,WA,Refinance,Single Family,Primary,Cornerstone Servicing,2024
LN100941,2022-11-01,120700.0,360,5.208,660-699,81-90,21-30,TX,Cash-Out Refinance,Single Family,Primary,Cornerstone Servicing,2022
LN100942,2022-04-01,238200.0,360,3.775,740-779,<=60,31-36,NY,Purchase,Single Family,Primary,Highland Capital Servicing,2022
LN100943,2020-10-01,88900.0,360,3.811,700-739,61-70,37-43,CA,Purchase,Single Family,Primary,Meridian Loan Services,2020
LN100944,2019-01-01,226700.0,360,3.883,660-699,<=60,<=20,FL,Refinance,Single Family,Primary,Sunrise Servicing,2019
LN100945,2019-08-01,190700.0,360,3.528,780+,81-90,21-30,CA,Purchase,Single Family,Primary,Meridian Loan Services,2019
LN100946,2020-07-01,385300.0,360,4.276,700-739,91-95,37-43,TX,Purchase,Single Family,Investment,Cornerstone Servicing,2020
LN100947,2019-03-01,190700.0,180,4.07,660-699,61-70,37-43,AZ,Refinance,Single Family,Primary,Meridian Loan Services,2019
LN100948,2021-08-01,385500.0,360,3.478,780+,61-70,>50,CA,Cash-Out Refinance,Single Family,Primary,Meridian Loan Services,2021
LN100949,2023-01-01,145700.0,360,5.102,660-699,71-80,31-36,MI,Refinance,Single Family,Primary,Cornerstone Servicing,2023
LN100950,2023-12-01,203400.0,180,6.538,<620,81-90,<=20,CA,Purchase,Single Family,Second Home,Meridian Loan Services,2023
LN100951,2021-07-01,205300.0,360,4.047,700-739,81-90,31-36,IL,Cash-Out Refinance,Single Family,Primary,Apex Mortgage Co,2021
LN100952,2023-07-01,288700.0,360,6.097,620-659,81-90,37-43,NY,Purchase,Multi-Family,Investment,Meridian Loan Services,2023
LN100953,2024-02-01,272600.0,360,5.924,660-699,91-95,21-30,WA,Purchase,Single Family,Primary,Meridian Loan Services,2024
LN100954,2023-06-01,319700.0,360,4.793,740-779,61-70,31-36,TX,Cash-Out Refinance,Single Family,Primary,Apex Mortgage Co,2023
LN100955,2021-05-01,260400.0,360,4.766,620-659,81-90,21-30,TX,Refinance,Single Family,Primary,Highland Capital Servicing,2021
LN100956,2020-09-01,311000.0,180,3.672,740-779,71-80,44-50,NC,Cash-Out Refinance,Single Family,Investment,Meridian Loan Services,2020
LN100957,2024-01-01,154200.0,360,5.021,780+,71-80,44-50,NC,Cash-Out Refinance,Single Family,Investment,Sunrise Servicing,2024
LN100958,2020-04-01,275100.0,360,3.973,700-739,91-95,31-36,GA,Refinance,Single Family,Second Home,Highland Capital Servicing,2020
LN100959,2021-02-01,476200.0,360,3.725,740-779,<=60,>50,CA,Purchase,Single Family,Primary,Apex Mortgage Co,2021
LN100960,2019-05-01,108400.0,360,3.444,740-779,81-90,>50,TX,Purchase,Condo,Primary,Highland Capital Servicing,2019
LN100961,2023-02-01,287800.0,180,4.636,780+,81-90,21-30,MI,Cash-Out Refinance,Single Family,Primary,Apex Mortgage Co,2023
LN100962,2022-05-01,313200.0,360,4.859,660-699,91-95,31-36,OH,Cash-Out Refinance,Single Family,Primary,Highland Capital Servicing,2022
LN100963,2019-06-01,445800.0,360,4.448,620-659,71-80,37-43,OH,Purchase,Single Family,Primary,Highland Capital Servicing,2019
LN100964,2020-02-01,320200.0,360,4.283,700-739,71-80,<=20,FL,Purchase,Single Family,Investment,Highland Capital Servicing,2020
LN100965,2021-11-01,241600.0,360,4.016,700-739,91-95,31-36,TX,Purchase,Single Family,Primary,Highland Capital Servicing,2021
LN100966,2021-10-01,280300.0,360,4.567,620-659,81-90,21-30,AZ,Purchase,Condo,Primary,Apex Mortgage Co,2021
LN100967,2023-02-01,165900.0,360,4.576,700-739,71-80,>50,NC,Cash-Out Refinance,Single Family,Primary,Meridian Loan Services,2023
LN100968,2020-05-01,194000.0,360,5.354,<620,81-90,31-36,CA,Purchase,Single Family,Primary,Apex Mortgage Co,2020
LN100969,2023-10-01,126600.0,360,5.183,780+,61-70,37-43,WA,Purchase,Single Family,Primary,Highland Capital Servicing,2023
LN100970,2021-04-01,451000.0,360,4.151,660-699,81-90,31-36,OH,Cash-Out Refinance,Single Family,Second Home,Apex Mortgage Co,2021
LN100971,2023-04-01,282800.0,360,5.962,<620,91-95,21-30,FL,Purchase,Condo,Primary,Apex Mortgage Co,2023
LN100972,2020-03-01,152900.0,360,4.677,620-659,71-80,44-50,FL,Purchase,Single Family,Primary,Meridian Loan Services,2020
LN100973,2019-03-01,261000.0,360,4.13,660-699,71-80,<=20,NC,Purchase,Single Family,Primary,Sunrise Servicing,2019
LN100974,2019-04-01,389100.0,360,4.471,660-699,>95,<=20,FL,Purchase,Single Family,Primary,Apex Mortgage Co,2019
LN100975,2020-12-01,361000.0,180,5.091,<620,81-90,31-36,OH,Purchase,Condo,Primary,Cornerstone Servicing,2020
LN100976,2023-12-01,152100.0,360,6.282,660-699,91-95,37-43,NC,Purchase,Single Family,Primary,Highland Capital Servicing,2023
LN100977,2019-04-01,60000.0,360,4.345,620-659,71-80,31-36,TX,Purchase,Multi-Family,Primary,Highland Capital Servicing,2019
LN100978,2020-11-01,275900.0,360,4.686,660-699,>95,<=20,AZ,Purchase,Manufactured,Primary,Highland Capital Servicing,2020
LN100979,2019-07-01,155000.0,360,3.662,700-739,61-70,21-30,FL,Purchase,Condo,Investment,Cornerstone Servicing,2019
LN100980,2023-10-01,305600.0,180,5.706,660-699,71-80,21-30,NY,Purchase,Single Family,Primary,Meridian Loan Services,2023
LN100981,2022-06-01,354200.0,360,4.432,660-699,71-80,<=20,GA,Cash-Out Refinance,Single Family,Primary,Highland Capital Servicing,2022
LN100982,2022-12-01,381200.0,360,5.427,620-659,81-90,31-36,OH,Purchase,Single Family,Investment,Sunrise Servicing,2022
LN100983,2022-09-01,506400.0,360,5.606,<620,91-95,21-30,NY,Purchase,Multi-Family,Primary,Meridian Loan Services,2022
LN100984,2022-05-01,402900.0,360,4.986,660-699,81-90,21-30,GA,Cash-Out Refinance,Single Family,Second Home,Sunrise Servicing,2022
LN100985,2022-12-01,507500.0,360,4.596,740-779,81-90,37-43,WA,Purchase,Single Family,Investment,Apex Mortgage Co,2022
LN100986,2019-01-01,429600.0,360,3.394,780+,71-80,37-43,PA,Purchase,Single Family,Second Home,Sunrise Servicing,2019
LN100987,2023-06-01,446800.0,360,4.527,780+,71-80,21-30,MI,Cash-Out Refinance,Condo,Primary,Meridian Loan Services,2023
LN100988,2022-10-01,226800.0,360,4.348,700-739,71-80,31-36,TX,Refinance,Multi-Family,Primary,Sunrise Servicing,2022
LN100989,2022-10-01,129300.0,360,4.214,700-739,<=60,21-30,NY,Purchase,Single Family,Primary,Sunrise Servicing,2022
LN100990,2021-01-01,705800.0,360,4.391,660-699,71-80,>50,IL,Refinance,Single Family,Primary,Apex Mortgage Co,2021
LN100991,2023-02-01,237600.0,360,4.858,740-779,91-95,21-30,CA,Refinance,Condo,Investment,Apex Mortgage Co,2023
LN100992,2020-12-01,401500.0,360,3.867,740-779,81-90,21-30,PA,Purchase,Condo,Primary,Apex Mortgage Co,2020
LN100993,2019-04-01,180300.0,360,3.244,780+,81-90,31-36,FL,Purchase,Condo,Second Home,Meridian Loan Services,2019
LN100994,2023-09-01,356400.0,180,4.757,780+,71-80,21-30,TX,Purchase,Single Family,Primary,Apex Mortgage Co,2023
LN100995,2020-03-01,76900.0,360,3.997,700-739,71-80,21-30,TX,Cash-Out Refinance,Single Family,Primary,Sunrise Servicing,2020
LN100996,2019-07-01,192000.0,360,3.661,740-779,<=60,<=20,TX,Purchase,Condo,Primary,Apex Mortgage Co,2019
LN100997,2022-03-01,221000.0,360,4.048,740-779,71-80,37-43,FL,Purchase,Single Family,Second Home,Cornerstone Servicing,2022
LN100998,2020-03-01,284400.0,360,4.252,660-699,71-80,37-43,OH,Purchase,Single Family,Primary,Sunrise Servicing,2020
LN100999,2023-06-01,374100.0,360,4.441,780+,61-70,37-43,OH,Cash-Out Refinance,Single Family,Second Home,Sunrise Servicing,2023
LN101000,2021-04-01,141200.0,360,4.601,620-659,<=60,37-43,TX,Purchase,Single Family,Primary,Highland Capital Servicing,2021
LN101001,2019-01-01,310800.0,360,3.534,780+,81-90,31-36,TX,Purchase,Condo,Investment,Apex Mortgage Co,2019
LN101002,2023-11-01,401100.0,360,5.611,740-779,71-80,44-50,MI,Purchase,Single Family,Primary,Meridian Loan Services,2023
LN101003,2021-08-01,663700.0,360,4.62,620-659,71-80,37-43,CA,Refinance,Single Family,Second Home,Highland Capital Servicing,2021
LN101004,2020-05-01,317400.0,180,3.966,740-779,61-70,44-50,IL,Purchase,Single Family,Primary,Meridian Loan Services,2020
LN101005,2022-07-01,187800.0,360,5.168,<620,71-80,37-43,IL,Cash-Out Refinance,Multi-Family,Primary,Highland Capital Servicing,2022
LN101006,2021-09-01,130300.0,360,3.619,740-779,71-80,31-36,OH,Purchase,Condo,Investment,Apex Mortgage Co,2021
LN101007,2019-02-01,526000.0,360,3.264,740-779,71-80,21-30,WA,Purchase,Single Family,Primary,Sunrise Servicing,2019
LN101008,2022-12-01,321800.0,360,4.938,700-739,81-90,31-36,OH,Purchase,Condo,Primary,Highland Capital Servicing,2022
LN101009,2021-01-01,228700.0,360,3.524,780+,<=60,<=20,AZ,Purchase,Single Family,Second Home,Highland Capital Servicing,2021
LN101010,2022-08-01,111400.0,360,4.805,620-659,91-95,31-36,MI,Purchase,Condo,Primary,Meridian Loan Services,2022
LN101011,2023-08-01,151900.0,360,5.532,660-699,<=60,<=20,TX,Refinance,Condo,Second Home,Highland Capital Servicing,2023
LN101012,2022-02-01,306800.0,360,4.266,700-739,71-80,<=20,TX,Purchase,Single Family,Primary,Highland Capital Servicing,2022
LN101013,2022-06-01,270800.0,360,5.409,<620,61-70,>50,FL,Refinance,Manufactured,Investment,Cornerstone Servicing,2022
LN101014,2020-04-01,96200.0,360,3.888,700-739,71-80,37-43,FL,Purchase,Single Family,Primary,Cornerstone Servicing,2020
LN101015,2020-03-01,307000.0,360,4.438,660-699,61-70,37-43,IL,Refinance,Single Family,Primary,Meridian Loan Services,2020
LN101016,2021-02-01,114000.0,360,4.325,700-739,91-95,31-36,TX,Purchase,Single Family,Second Home,Cornerstone Servicing,2021
LN101017,2023-05-01,424800.0,360,5.217,700-739,71-80,37-43,TX,Purchase,Condo,Primary,Sunrise Servicing,2023
LN101018,2021-09-01,253700.0,360,3.502,780+,81-90,44-50,FL,Purchase,Single Family,Primary,Meridian Loan Services,2021
LN101019,2020-10-01,187500.0,180,4.401,660-699,61-70,37-43,GA,Cash-Out Refinance,Single Family,Primary,Highland Capital Servicing,2020
LN101020,2023-01-01,360600.0,360,4.304,780+,<=60,37-43,GA,Cash-Out Refinance,Single Family,Primary,Apex Mortgage Co,2023
LN101021,2023-05-01,270800.0,360,5.058,700-739,71-80,31-36,AZ,Cash-Out Refinance,Manufactured,Primary,Meridian Loan Services,2023
LN101022,2023-08-01,419200.0,360,5.712,660-699,71-80,31-36,TX,Cash-Out Refinance,Single Family,Primary,Sunrise Servicing,2023
LN101023,2020-07-01,239500.0,360,4.377,700-739,71-80,37-43,FL,Purchase,Single Family,Primary,Highland Capital Servicing,2020
LN101024,2022-08-01,245800.0,180,4.77,700-739,>95,>50,AZ,Purchase,Single Family,Second Home,Cornerstone Servicing,2022
LN101025,2022-01-01,203100.0,360,4.213,660-699,81-90,31-36,GA,Purchase,Condo,Primary,Highland Capital Servicing,2022
LN101026,2021-04-01,260000.0,360,4.48,700-739,>95,31-36,OH,Cash-Out Refinance,Single Family,Primary,Apex Mortgage Co,2021
LN101027,2021-01-01,495900.0,180,4.961,620-659,61-70,31-36,IL,Purchase,Single Family,Primary,Highland Capital Servicing,2021
LN101028,2019-08-01,184200.0,360,4.617,660-699,81-90,31-36,CA,Purchase,Manufactured,Primary,Meridian Loan Services,2019
LN101029,2020-06-01,309100.0,360,4.273,700-739,71-80,>50,WA,Refinance,Single Family,Primary,Cornerstone Servicing,2020
LN101030,2021-11-01,155400.0,360,3.673,700-739,81-90,37-43,OH,Purchase,Single Family,Primary,Sunrise Servicing,2021
LN101031,2023-07-01,91100.0,360,5.066,740-779,>95,31-36,OH,Refinance,Multi-Family,Second Home,Apex Mortgage Co,2023
LN101032,2023-06-01,253600.0,360,5.394,660-699,81-90,31-36,IL,Purchase,Single Family,Primary,Meridian Loan Services,2023
LN101033,2019-12-01,272900.0,180,3.616,780+,91-95,31-36,FL,Refinance,Single Family,Primary,Cornerstone Servicing,2019
LN101034,2022-07-01,219800.0,360,4.617,740-779,81-90,<=20,TX,Cash-Out Refinance,Single Family,Primary,Meridian Loan Services,2022
LN101035,2019-06-01,117800.0,360,3.067,780+,61-70,31-36,NC,Refinance,Condo,Second Home,Highland Capital Servicing,2019
LN101036,2022-06-01,264900.0,360,4.708,740-779,81-90,44-50,IL,Purchase,Multi-Family,Primary,Sunrise Servicing,2022
LN101037,2020-10-01,260400.0,360,4.628,620-659,71-80,37-43,CA,Purchase,Single Family,Primary,Sunrise Servicing,2020
LN101038,2021-04-01,154800.0,360,4.112,700-739,91-95,21-30,FL,Purchase,Single Family,Investment,Apex Mortgage Co,2021
LN101039,2022-09-01,125600.0,360,5.509,620-659,81-90,37-43,WA,Purchase,Single Family,Primary,Highland Capital Servicing,2022
LN101040,2021-03-01,206200.0,360,3.844,740-779,<=60,37-43,FL,Refinance,Single Family,Primary,Meridian Loan Services,2021
LN101041,2023-03-01,309800.0,360,5.053,700-739,61-70,21-30,NY,Purchase,Single Family,Primary,Highland Capital Servicing,2023
LN101042,2021-10-01,278600.0,360,4.022,660-699,<=60,37-43,OH,Purchase,Single Family,Primary,Apex Mortgage Co,2021
LN101043,2024-02-01,155400.0,180,5.169,780+,71-80,37-43,PA,Purchase,Single Family,Second Home,Cornerstone Servicing,2024
LN101044,2022-04-01,245600.0,180,4.548,620-659,<=60,44-50,GA,Cash-Out Refinance,Single Family,Primary,Meridian Loan Services,2022
LN101045,2020-07-01,344300.0,360,4.047,700-739,81-90,21-30,MI,Purchase,Single Family,Second Home,Meridian Loan Services,2020
LN101046,2023-01-01,136300.0,360,4.523,740-779,71-80,21-30,CA,Purchase,Single Family,Primary,Cornerstone Servicing,2023
LN101047,2021-02-01,237600.0,180,5.059,<620,91-95,31-36,WA,Purchase,Single Family,Investment,Meridian Loan Services,2021
LN101048,2021-10-01,422000.0,360,4.167,700-739,61-70,<=20,WA,Purchase,Single Family,Investment,Meridian Loan Services,2021
LN101049,2019-09-01,130100.0,360,3.574,740-779,71-80,31-36,IL,Cash-Out Refinance,Single Family,Primary,Cornerstone Servicing,2019
LN101050,2019-08-01,388500.0,360,4.675,<620,<=60,44-50,OH,Purchase,Single Family,Primary,Cornerstone Servicing,2019
LN101051,2021-12-01,478600.0,360,4.008,700-739,91-95,21-30,TX,Refinance,Single Family,Primary,Sunrise Servicing,2021
LN101052,2019-12-01,209000.0,180,4.475,660-699,61-70,31-36,NY,Refinance,Single Family,Investment,Cornerstone Servicing,2019
LN101053,2024-02-01,197900.0,180,5.075,740-779,<=60,>50,TX,Cash-Out Refinance,Condo,Primary,Highland Capital Servicing,2024
LN101054,2023-06-01,367700.0,360,5.879,620-659,61-70,31-36,CA,Refinance,Condo,Primary,Meridian Loan Services,2023
LN101055,2022-08-01,212400.0,360,4.25,780+,81-90,31-36,AZ,Refinance,Condo,Investment,Apex Mortgage Co,2022
LN101056,2022-10-01,80100.0,360,3.924,780+,<=60,31-36,TX,Purchase,Single Family,Investment,Meridian Loan Services,2022
LN101057,2022-01-01,220900.0,360,4.744,620-659,81-90,21-30,OH,Purchase,Multi-Family,Primary,Sunrise Servicing,2022
LN101058,2019-04-01,285400.0,360,4.222,660-699,81-90,21-30,FL,Refinance,Single Family,Investment,Sunrise Servicing,2019
LN101059,2021-01-01,322200.0,360,4.344,700-739,81-90,37-43,FL,Refinance,Single Family,Primary,Sunrise Servicing,2021
LN101060,2021-07-01,155400.0,360,3.602,740-779,61-70,31-36,FL,Purchase,Single Family,Primary,Apex Mortgage Co,2021
LN101061,2023-09-01,204600.0,360,5.162,700-739,<=60,21-30,FL,Purchase,Single Family,Investment,Cornerstone Servicing,2023
LN101062,2020-02-01,358500.0,180,4.66,620-659,71-80,<=20,GA,Purchase,Single Family,Primary,Apex Mortgage Co,2020
LN101063,2021-07-01,224800.0,360,4.224,620-659,61-70,44-50,AZ,Purchase,Single Family,Primary,Sunrise Servicing,2021
LN101064,2020-10-01,116100.0,360,3.569,780+,81-90,<=20,NY,Purchase,Condo,Second Home,Apex Mortgage Co,2020
LN101065,2019-09-01,403100.0,360,4.12,700-739,71-80,37-43,AZ,Purchase,Single Family,Primary,Highland Capital Servicing,2019
LN101066,2019-07-01,209700.0,360,3.392,780+,71-80,31-36,GA,Purchase,Single Family,Primary,Cornerstone Servicing,2019
LN101067,2020-11-01,377400.0,180,4.138,700-739,<=60,37-43,OH,Refinance,Multi-Family,Primary,Highland Capital Servicing,2020
LN101068,2019-06-01,123300.0,180,3.287,780+,71-80,21-30,TX,Refinance,Single Family,Primary,Meridian Loan Services,2019
LN101069,2019-05-01,218700.0,180,4.365,620-659,61-70,21-30,CA,Refinance,Single Family,Primary,Highland Capital Servicing,2019
LN101070,2020-10-01,290500.0,360,4.561,620-659,81-90,31-36,MI,Refinance,Single Family,Investment,Sunrise Servicing,2020
LN101071,2020-01-01,222100.0,360,3.193,780+,<=60,37-43,OH,Purchase,Single Family,Primary,Apex Mortgage Co,2020
LN101072,2021-11-01,135600.0,180,4.095,780+,>95,21-30,NY,Purchase,Manufactured,Primary,Apex Mortgage Co,2021
LN101073,2019-02-01,78900.0,180,4.427,660-699,81-90,31-36,PA,Refinance,Condo,Primary,Sunrise Servicing,2019
LN101074,2020-07-01,458400.0,180,4.23,660-699,61-70,31-36,FL,Cash-Out Refinance,Condo,Primary,Sunrise Servicing,2020
LN101075,2021-05-01,258200.0,360,3.736,700-739,<=60,21-30,PA,Refinance,Single Family,Primary,Cornerstone Servicing,2021
LN101076,2023-12-01,390500.0,360,5.421,700-739,71-80,37-43,FL,Refinance,Condo,Second Home,Meridian Loan Services,2023
LN101077,2022-04-01,350800.0,360,4.669,620-659,61-70,21-30,WA,Refinance,Condo,Investment,Sunrise Servicing,2022
LN101078,2023-07-01,302100.0,360,4.725,780+,61-70,31-36,TX,Refinance,Single Family,Primary,Apex Mortgage Co,2023
LN101079,2020-10-01,199900.0,360,4.479,660-699,91-95,21-30,CA,Refinance,Single Family,Investment,Meridian Loan Services,2020
LN101080,2021-04-01,287900.0,360,3.694,740-779,81-90,31-36,GA,Refinance,Single Family,Primary,Cornerstone Servicing,2021
LN101081,2021-03-01,440000.0,360,4.77,<620,61-70,21-30,TX,Purchase,Single Family,Primary,Cornerstone Servicing,2021
LN101082,2023-08-01,239800.0,360,6.385,<620,71-80,31-36,AZ,Purchase,Multi-Family,Primary,Cornerstone Servicing,2023
LN101083,2023-12-01,543500.0,360,5.344,740-779,61-70,31-36,GA,Purchase,Single Family,Primary,Meridian Loan Services,2023
LN101084,2023-12-01,117600.0,360,6.155,660-699,>95,44-50,TX,Purchase,Single Family,Investment,Cornerstone Servicing,2023
LN101085,2022-11-01,112100.0,360,4.311,740-779,<=60,31-36,TX,Refinance,Multi-Family,Primary,Meridian Loan Services,2022
LN101086,2021-08-01,360300.0,360,5.147,620-659,81-90,44-50,WA,Purchase,Single Family,Second Home,Meridian Loan Services,2021
LN101087,2021-10-01,159800.0,180,3.76,780+,81-90,21-30,OH,Purchase,Single Family,Primary,Cornerstone Servicing,2021
LN101088,2024-01-01,579300.0,180,5.513,740-779,<=60,31-36,WA,Refinance,Multi-Family,Primary,Highland Capital Servicing,2024
LN101089,2020-06-01,421600.0,360,3.1,780+,61-70,<=20,CA,Purchase,Multi-Family,Primary,Sunrise Servicing,2020
LN101090,2020-10-01,471800.0,360,4.674,620-659,71-80,31-36,WA,Cash-Out Refinance,Condo,Investment,Cornerstone Servicing,2020
LN101091,2023-08-01,343900.0,180,5.686,660-699,91-95,37-43,IL,Purchase,Single Family,Primary,Sunrise Servicing,2023
LN101092,2020-12-01,152600.0,180,4.543,660-699,71-80,44-50,GA,Purchase,Manufactured,Primary,Highland Capital Servicing,2020
LN101093,2020-03-01,109500.0,360,4.355,700-739,81-90,37-43,FL,Purchase,Condo,Primary,Apex Mortgage Co,2020
LN101094,2021-11-01,452700.0,360,4.507,660-699,81-90,37-43,CA,Purchase,Single Family,Primary,Sunrise Servicing,2021
LN101095,2020-09-01,117600.0,360,5.01,<620,91-95,21-30,AZ,Purchase,Single Family,Primary,Highland Capital Servicing,2020
LN101096,2023-08-01,471300.0,360,5.523,660-699,71-80,<=20,AZ,Purchase,Single Family,Second Home,Highland Capital Servicing,2023
LN101097,2023-09-01,312200.0,360,5.829,660-699,71-80,44-50,FL,Purchase,Condo,Primary,Cornerstone Servicing,2023
LN101098,2020-07-01,223200.0,360,4.351,700-739,81-90,21-30,AZ,Purchase,Multi-Family,Primary,Highland Capital Servicing,2020
LN101099,2021-09-01,281800.0,360,4.595,620-659,61-70,<=20,TX,Refinance,Single Family,Primary,Highland Capital Servicing,2021
LN101100,2024-01-01,284800.0,360,6.165,660-699,91-95,>50,CA,Purchase,Single Family,Primary,Cornerstone Servicing,2024
LN101101,2022-11-01,210900.0,360,4.382,740-779,<=60,>50,CA,Purchase,Condo,Primary,Cornerstone Servicing,2022
LN101102,2020-02-01,438700.0,360,4.024,700-739,61-70,37-43,FL,Purchase,Single Family,Primary,Apex Mortgage Co,2020
LN101103,2022-01-01,432000.0,360,4.581,660-699,81-90,31-36,CA,Cash-Out Refinance,Single Family,Primary,Sunrise Servicing,2022
LN101104,2022-03-01,247700.0,180,4.33,700-739,71-80,44-50,FL,Refinance,Single Family,Primary,Meridian Loan Services,2022
LN101105,2022-05-01,176300.0,180,4.042,740-779,61-70,21-30,CA,Cash-Out Refinance,Single Family,Primary,Highland Capital Servicing,2022
LN101106,2019-02-01,415700.0,360,4.202,660-699,61-70,31-36,NC,Cash-Out Refinance,Condo,Primary,Sunrise Servicing,2019
LN101107,2020-07-01,93000.0,360,4.109,700-739,71-80,31-36,MI,Purchase,Single Family,Primary,Sunrise Servicing,2020
LN101108,2023-05-01,282000.0,180,4.502,780+,91-95,44-50,GA,Refinance,Single Family,Investment,Meridian Loan Services,2023
LN101109,2020-03-01,322200.0,360,3.744,700-739,<=60,44-50,TX,Purchase,Multi-Family,Investment,Cornerstone Servicing,2020
LN101110,2020-07-01,159100.0,360,3.476,780+,<=60,37-43,PA,Cash-Out Refinance,Condo,Primary,Meridian Loan Services,2020
LN101111,2020-08-01,358000.0,360,3.66,740-779,71-80,21-30,TX,Purchase,Single Family,Primary,Cornerstone Servicing,2020
LN101112,2019-12-01,228200.0,360,5.35,<620,>95,31-36,NC,Purchase,Single Family,Primary,Cornerstone Servicing,2019
LN101113,2019-10-01,180700.0,180,3.926,700-739,61-70,21-30,IL,Cash-Out Refinance,Condo,Second Home,Meridian Loan Services,2019
LN101114,2020-10-01,356300.0,360,4.208,740-779,>95,44-50,FL,Cash-Out Refinance,Single Family,Primary,Meridian Loan Services,2020
LN101115,2023-07-01,141700.0,180,4.94,780+,91-95,21-30,CA,Cash-Out Refinance,Single Family,Primary,Cornerstone Servicing,2023
LN101116,2019-01-01,341500.0,360,4.058,700-739,61-70,<=20,MI,Purchase,Single Family,Primary,Highland Capital Servicing,2019
LN101117,2020-06-01,94700.0,360,4.715,620-659,81-90,37-43,WA,Purchase,Single Family,Primary,Highland Capital Servicing,2020
LN101118,2019-04-01,262600.0,360,4.099,700-739,81-90,31-36,GA,Purchase,Condo,Primary,Cornerstone Servicing,2019
LN101119,2021-11-01,235600.0,360,4.81,620-659,71-80,44-50,AZ,Purchase,Single Family,Primary,Sunrise Servicing,2021
LN101120,2020-04-01,181200.0,360,3.517,740-779,71-80,<=20,WA,Purchase,Single Family,Second Home,Meridian Loan Services,2020
LN101121,2023-02-01,275200.0,360,5.362,700-739,81-90,44-50,TX,Purchase,Single Family,Second Home,Highland Capital Servicing,2023
LN101122,2022-01-01,222800.0,360,4.291,740-779,81-90,<=20,NC,Refinance,Single Family,Primary,Sunrise Servicing,2022
LN101123,2023-01-01,371200.0,180,4.511,780+,81-90,<=20,FL,Purchase,Single Family,Primary,Cornerstone Servicing,2023
LN101124,2022-04-01,297200.0,360,4.416,740-779,>95,31-36,NY,Refinance,Multi-Family,Investment,Apex Mortgage Co,2022
LN101125,2021-04-01,283100.0,180,4.223,700-739,71-80,21-30,CA,Cash-Out Refinance,Single Family,Second Home,Meridian Loan Services,2021
LN101126,2023-06-01,263400.0,180,4.846,740-779,81-90,37-43,AZ,Refinance,Single Family,Investment,Meridian Loan Services,2023
LN101127,2021-06-01,186700.0,360,3.609,780+,91-95,<=20,NC,Purchase,Single Family,Investment,Sunrise Servicing,2021
LN101128,2023-11-01,201600.0,360,5.093,780+,61-70,<=20,TX,Purchase,Condo,Primary,Apex Mortgage Co,2023
LN101129,2024-02-01,258300.0,360,6.214,<620,<=60,37-43,FL,Purchase,Single Family,Primary,Cornerstone Servicing,2024
LN101130,2022-01-01,213600.0,360,3.846,700-739,71-80,21-30,NY,Refinance,Multi-Family,Primary,Sunrise Servicing,2022
LN101131,2022-06-01,380800.0,360,4.86,660-699,91-95,37-43,NC,Purchase,Single Family,Primary,Apex Mortgage Co,2022
LN101132,2020-04-01,240900.0,360,3.578,780+,61-70,37-43,WA,Purchase,Single Family,Primary,Highland Capital Servicing,2020
LN101133,2023-03-01,273500.0,180,4.61,740-779,81-90,<=20,FL,Cash-Out Refinance,Single Family,Primary,Apex Mortgage Co,2023
LN101134,2022-06-01,122900.0,360,4.274,700-739,<=60,37-43,NY,Refinance,Single Family,Primary,Highland Capital Servicing,2022
LN101135,2023-08-01,353100.0,360,5.933,620-659,71-80,21-30,OH,Cash-Out Refinance,Manufactured,Primary,Highland Capital Servicing,2023
LN101136,2020-05-01,177800.0,360,4.289,660-699,81-90,31-36,FL,Purchase,Manufactured,Primary,Cornerstone Servicing,2020
LN101137,2023-01-01,144500.0,360,3.974,740-779,61-70,<=20,IL,Cash-Out Refinance,Single Family,Primary,Highland Capital Servicing,2023
LN101138,2021-06-01,484500.0,360,4.326,660-699,91-95,44-50,CA,Purchase,Single Family,Primary,Highland Capital Servicing,2021
LN101139,2019-12-01,316100.0,360,4.62,620-659,61-70,37-43,TX,Purchase,Single Family,Primary,Meridian Loan Services,2019
LN101140,2019-11-01,358500.0,360,3.668,780+,91-95,31-36,NY,Cash-Out Refinance,Single Family,Primary,Sunrise Servicing,2019
LN101141,2021-11-01,283400.0,360,3.781,740-779,61-70,>50,WA,Cash-Out Refinance,Condo,Primary,Sunrise Servicing,2021
LN101142,2020-08-01,221500.0,360,5.064,620-659,>95,31-36,FL,Purchase,Multi-Family,Primary,Sunrise Servicing,2020
LN101143,2019-07-01,203700.0,360,4.22,660-699,81-90,44-50,TX,Purchase,Single Family,Primary,Cornerstone Servicing,2019
LN101144,2021-03-01,327900.0,360,3.191,780+,<=60,37-43,NC,Purchase,Condo,Investment,Sunrise Servicing,2021
LN101145,2022-05-01,384500.0,180,4.033,740-779,<=60,>50,AZ,Refinance,Condo,Primary,Apex Mortgage Co,2022
LN101146,2020-08-01,224000.0,360,3.9,700-739,<=60,44-50,NY,Cash-Out Refinance,Single Family,Primary,Highland Capital Servicing,2020
LN101147,2023-12-01,586900.0,360,6.302,660-699,81-90,>50,CA,Purchase,Single Family,Investment,Highland Capital Servicing,2023
LN101148,2023-01-01,211300.0,360,5.298,660-699,81-90,21-30,GA,Purchase,Single Family,Primary,Sunrise Servicing,2023
LN101149,2021-08-01,123300.0,180,5.182,<620,71-80,44-50,NY,Refinance,Condo,Investment,Cornerstone Servicing,2021
LN101150,2023-10-01,106400.0,360,5.096,740-779,71-80,44-50,GA,Refinance,Manufactured,Primary,Apex Mortgage Co,2023
LN101151,2021-03-01,108100.0,180,5.313,<620,81-90,37-43,TX,Purchase,Single Family,Primary,Sunrise Servicing,2021
LN101152,2019-09-01,191700.0,360,5.297,<620,71-80,21-30,CA,Refinance,Single Family,Primary,Sunrise Servicing,2019
LN101153,2019-03-01,208100.0,180,3.724,740-779,81-90,>50,FL,Cash-Out Refinance,Single Family,Primary,Cornerstone Servicing,2019
LN101154,2023-11-01,314000.0,360,5.08,780+,71-80,21-30,NC,Purchase,Single Family,Investment,Cornerstone Servicing,2023
LN101155,2023-12-01,228000.0,180,5.334,740-779,81-90,31-36,FL,Refinance,Single Family,Primary,Highland Capital Servicing,2023
LN101156,2022-10-01,337600.0,360,5.192,700-739,>95,31-36,TX,Refinance,Multi-Family,Primary,Meridian Loan Services,2022
LN101157,2019-07-01,235700.0,360,4.191,700-739,71-80,21-30,NY,Purchase,Single Family,Primary,Cornerstone Servicing,2019
LN101158,2020-07-01,232400.0,360,3.868,700-739,<=60,37-43,NC,Cash-Out Refinance,Single Family,Investment,Meridian Loan Services,2020
LN101159,2019-03-01,178100.0,360,4.27,660-699,61-70,<=20,CA,Refinance,Single Family,Primary,Meridian Loan Services,2019
LN101160,2019-04-01,438100.0,360,3.993,700-739,71-80,37-43,GA,Purchase,Single Family,Primary,Highland Capital Servicing,2019
LN101161,2020-04-01,115900.0,360,4.205,700-739,71-80,44-50,GA,Purchase,Condo,Investment,Meridian Loan Services,2020
LN101162,2021-12-01,264500.0,180,4.346,700-739,91-95,31-36,FL,Refinance,Single Family,Primary,Apex Mortgage Co,2021
LN101163,2019-05-01,212800.0,360,3.52,780+,81-90,37-43,AZ,Purchase,Single Family,Primary,Highland Capital Servicing,2019
LN101164,2024-01-01,328300.0,360,5.052,780+,71-80,21-30,WA,Purchase,Multi-Family,Primary,Sunrise Servicing,2024
LN101165,2021-05-01,228800.0,360,5.244,<620,81-90,44-50,FL,Purchase,Single Family,Primary,Cornerstone Servicing,2021
LN101166,2020-05-01,231900.0,360,4.254,700-739,61-70,>50,CA,Refinance,Single Family,Second Home,Sunrise Servicing,2020
LN101167,2021-08-01,204800.0,360,4.595,620-659,81-90,21-30,FL,Cash-Out Refinance,Single Family,Primary,Cornerstone Servicing,2021
LN101168,2023-01-01,432300.0,360,4.982,660-699,<=60,37-43,TX,Refinance,Single Family,Investment,Meridian Loan Services,2023
LN101169,2020-08-01,231200.0,360,4.128,660-699,81-90,31-36,IL,Cash-Out Refinance,Single Family,Primary,Apex Mortgage Co,2020
LN101170,2019-03-01,560400.0,360,4.81,620-659,91-95,31-36,WA,Purchase,Condo,Primary,Meridian Loan Services,2019
LN101171,2019-04-01,261100.0,360,3.962,740-779,81-90,37-43,MI,Purchase,Single Family,Primary,Apex Mortgage Co,2019
LN101172,2023-05-01,233200.0,360,5.207,700-739,91-95,31-36,FL,Cash-Out Refinance,Single Family,Primary,Sunrise Servicing,2023
LN101173,2019-07-01,216300.0,360,3.392,780+,71-80,37-43,NY,Purchase,Condo,Primary,Sunrise Servicing,2019
LN101174,2022-04-01,297700.0,360,5.331,<620,91-95,21-30,CA,Cash-Out Refinance,Single Family,Primary,Apex Mortgage Co,2022
LN101175,2020-12-01,177200.0,360,4.957,<620,71-80,31-36,IL,Purchase,Single Family,Primary,Highland Capital Servicing,2020
LN101176,2023-01-01,246600.0,360,4.968,700-739,81-90,44-50,CA,Purchase,Single Family,Second Home,Cornerstone Servicing,2023
LN101177,2019-04-01,231800.0,360,4.22,620-659,<=60,21-30,WA,Refinance,Single Family,Primary,Cornerstone Servicing,2019
LN101178,2023-08-01,267400.0,180,5.528,660-699,61-70,37-43,MI,Purchase,Single Family,Primary,Cornerstone Servicing,2023
LN101179,2022-08-01,270400.0,360,3.775,780+,71-80,21-30,TX,Purchase,Single Family,Primary,Highland Capital Servicing,2022
LN101180,2021-04-01,276800.0,360,4.363,660-699,<=60,44-50,GA,Purchase,Single Family,Primary,Highland Capital Servicing,2021
LN101181,2020-01-01,241000.0,360,4.762,620-659,81-90,37-43,IL,Purchase,Single Family,Primary,Meridian Loan Services,2020
LN101182,2024-01-01,467900.0,180,5.753,700-739,91-95,31-36,PA,Purchase,Single Family,Investment,Cornerstone Servicing,2024
LN101183,2020-07-01,279300.0,360,4.294,700-739,91-95,21-30,NY,Cash-Out Refinance,Single Family,Primary,Cornerstone Servicing,2020
LN101184,2021-07-01,746200.0,360,3.816,700-739,<=60,31-36,TX,Purchase,Single Family,Primary,Apex Mortgage Co,2021
LN101185,2021-01-01,236200.0,360,4.843,660-699,91-95,>50,GA,Cash-Out Refinance,Single Family,Primary,Sunrise Servicing,2021
LN101186,2020-03-01,355600.0,360,3.515,740-779,<=60,31-36,CA,Refinance,Condo,Primary,Sunrise Servicing,2020
LN101187,2021-02-01,166600.0,360,4.89,620-659,71-80,31-36,OH,Purchase,Single Family,Primary,Apex Mortgage Co,2021
LN101188,2019-10-01,433800.0,360,4.035,700-739,91-95,37-43,TX,Purchase,Single Family,Primary,Highland Capital Servicing,2019
LN101189,2019-01-01,168200.0,180,3.672,740-779,<=60,31-36,GA,Cash-Out Refinance,Single Family,Primary,Apex Mortgage Co,2019
LN101190,2020-06-01,283600.0,360,3.578,780+,<=60,31-36,MI,Refinance,Single Family,Primary,Cornerstone Servicing,2020
LN101191,2019-07-01,205000.0,360,4.322,660-699,<=60,31-36,CA,Cash-Out Refinance,Single Family,Second Home,Apex Mortgage Co,2019
LN101192,2021-02-01,283100.0,360,4.457,700-739,71-80,21-30,NY,Purchase,Condo,Primary,Highland Capital Servicing,2021
LN101193,2023-06-01,207800.0,360,6.17,<620,81-90,37-43,NC,Refinance,Single Family,Primary,Highland Capital Servicing,2023
LN101194,2019-11-01,161900.0,360,4.778,620-659,61-70,44-50,TX,Refinance,Single Family,Primary,Cornerstone Servicing,2019
LN101195,2019-01-01,204400.0,180,5.114,<620,61-70,44-50,IL,Cash-Out Refinance,Multi-Family,Primary,Highland Capital Servicing,2019
LN101196,2019-07-01,462200.0,360,3.44,740-779,71-80,44-50,GA,Purchase,Single Family,Primary,Apex Mortgage Co,2019
LN101197,2021-08-01,285000.0,360,4.125,660-699,61-70,31-36,FL,Cash-Out Refinance,Multi-Family,Primary,Sunrise Servicing,2021
LN101198,2020-06-01,129300.0,360,3.611,740-779,81-90,21-30,MI,Purchase,Condo,Primary,Highland Capital Servicing,2020
LN101199,2021-07-01,378100.0,360,5.373,<620,>95,37-43,IL,Cash-Out Refinance,Single Family,Primary,Sunrise Servicing,2021
LN101200,2019-02-01,154600.0,360,3.17,780+,81-90,>50,OH,Purchase,Single Family,Primary,Meridian Loan Services,2019
LN101201,2020-09-01,322700.0,360,3.628,740-779,91-95,37-43,CA,Refinance,Single Family,Investment,Apex Mortgage Co,2020
LN101202,2021-02-01,296200.0,360,4.544,620-659,71-80,31-36,CA,Purchase,Multi-Family,Investment,Sunrise Servicing,2021
LN101203,2021-03-01,304800.0,360,4.832,<620,91-95,37-43,CA,Cash-Out Refinance,Single Family,Second Home,Highland Capital Servicing,2021
LN101204,2021-11-01,531800.0,360,4.937,<620,61-70,37-43,WA,Purchase,Multi-Family,Primary,Meridian Loan Services,2021
LN101205,2023-01-01,159100.0,180,3.865,780+,<=60,44-50,WA,Purchase,Single Family,Primary,Apex Mortgage Co,2023
LN101206,2021-05-01,304000.0,360,4.139,660-699,81-90,37-43,PA,Refinance,Single Family,Primary,Meridian Loan Services,2021
LN101207,2023-05-01,407100.0,360,4.93,700-739,<=60,31-36,TX,Refinance,Single Family,Primary,Meridian Loan Services,2023
LN101208,2021-09-01,172900.0,360,4.21,700-739,91-95,21-30,IL,Purchase,Single Family,Investment,Meridian Loan Services,2021
LN101209,2020-05-01,165100.0,180,3.518,740-779,81-90,31-36,PA,Refinance,Single Family,Primary,Sunrise Servicing,2020
LN101210,2020-03-01,203000.0,360,4.16,700-739,>95,31-36,GA,Purchase,Multi-Family,Primary,Sunrise Servicing,2020
LN101211,2020-08-01,267300.0,360,4.087,700-739,71-80,>50,CA,Refinance,Single Family,Investment,Highland Capital Servicing,2020
LN101212,2022-01-01,122400.0,360,3.386,780+,71-80,31-36,WA,Refinance,Multi-Family,Primary,Sunrise Servicing,2022
LN101213,2020-04-01,296000.0,360,4.741,620-659,81-90,31-36,TX,Refinance,Manufactured,Primary,Apex Mortgage Co,2020
LN101214,2023-09-01,122500.0,360,5.261,740-779,61-70,31-36,TX,Cash-Out Refinance,Single Family,Primary,Sunrise Servicing,2023
LN101215,2021-06-01,413300.0,360,5.4,<620,71-80,37-43,WA,Purchase,Single Family,Primary,Apex Mortgage Co,2021
LN101216,2023-06-01,291000.0,360,5.148,700-739,81-90,31-36,NY,Purchase,Single Family,Investment,Highland Capital Servicing,2023
LN101217,2022-07-01,546300.0,360,3.875,780+,>95,21-30,FL,Refinance,Single Family,Primary,Apex Mortgage Co,2022
LN101218,2020-09-01,312100.0,360,3.857,740-779,81-90,44-50,IL,Purchase,Manufactured,Primary,Highland Capital Servicing,2020
LN101219,2020-03-01,201400.0,360,3.642,740-779,<=60,31-36,AZ,Purchase,Multi-Family,Primary,Meridian Loan Services,2020
LN101220,2022-11-01,161200.0,360,5.122,660-699,71-80,31-36,CA,Refinance,Multi-Family,Investment,Apex Mortgage Co,2022
LN101221,2020-09-01,257200.0,360,4.327,700-739,81-90,21-30,NC,Purchase,Single Family,Investment,Meridian Loan Services,2020
LN101222,2020-04-01,227800.0,360,4.79,660-699,61-70,31-36,FL,Purchase,Single Family,Investment,Apex Mortgage Co,2020
LN101223,2023-10-01,393900.0,180,5.146,700-739,71-80,37-43,CA,Cash-Out Refinance,Single Family,Investment,Sunrise Servicing,2023
LN101224,2021-06-01,152100.0,360,3.89,700-739,61-70,44-50,NY,Purchase,Multi-Family,Primary,Meridian Loan Services,2021
LN101225,2019-04-01,573400.0,360,4.385,660-699,<=60,<=20,IL,Purchase,Single Family,Primary,Highland Capital Servicing,2019
LN101226,2021-07-01,409900.0,360,4.216,660-699,71-80,>50,TX,Purchase,Single Family,Investment,Highland Capital Servicing,2021
LN101227,2021-05-01,210700.0,360,4.475,660-699,61-70,37-43,NY,Purchase,Single Family,Primary,Meridian Loan Services,2021
LN101228,2023-06-01,518700.0,360,5.637,660-699,81-90,21-30,GA,Refinance,Single Family,Primary,Meridian Loan Services,2023
LN101229,2022-09-01,162400.0,360,5.428,620-659,61-70,21-30,OH,Refinance,Single Family,Primary,Meridian Loan Services,2022
LN101230,2019-12-01,253300.0,360,3.91,780+,81-90,21-30,NC,Refinance,Single Family,Primary,Meridian Loan Services,2019
LN101231,2019-10-01,130000.0,180,4.003,700-739,61-70,44-50,MI,Purchase,Multi-Family,Primary,Cornerstone Servicing,2019
LN101232,2022-02-01,530200.0,360,4.556,620-659,91-95,21-30,NY,Purchase,Condo,Investment,Highland Capital Servicing,2022
LN101233,2019-03-01,110000.0,360,3.333,740-779,<=60,31-36,NY,Purchase,Single Family,Primary,Meridian Loan Services,2019
LN101234,2020-08-01,120800.0,360,3.939,780+,71-80,37-43,NY,Refinance,Condo,Primary,Apex Mortgage Co,2020
LN101235,2019-09-01,173600.0,360,4.007,660-699,71-80,44-50,IL,Refinance,Single Family,Primary,Apex Mortgage Co,2019
LN101236,2019-02-01,418800.0,180,4.611,620-659,61-70,37-43,CA,Purchase,Condo,Primary,Apex Mortgage Co,2019
LN101237,2023-09-01,354900.0,180,5.802,<620,71-80,37-43,FL,Cash-Out Refinance,Single Family,Primary,Meridian Loan Services,2023
LN101238,2019-06-01,244000.0,180,4.753,<620,91-95,21-30,TX,Refinance,Single Family,Primary,Cornerstone Servicing,2019
LN101239,2019-01-01,365300.0,180,4.007,740-779,91-95,44-50,FL,Purchase,Single Family,Primary,Meridian Loan Services,2019
LN101240,2023-10-01,219300.0,360,4.896,780+,71-80,21-30,AZ,Refinance,Single Family,Primary,Apex Mortgage Co,2023
LN101241,2019-12-01,279300.0,360,4.792,<620,61-70,21-30,OH,Refinance,Single Family,Primary,Sunrise Servicing,2019
LN101242,2023-03-01,485700.0,180,4.62,740-779,81-90,>50,NY,Purchase,Condo,Primary,Apex Mortgage Co,2023
LN101243,2019-03-01,206700.0,360,4.514,<620,81-90,21-30,IL,Purchase,Condo,Primary,Cornerstone Servicing,2019
LN101244,2019-10-01,163600.0,360,4.075,700-739,61-70,21-30,GA,Refinance,Single Family,Primary,Cornerstone Servicing,2019
LN101245,2019-07-01,285400.0,360,3.688,740-779,81-90,37-43,NY,Cash-Out Refinance,Single Family,Primary,Apex Mortgage Co,2019
LN101246,2022-08-01,322300.0,360,4.552,660-699,71-80,21-30,NY,Refinance,Condo,Primary,Sunrise Servicing,2022
LN101247,2022-03-01,242700.0,360,5.19,<620,81-90,21-30,NC,Refinance,Single Family,Investment,Highland Capital Servicing,2022
LN101248,2021-06-01,362800.0,360,4.187,700-739,71-80,37-43,CA,Refinance,Single Family,Primary,Highland Capital Servicing,2021
LN101249,2020-03-01,211000.0,180,3.423,780+,71-80,37-43,IL,Purchase,Single Family,Primary,Cornerstone Servicing,2020
LN101250,2019-06-01,244600.0,360,4.206,660-699,61-70,44-50,IL,Purchase,Single Family,Primary,Apex Mortgage Co,2019
LN101251,2021-12-01,273400.0,180,4.711,620-659,81-90,21-30,NC,Purchase,Single Family,Primary,Sunrise Servicing,2021
LN101252,2020-03-01,262800.0,360,4.442,620-659,61-70,31-36,AZ,Cash-Out Refinance,Single Family,Primary,Cornerstone Servicing,2020
LN101253,2022-01-01,477300.0,360,4.149,700-739,81-90,44-50,PA,Cash-Out Refinance,Single Family,Primary,Highland Capital Servicing,2022
LN101254,2022-07-01,272700.0,360,4.727,700-739,81-90,21-30,IL,Cash-Out Refinance,Single Family,Primary,Cornerstone Servicing,2022
LN101255,2023-05-01,201400.0,360,5.085,740-779,81-90,21-30,TX,Purchase,Condo,Primary,Sunrise Servicing,2023
LN101256,2021-07-01,292900.0,360,3.719,740-779,<=60,<=20,OH,Purchase,Single Family,Investment,Apex Mortgage Co,2021
LN101257,2019-01-01,363700.0,360,3.154,780+,61-70,31-36,MI,Refinance,Single Family,Primary,Apex Mortgage Co,2019
LN101258,2020-06-01,327200.0,180,3.957,740-779,71-80,21-30,WA,Purchase,Multi-Family,Investment,Meridian Loan Services,2020
LN101259,2023-05-01,319200.0,360,5.572,660-699,81-90,37-43,MI,Purchase,Condo,Investment,Cornerstone Servicing,2023
LN101260,2021-10-01,117700.0,360,4.054,700-739,91-95,>50,TX,Refinance,Single Family,Primary,Sunrise Servicing,2021
LN101261,2022-03-01,75200.0,180,4.411,660-699,71-80,21-30,NC,Refinance,Single Family,Primary,Sunrise Servicing,2022
LN101262,2021-05-01,410000.0,180,4.693,660-699,91-95,37-43,WA,Refinance,Single Family,Primary,Meridian Loan Services,2021
LN101263,2019-11-01,281400.0,360,3.606,780+,61-70,21-30,GA,Purchase,Single Family,Primary,Cornerstone Servicing,2019
LN101264,2023-08-01,228700.0,360,4.692,740-779,71-80,<=20,GA,Purchase,Condo,Primary,Sunrise Servicing,2023
LN101265,2022-12-01,315700.0,360,4.396,780+,<=60,37-43,IL,Purchase,Condo,Primary,Apex Mortgage Co,2022
LN101266,2024-02-01,549800.0,360,5.981,700-739,81-90,31-36,GA,Purchase,Multi-Family,Primary,Sunrise Servicing,2024
LN101267,2023-06-01,436300.0,360,5.091,700-739,61-70,>50,FL,Purchase,Multi-Family,Primary,Meridian Loan Services,2023
LN101268,2020-07-01,356100.0,360,3.999,700-739,61-70,31-36,CA,Purchase,Single Family,Primary,Apex Mortgage Co,2020
LN101269,2020-04-01,155000.0,360,4.885,620-659,81-90,21-30,MI,Cash-Out Refinance,Manufactured,Primary,Sunrise Servicing,2020
LN101270,2020-04-01,164300.0,360,4.299,660-699,71-80,31-36,AZ,Purchase,Multi-Family,Second Home,Meridian Loan Services,2020
LN101271,2023-09-01,78900.0,180,5.21,700-739,<=60,21-30,MI,Purchase,Single Family,Primary,Apex Mortgage Co,2023
LN101272,2021-11-01,307100.0,360,4.507,<620,<=60,44-50,FL,Purchase,Single Family,Primary,Sunrise Servicing,2021
LN101273,2021-05-01,380400.0,360,3.149,780+,71-80,37-43,CA,Refinance,Single Family,Primary,Apex Mortgage Co,2021
LN101274,2024-01-01,394600.0,360,6.746,620-659,71-80,31-36,TX,Purchase,Single Family,Investment,Highland Capital Servicing,2024
LN101275,2022-02-01,313000.0,360,4.678,620-659,61-70,31-36,MI,Purchase,Single Family,Primary,Meridian Loan Services,2022
LN101276,2023-09-01,215500.0,360,5.226,740-779,81-90,37-43,GA,Purchase,Single Family,Primary,Sunrise Servicing,2023
LN101277,2024-02-01,179200.0,360,6.182,620-659,61-70,44-50,AZ,Purchase,Single Family,Investment,Apex Mortgage Co,2024
LN101278,2019-05-01,159300.0,360,3.251,780+,81-90,<=20,FL,Refinance,Single Family,Primary,Highland Capital Servicing,2019
LN101279,2020-11-01,214600.0,180,3.747,740-779,71-80,<=20,IL,Purchase,Single Family,Primary,Sunrise Servicing,2020
LN101280,2022-10-01,148700.0,360,5.612,<620,61-70,21-30,PA,Purchase,Single Family,Primary,Meridian Loan Services,2022
LN101281,2023-03-01,509000.0,360,4.584,740-779,61-70,31-36,TX,Refinance,Multi-Family,Primary,Cornerstone Servicing,2023
LN101282,2019-10-01,128500.0,360,3.486,740-779,61-70,31-36,AZ,Purchase,Manufactured,Primary,Meridian Loan Services,2019
LN101283,2020-08-01,211400.0,360,3.738,740-779,<=60,21-30,OH,Refinance,Single Family,Primary,Meridian Loan Services,2020
LN101284,2021-10-01,96600.0,360,3.774,740-779,71-80,31-36,CA,Purchase,Single Family,Primary,Highland Capital Servicing,2021
LN101285,2023-02-01,263900.0,360,4.881,740-779,91-95,31-36,CA,Refinance,Condo,Primary,Apex Mortgage Co,2023
LN101286,2019-08-01,230700.0,180,4.28,700-739,91-95,21-30,WA,Purchase,Single Family,Second Home,Meridian Loan Services,2019
LN101287,2022-02-01,196700.0,360,4.411,660-699,71-80,44-50,GA,Purchase,Manufactured,Investment,Highland Capital Servicing,2022
LN101288,2020-07-01,151800.0,360,3.793,740-779,71-80,37-43,PA,Purchase,Condo,Primary,Sunrise Servicing,2020
LN101289,2020-02-01,231200.0,360,3.747,780+,71-80,31-36,PA,Cash-Out Refinance,Single Family,Primary,Highland Capital Servicing,2020
LN101290,2021-08-01,180800.0,360,3.997,700-739,91-95,31-36,NY,Purchase,Single Family,Primary,Meridian Loan Services,2021
LN101291,2021-02-01,217200.0,360,3.408,740-779,61-70,21-30,PA,Cash-Out Refinance,Single Family,Primary,Cornerstone Servicing,2021
LN101292,2022-04-01,557300.0,360,4.346,700-739,61-70,44-50,WA,Cash-Out Refinance,Single Family,Primary,Highland Capital Servicing,2022
LN101293,2020-08-01,249600.0,360,3.676,740-779,71-80,37-43,TX,Purchase,Single Family,Primary,Cornerstone Servicing,2020
LN101294,2023-04-01,293500.0,180,4.09,780+,<=60,31-36,PA,Purchase,Condo,Primary,Sunrise Servicing,2023
LN101295,2019-05-01,187400.0,360,4.714,620-659,71-80,44-50,FL,Purchase,Single Family,Primary,Sunrise Servicing,2019
LN101296,2023-06-01,162300.0,360,5.562,660-699,91-95,44-50,FL,Cash-Out Refinance,Single Family,Primary,Cornerstone Servicing,2023
LN101297,2019-02-01,228600.0,360,3.899,700-739,91-95,44-50,NY,Refinance,Single Family,Primary,Meridian Loan Services,2019
LN101298,2022-10-01,712700.0,360,5.001,700-739,<=60,21-30,MI,Purchase,Single Family,Primary,Cornerstone Servicing,2022
LN101299,2020-10-01,202900.0,180,3.782,700-739,71-80,21-30,CA,Purchase,Single Family,Primary,Highland Capital Servicing,2020
LN101300,2020-12-01,271800.0,360,5.017,<620,71-80,37-43,NY,Cash-Out Refinance,Single Family,Primary,Apex Mortgage Co,2020
LN101301,2019-02-01,159100.0,360,3.614,700-739,71-80,31-36,GA,Purchase,Single Family,Primary,Sunrise Servicing,2019
LN101302,2022-08-01,66800.0,360,4.61,700-739,71-80,37-43,CA,Purchase,Condo,Primary,Sunrise Servicing,2022
LN101303,2019-11-01,161900.0,360,3.722,700-739,<=60,37-43,PA,Purchase,Single Family,Primary,Highland Capital Servicing,2019
LN101304,2022-05-01,674200.0,360,4.442,740-779,91-95,21-30,AZ,Purchase,Single Family,Second Home,Sunrise Servicing,2022
LN101305,2022-09-01,301900.0,360,4.597,740-779,>95,21-30,CA,Cash-Out Refinance,Condo,Investment,Sunrise Servicing,2022
LN101306,2023-05-01,483300.0,180,5.149,740-779,81-90,31-36,CA,Refinance,Condo,Primary,Meridian Loan Services,2023
LN101307,2022-08-01,197500.0,360,4.25,740-779,81-90,21-30,AZ,Purchase,Condo,Primary,Cornerstone Servicing,2022
LN101308,2020-07-01,80000.0,360,3.506,740-779,71-80,37-43,TX,Purchase,Single Family,Primary,Highland Capital Servicing,2020
LN101309,2022-10-01,140200.0,360,4.821,700-739,71-80,37-43,CA,Refinance,Multi-Family,Primary,Highland Capital Servicing,2022
LN101310,2023-04-01,276100.0,360,4.935,700-739,61-70,31-36,AZ,Purchase,Single Family,Primary,Highland Capital Servicing,2023
LN101311,2020-08-01,257000.0,360,4.418,620-659,81-90,37-43,WA,Purchase,Single Family,Primary,Apex Mortgage Co,2020
LN101312,2019-08-01,229900.0,360,3.908,660-699,<=60,31-36,GA,Purchase,Condo,Primary,Meridian Loan Services,2019
LN101313,2023-08-01,181900.0,360,5.367,700-739,91-95,37-43,IL,Refinance,Single Family,Primary,Apex Mortgage Co,2023
LN101314,2019-10-01,352500.0,180,3.727,780+,71-80,21-30,WA,Cash-Out Refinance,Condo,Primary,Apex Mortgage Co,2019
LN101315,2022-01-01,184300.0,180,3.899,740-779,71-80,37-43,GA,Refinance,Single Family,Primary,Cornerstone Servicing,2022
LN101316,2020-03-01,265300.0,360,4.593,620-659,71-80,37-43,GA,Purchase,Single Family,Primary,Cornerstone Servicing,2020
LN101317,2019-08-01,252200.0,360,4.313,700-739,>95,21-30,MI,Refinance,Single Family,Primary,Highland Capital Servicing,2019
LN101318,2023-01-01,195700.0,180,4.654,660-699,61-70,31-36,GA,Purchase,Condo,Primary,Cornerstone Servicing,2023
LN101319,2019-09-01,155300.0,360,3.497,740-779,61-70,44-50,IL,Cash-Out Refinance,Condo,Primary,Cornerstone Servicing,2019
LN101320,2022-06-01,190600.0,180,4.18,740-779,61-70,21-30,FL,Purchase,Single Family,Primary,Highland Capital Servicing,2022
LN101321,2022-07-01,536700.0,360,4.613,700-739,81-90,37-43,IL,Purchase,Single Family,Primary,Cornerstone Servicing,2022
LN101322,2019-04-01,381000.0,360,4.069,700-739,>95,>50,IL,Purchase,Single Family,Primary,Sunrise Servicing,2019
LN101323,2019-11-01,365600.0,360,4.223,660-699,61-70,44-50,FL,Purchase,Single Family,Investment,Sunrise Servicing,2019
LN101324,2023-02-01,162100.0,180,5.17,700-739,91-95,31-36,NY,Purchase,Condo,Primary,Apex Mortgage Co,2023
LN101325,2021-08-01,120900.0,360,3.344,780+,61-70,37-43,PA,Refinance,Single Family,Primary,Sunrise Servicing,2021
LN101326,2019-08-01,378300.0,360,3.931,740-779,81-90,>50,NY,Refinance,Single Family,Primary,Meridian Loan Services,2019
LN101327,2024-02-01,347000.0,360,5.572,700-739,<=60,37-43,CA,Cash-Out Refinance,Single Family,Primary,Sunrise Servicing,2024
LN101328,2020-05-01,245700.0,360,4.514,660-699,71-80,21-30,TX,Purchase,Single Family,Primary,Cornerstone Servicing,2020
LN101329,2019-01-01,195500.0,360,5.292,<620,81-90,<=20,TX,Purchase,Condo,Second Home,Highland Capital Servicing,2019
LN101330,2023-10-01,119500.0,360,6.254,620-659,71-80,44-50,PA,Purchase,Single Family,Primary,Sunrise Servicing,2023
LN101331,2019-02-01,341200.0,360,4.86,620-659,61-70,31-36,NY,Purchase,Single Family,Second Home,Highland Capital Servicing,2019
LN101332,2021-11-01,393900.0,360,4.388,660-699,91-95,21-30,TX,Purchase,Manufactured,Primary,Highland Capital Servicing,2021
LN101333,2024-02-01,170100.0,360,4.99,780+,>95,31-36,PA,Cash-Out Refinance,Single Family,Primary,Meridian Loan Services,2024
LN101334,2021-12-01,163900.0,360,3.996,700-739,71-80,37-43,CA,Cash-Out Refinance,Multi-Family,Second Home,Cornerstone Servicing,2021
LN101335,2022-01-01,403700.0,360,4.393,660-699,81-90,31-36,TX,Purchase,Single Family,Primary,Cornerstone Servicing,2022
LN101336,2021-01-01,173000.0,180,5.126,620-659,81-90,44-50,MI,Refinance,Single Family,Second Home,Cornerstone Servicing,2021
LN101337,2019-08-01,514300.0,360,3.973,660-699,61-70,37-43,IL,Refinance,Condo,Primary,Sunrise Servicing,2019
LN101338,2021-12-01,219900.0,180,3.868,740-779,91-95,>50,PA,Purchase,Single Family,Primary,Apex Mortgage Co,2021
LN101339,2023-08-01,194100.0,360,5.356,700-739,61-70,44-50,MI,Refinance,Single Family,Primary,Highland Capital Servicing,2023
LN101340,2019-06-01,235700.0,360,3.763,740-779,81-90,21-30,AZ,Purchase,Single Family,Primary,Apex Mortgage Co,2019
LN101341,2023-07-01,194100.0,360,4.759,740-779,<=60,37-43,CA,Purchase,Single Family,Second Home,Apex Mortgage Co,2023
LN101342,2021-02-01,383400.0,180,4.755,620-659,61-70,<=20,PA,Cash-Out Refinance,Multi-Family,Primary,Meridian Loan Services,2021
LN101343,2021-10-01,344100.0,360,4.252,700-739,71-80,>50,NC,Refinance,Single Family,Primary,Apex Mortgage Co,2021
LN101344,2019-11-01,376900.0,360,3.718,780+,71-80,21-30,TX,Purchase,Single Family,Primary,Highland Capital Servicing,2019
LN101345,2022-03-01,251000.0,360,4.37,700-739,91-95,37-43,WA,Purchase,Single Family,Primary,Sunrise Servicing,2022
LN101346,2019-12-01,188100.0,360,5.024,<620,>95,44-50,NY,Cash-Out Refinance,Single Family,Investment,Highland Capital Servicing,2019
LN101347,2020-05-01,230000.0,180,3.659,780+,<=60,21-30,WA,Purchase,Condo,Investment,Highland Capital Servicing,2020
LN101348,2022-09-01,190700.0,360,3.765,780+,61-70,44-50,OH,Cash-Out Refinance,Single Family,Primary,Sunrise Servicing,2022
LN101349,2019-04-01,446800.0,180,4.295,700-739,71-80,<=20,IL,Cash-Out Refinance,Multi-Family,Primary,Highland Capital Servicing,2019
LN101350,2021-04-01,362600.0,360,4.374,700-739,71-80,31-36,CA,Purchase,Single Family,Investment,Apex Mortgage Co,2021
LN101351,2022-01-01,221600.0,180,4.656,660-699,71-80,31-36,WA,Refinance,Single Family,Primary,Meridian Loan Services,2022
LN101352,2019-09-01,152200.0,180,3.987,740-779,91-95,31-36,IL,Refinance,Single Family,Primary,Apex Mortgage Co,2019
LN101353,2020-07-01,462000.0,360,3.784,700-739,81-90,37-43,CA,Refinance,Single Family,Investment,Apex Mortgage Co,2020
LN101354,2020-10-01,245600.0,180,4.637,<620,<=60,44-50,CA,Purchase,Condo,Primary,Meridian Loan Services,2020
LN101355,2022-06-01,217800.0,360,4.241,740-779,71-80,31-36,PA,Purchase,Single Family,Investment,Highland Capital Servicing,2022
LN101356,2024-01-01,463900.0,360,5.024,780+,81-90,37-43,TX,Purchase,Single Family,Primary,Highland Capital Servicing,2024
LN101357,2023-04-01,183600.0,180,4.702,740-779,71-80,44-50,OH,Refinance,Multi-Family,Investment,Meridian Loan Services,2023
LN101358,2019-12-01,200100.0,180,4.39,660-699,61-70,37-43,GA,Refinance,Single Family,Primary,Apex Mortgage Co,2019
LN101359,2019-02-01,208200.0,360,4.858,<620,71-80,<=20,TX,Refinance,Single Family,Primary,Highland Capital Servicing,2019
LN101360,2019-04-01,127700.0,180,3.093,780+,71-80,>50,IL,Refinance,Condo,Primary,Apex Mortgage Co,2019
LN101361,2022-01-01,266200.0,360,3.555,780+,61-70,<=20,TX,Purchase,Single Family,Primary,Apex Mortgage Co,2022
LN101362,2019-10-01,163900.0,180,4.199,700-739,81-90,37-43,AZ,Purchase,Condo,Primary,Cornerstone Servicing,2019
LN101363,2020-03-01,178600.0,360,3.713,740-779,71-80,37-43,MI,Refinance,Condo,Investment,Cornerstone Servicing,2020
LN101364,2023-05-01,168200.0,360,5.321,700-739,81-90,44-50,TX,Purchase,Single Family,Investment,Meridian Loan Services,2023
LN101365,2023-07-01,177300.0,180,5.272,700-739,71-80,21-30,IL,Refinance,Single Family,Investment,Highland Capital Servicing,2023
LN101366,2023-05-01,158300.0,360,6.125,620-659,91-95,21-30,IL,Purchase,Single Family,Primary,Cornerstone Servicing,2023
LN101367,2020-04-01,258100.0,360,4.677,620-659,61-70,37-43,AZ,Purchase,Condo,Primary,Sunrise Servicing,2020
LN101368,2022-03-01,215300.0,360,4.608,660-699,<=60,21-30,FL,Cash-Out Refinance,Single Family,Primary,Apex Mortgage Co,2022
LN101369,2022-02-01,236000.0,360,3.47,740-779,71-80,31-36,IL,Purchase,Condo,Primary,Highland Capital Servicing,2022
LN101370,2019-12-01,666100.0,360,4.739,620-659,71-80,37-43,WA,Purchase,Single Family,Primary,Sunrise Servicing,2019
LN101371,2021-11-01,215300.0,360,4.202,660-699,61-70,37-43,TX,Refinance,Single Family,Primary,Meridian Loan Services,2021
LN101372,2021-09-01,303200.0,360,3.955,700-739,81-90,21-30,IL,Refinance,Single Family,Primary,Highland Capital Servicing,2021
LN101373,2021-01-01,319200.0,180,4.606,660-699,61-70,21-30,CA,Cash-Out Refinance,Single Family,Primary,Cornerstone Servicing,2021
LN101374,2022-11-01,224500.0,360,5.45,620-659,<=60,>50,OH,Cash-Out Refinance,Single Family,Primary,Cornerstone Servicing,2022
LN101375,2022-07-01,261200.0,360,4.098,700-739,71-80,31-36,FL,Refinance,Single Family,Primary,Highland Capital Servicing,2022
LN101376,2021-10-01,233100.0,180,4.559,660-699,81-90,<=20,AZ,Purchase,Multi-Family,Primary,Sunrise Servicing,2021
LN101377,2022-09-01,253000.0,360,4.639,740-779,91-95,21-30,NY,Purchase,Single Family,Second Home,Sunrise Servicing,2022
LN101378,2022-12-01,177400.0,180,4.163,780+,81-90,31-36,CA,Cash-Out Refinance,Single Family,Investment,Cornerstone Servicing,2022
LN101379,2021-12-01,184900.0,360,4.457,620-659,71-80,>50,MI,Purchase,Single Family,Primary,Highland Capital Servicing,2021
LN101380,2020-05-01,232700.0,180,3.274,780+,81-90,21-30,MI,Cash-Out Refinance,Condo,Investment,Sunrise Servicing,2020
LN101381,2022-12-01,95100.0,360,4.241,780+,81-90,<=20,GA,Refinance,Single Family,Investment,Sunrise Servicing,2022
LN101382,2022-09-01,452800.0,360,4.245,740-779,61-70,31-36,NC,Purchase,Single Family,Primary,Sunrise Servicing,2022
LN101383,2024-01-01,610700.0,360,5.539,740-779,71-80,<=20,TX,Purchase,Single Family,Primary,Cornerstone Servicing,2024
LN101384,2019-10-01,249400.0,180,3.85,740-779,81-90,21-30,GA,Refinance,Single Family,Primary,Highland Capital Servicing,2019
LN101385,2021-03-01,311600.0,360,3.607,740-779,71-80,>50,CA,Purchase,Single Family,Primary,Cornerstone Servicing,2021
LN101386,2023-10-01,375700.0,360,5.316,740-779,81-90,37-43,TX,Purchase,Single Family,Primary,Sunrise Servicing,2023
LN101387,2021-08-01,127200.0,360,4.875,<620,71-80,<=20,WA,Refinance,Single Family,Primary,Highland Capital Servicing,2021
LN101388,2023-11-01,350700.0,180,4.793,780+,71-80,31-36,NC,Purchase,Single Family,Investment,Cornerstone Servicing,2023
LN101389,2019-01-01,190600.0,360,3.491,700-739,<=60,21-30,TX,Purchase,Manufactured,Primary,Apex Mortgage Co,2019
LN101390,2019-03-01,647500.0,360,3.838,740-779,81-90,21-30,CA,Refinance,Single Family,Primary,Highland Capital Servicing,2019
LN101391,2023-02-01,212200.0,360,5.491,660-699,91-95,37-43,AZ,Refinance,Single Family,Investment,Highland Capital Servicing,2023
LN101392,2020-11-01,347600.0,360,5.039,<620,61-70,31-36,CA,Purchase,Condo,Investment,Sunrise Servicing,2020
LN101393,2021-09-01,213100.0,360,3.901,700-739,71-80,37-43,TX,Cash-Out Refinance,Single Family,Primary,Apex Mortgage Co,2021
LN101394,2021-03-01,620600.0,360,3.994,700-739,<=60,44-50,TX,Cash-Out Refinance,Single Family,Second Home,Meridian Loan Services,2021
LN101395,2021-02-01,183400.0,360,3.728,700-739,<=60,21-30,CA,Purchase,Single Family,Investment,Sunrise Servicing,2021
LN101396,2023-11-01,390200.0,360,5.923,660-699,>95,>50,FL,Purchase,Single Family,Primary,Apex Mortgage Co,2023
LN101397,2019-06-01,306200.0,360,4.27,660-699,71-80,31-36,AZ,Refinance,Single Family,Investment,Cornerstone Servicing,2019
LN101398,2022-12-01,277000.0,360,4.881,700-739,71-80,21-30,FL,Purchase,Single Family,Primary,Sunrise Servicing,2022
LN101399,2023-08-01,256000.0,360,5.249,660-699,61-70,44-50,IL,Cash-Out Refinance,Condo,Primary,Meridian Loan Services,2023
LN101400,2022-05-01,171100.0,360,3.846,780+,>95,<=20,NC,Refinance,Condo,Primary,Highland Capital Servicing,2022
LN101401,2021-01-01,72100.0,360,4.601,620-659,61-70,31-36,IL,Purchase,Single Family,Primary,Meridian Loan Services,2021
LN101402,2019-10-01,374500.0,180,4.588,660-699,81-90,37-43,NC,Refinance,Single Family,Primary,Sunrise Servicing,2019
LN101403,2022-07-01,185400.0,360,4.557,660-699,61-70,21-30,GA,Purchase,Single Family,Primary,Sunrise Servicing,2022
LN101404,2021-06-01,390900.0,360,3.939,700-739,<=60,44-50,OH,Cash-Out Refinance,Single Family,Primary,Sunrise Servicing,2021
LN101405,2019-10-01,270600.0,360,4.145,700-739,81-90,21-30,GA,Purchase,Single Family,Primary,Cornerstone Servicing,2019
LN101406,2020-11-01,396400.0,180,3.598,740-779,<=60,44-50,PA,Cash-Out Refinance,Single Family,Primary,Apex Mortgage Co,2020
LN101407,2023-12-01,331300.0,180,5.274,780+,81-90,<=20,NC,Purchase,Single Family,Second Home,Cornerstone Servicing,2023
LN101408,2020-05-01,76200.0,180,4.063,660-699,61-70,21-30,PA,Refinance,Multi-Family,Primary,Highland Capital Servicing,2020
LN101409,2019-12-01,304600.0,360,3.696,740-779,81-90,31-36,CA,Cash-Out Refinance,Single Family,Primary,Meridian Loan Services,2019
LN101410,2022-07-01,197900.0,360,5.767,<620,81-90,44-50,GA,Purchase,Single Family,Primary,Cornerstone Servicing,2022
LN101411,2020-01-01,390100.0,360,4.715,660-699,81-90,21-30,NC,Purchase,Single Family,Second Home,Meridian Loan Services,2020
LN101412,2023-10-01,301400.0,360,5.497,700-739,<=60,44-50,FL,Cash-Out Refinance,Single Family,Primary,Sunrise Servicing,2023
LN101413,2023-06-01,303000.0,360,6.331,<620,81-90,21-30,MI,Cash-Out Refinance,Single Family,Primary,Cornerstone Servicing,2023
LN101414,2024-01-01,204300.0,360,5.554,700-739,>95,31-36,FL,Purchase,Single Family,Primary,Apex Mortgage Co,2024
LN101415,2023-09-01,153200.0,360,4.835,740-779,61-70,31-36,TX,Purchase,Single Family,Investment,Apex Mortgage Co,2023
LN101416,2020-04-01,190100.0,360,3.685,740-779,61-70,21-30,MI,Cash-Out Refinance,Condo,Investment,Apex Mortgage Co,2020
LN101417,2020-02-01,102700.0,360,4.614,700-739,81-90,>50,TX,Purchase,Multi-Family,Second Home,Cornerstone Servicing,2020
LN101418,2020-10-01,177100.0,360,3.962,700-739,61-70,31-36,NY,Refinance,Single Family,Primary,Meridian Loan Services,2020
LN101419,2021-06-01,119500.0,360,4.3,700-739,81-90,37-43,FL,Purchase,Single Family,Primary,Cornerstone Servicing,2021
LN101420,2023-07-01,120900.0,360,6.309,<620,81-90,37-43,WA,Purchase,Single Family,Primary,Cornerstone Servicing,2023
LN101421,2022-10-01,243400.0,180,5.285,620-659,<=60,31-36,NY,Cash-Out Refinance,Single Family,Primary,Highland Capital Servicing,2022
LN101422,2022-04-01,293700.0,180,4.01,740-779,71-80,37-43,GA,Purchase,Manufactured,Primary,Sunrise Servicing,2022
LN101423,2023-07-01,227700.0,180,4.413,780+,71-80,44-50,PA,Cash-Out Refinance,Single Family,Investment,Sunrise Servicing,2023
LN101424,2022-05-01,184500.0,360,4.777,<620,71-80,37-43,OH,Refinance,Single Family,Investment,Sunrise Servicing,2022
LN101425,2020-12-01,150800.0,360,4.55,700-739,91-95,31-36,AZ,Purchase,Multi-Family,Primary,Highland Capital Servicing,2020
LN101426,2021-02-01,200200.0,360,3.66,740-779,61-70,37-43,PA,Purchase,Single Family,Primary,Meridian Loan Services,2021
LN101427,2021-09-01,159500.0,360,3.373,740-779,71-80,37-43,NY,Purchase,Single Family,Primary,Cornerstone Servicing,2021
LN101428,2019-06-01,224500.0,360,4.21,700-739,91-95,31-36,AZ,Cash-Out Refinance,Single Family,Primary,Sunrise Servicing,2019
LN101429,2022-10-01,116500.0,360,4.777,700-739,61-70,37-43,IL,Refinance,Single Family,Primary,Meridian Loan Services,2022
LN101430,2022-05-01,316700.0,360,4.431,740-779,91-95,31-36,CA,Refinance,Single Family,Primary,Meridian Loan Services,2022
LN101431,2022-10-01,178900.0,180,4.237,780+,<=60,37-43,TX,Purchase,Manufactured,Primary,Cornerstone Servicing,2022
LN101432,2021-10-01,273600.0,360,4.453,620-659,71-80,>50,OH,Purchase,Single Family,Primary,Sunrise Servicing,2021
LN101433,2023-01-01,344300.0,360,3.907,780+,<=60,>50,CA,Purchase,Single Family,Primary,Apex Mortgage Co,2023
LN101434,2023-11-01,267700.0,360,6.497,<620,81-90,44-50,OH,Refinance,Single Family,Primary,Cornerstone Servicing,2023
LN101435,2021-12-01,330900.0,360,3.968,740-779,81-90,37-43,FL,Purchase,Single Family,Primary,Cornerstone Servicing,2021
LN101436,2021-04-01,91100.0,360,4.745,<620,91-95,37-43,IL,Purchase,Single Family,Primary,Cornerstone Servicing,2021
LN101437,2019-07-01,185000.0,360,4.83,620-659,>95,21-30,CA,Purchase,Condo,Primary,Highland Capital Servicing,2019
LN101438,2023-01-01,379400.0,360,6.008,<620,81-90,31-36,MI,Purchase,Single Family,Second Home,Sunrise Servicing,2023
LN101439,2023-09-01,290400.0,360,5.663,700-739,81-90,21-30,FL,Refinance,Single Family,Primary,Sunrise Servicing,2023
LN101440,2022-08-01,530600.0,360,4.998,660-699,71-80,<=20,CA,Refinance,Single Family,Primary,Apex Mortgage Co,2022
LN101441,2023-06-01,497300.0,180,6.104,620-659,91-95,>50,NY,Cash-Out Refinance,Single Family,Primary,Apex Mortgage Co,2023
LN101442,2023-06-01,264300.0,180,4.662,700-739,81-90,44-50,NY,Purchase,Single Family,Primary,Apex Mortgage Co,2023
LN101443,2023-02-01,206200.0,360,5.425,700-739,91-95,31-36,GA,Refinance,Condo,Primary,Sunrise Servicing,2023
LN101444,2021-08-01,150000.0,360,3.712,740-779,61-70,21-30,IL,Purchase,Single Family,Investment,Highland Capital Servicing,2021
LN101445,2019-07-01,186400.0,360,3.632,780+,71-80,37-43,CA,Cash-Out Refinance,Multi-Family,Investment,Meridian Loan Services,2019
LN101446,2019-01-01,192200.0,360,3.514,740-779,81-90,31-36,MI,Refinance,Condo,Primary,Sunrise Servicing,2019
LN101447,2020-01-01,176800.0,180,4.204,620-659,61-70,44-50,NY,Purchase,Single Family,Investment,Cornerstone Servicing,2020
LN101448,2021-03-01,152800.0,360,4.697,660-699,61-70,>50,CA,Cash-Out Refinance,Single Family,Primary,Meridian Loan Services,2021
LN101449,2022-11-01,276700.0,360,4.287,780+,>95,31-36,PA,Purchase,Condo,Primary,Meridian Loan Services,2022
LN101450,2021-05-01,495600.0,360,4.635,620-659,71-80,21-30,GA,Purchase,Manufactured,Primary,Apex Mortgage Co,2021
LN101451,2019-02-01,351500.0,360,4.017,700-739,61-70,21-30,GA,Purchase,Single Family,Primary,Cornerstone Servicing,2019
LN101452,2020-02-01,199800.0,360,3.605,780+,71-80,<=20,NY,Purchase,Single Family,Primary,Cornerstone Servicing,2020
LN101453,2024-01-01,364500.0,360,5.295,780+,71-80,31-36,NY,Cash-Out Refinance,Single Family,Primary,Sunrise Servicing,2024
LN101454,2024-02-01,270000.0,360,5.793,700-739,81-90,<=20,IL,Refinance,Condo,Primary,Highland Capital Servicing,2024
LN101455,2020-12-01,226800.0,180,3.783,740-779,91-95,21-30,CA,Refinance,Multi-Family,Second Home,Highland Capital Servicing,2020
LN101456,2023-02-01,220500.0,360,5.323,700-739,>95,21-30,FL,Cash-Out Refinance,Multi-Family,Primary,Cornerstone Servicing,2023
LN101457,2022-09-01,211100.0,180,4.585,740-779,81-90,21-30,AZ,Refinance,Single Family,Investment,Cornerstone Servicing,2022
LN101458,2023-10-01,309600.0,360,6.106,<620,81-90,37-43,GA,Purchase,Single Family,Investment,Highland Capital Servicing,2023
LN101459,2023-08-01,245900.0,360,6.238,620-659,71-80,21-30,NY,Purchase,Condo,Second Home,Highland Capital Servicing,2023
LN101460,2022-03-01,166400.0,360,3.866,700-739,91-95,44-50,TX,Purchase,Single Family,Primary,Meridian Loan Services,2022
LN101461,2021-01-01,162800.0,360,4.581,660-699,61-70,21-30,NC,Cash-Out Refinance,Multi-Family,Primary,Cornerstone Servicing,2021
LN101462,2022-03-01,265000.0,180,3.617,740-779,<=60,21-30,TX,Cash-Out Refinance,Single Family,Primary,Cornerstone Servicing,2022
LN101463,2020-08-01,280100.0,360,4.783,660-699,>95,<=20,TX,Refinance,Condo,Investment,Cornerstone Servicing,2020
LN101464,2020-10-01,200600.0,360,3.766,780+,91-95,37-43,CA,Purchase,Condo,Primary,Cornerstone Servicing,2020
LN101465,2022-02-01,138800.0,360,3.838,740-779,71-80,21-30,NC,Purchase,Single Family,Primary,Highland Capital Servicing,2022
LN101466,2021-12-01,405500.0,360,4.194,700-739,81-90,31-36,GA,Cash-Out Refinance,Single Family,Primary,Cornerstone Servicing,2021
LN101467,2021-12-01,368600.0,180,3.707,740-779,71-80,21-30,CA,Purchase,Condo,Primary,Highland Capital Servicing,2021
LN101468,2020-12-01,94400.0,180,4.577,660-699,71-80,>50,CA,Refinance,Single Family,Second Home,Meridian Loan Services,2020
LN101469,2021-02-01,422000.0,360,4.52,700-739,61-70,21-30,GA,Purchase,Condo,Primary,Sunrise Servicing,2021
LN101470,2019-01-01,210200.0,360,4.221,620-659,61-70,31-36,OH,Purchase,Single Family,Primary,Cornerstone Servicing,2019
LN101471,2022-02-01,251600.0,180,2.907,780+,71-80,44-50,GA,Refinance,Single Family,Primary,Apex Mortgage Co,2022
LN101472,2021-12-01,385500.0,360,3.641,740-779,71-80,21-30,TX,Cash-Out Refinance,Single Family,Primary,Cornerstone Servicing,2021
LN101473,2023-10-01,485800.0,180,4.792,780+,71-80,21-30,NC,Refinance,Manufactured,Primary,Meridian Loan Services,2023
LN101474,2021-08-01,362700.0,360,3.27,780+,61-70,44-50,WA,Purchase,Condo,Primary,Meridian Loan Services,2021
LN101475,2021-05-01,257400.0,360,3.472,780+,91-95,21-30,OH,Purchase,Condo,Primary,Cornerstone Servicing,2021
LN101476,2019-05-01,124400.0,360,4.491,660-699,81-90,<=20,TX,Cash-Out Refinance,Condo,Investment,Apex Mortgage Co,2019
LN101477,2020-01-01,92800.0,360,3.318,780+,91-95,31-36,GA,Refinance,Single Family,Primary,Highland Capital Servicing,2020
LN101478,2020-09-01,342900.0,180,4.055,700-739,<=60,<=20,FL,Purchase,Multi-Family,Investment,Meridian Loan Services,2020
LN101479,2020-12-01,422500.0,360,4.342,700-739,81-90,44-50,CA,Refinance,Single Family,Primary,Highland Capital Servicing,2020
LN101480,2020-11-01,160100.0,360,4.331,700-739,91-95,37-43,FL,Purchase,Single Family,Primary,Apex Mortgage Co,2020
LN101481,2021-01-01,204600.0,180,4.552,660-699,71-80,37-43,WA,Purchase,Single Family,Primary,Cornerstone Servicing,2021
LN101482,2022-12-01,179700.0,360,5.238,660-699,61-70,21-30,NY,Cash-Out Refinance,Single Family,Primary,Apex Mortgage Co,2022
LN101483,2019-09-01,177600.0,180,4.221,660-699,61-70,37-43,MI,Refinance,Condo,Primary,Sunrise Servicing,2019
LN101484,2020-09-01,374600.0,360,4.575,620-659,61-70,37-43,IL,Purchase,Single Family,Primary,Highland Capital Servicing,2020
LN101485,2019-11-01,254800.0,360,4.108,700-739,71-80,<=20,IL,Purchase,Condo,Primary,Cornerstone Servicing,2019
LN101486,2020-08-01,208300.0,180,3.622,780+,71-80,44-50,CA,Cash-Out Refinance,Manufactured,Second Home,Cornerstone Servicing,2020
LN101487,2022-07-01,763700.0,360,4.298,740-779,61-70,37-43,GA,Refinance,Single Family,Second Home,Sunrise Servicing,2022
LN101488,2019-03-01,121100.0,360,3.671,700-739,81-90,44-50,CA,Refinance,Single Family,Primary,Cornerstone Servicing,2019
LN101489,2020-10-01,295500.0,360,3.908,700-739,<=60,21-30,NY,Purchase,Single Family,Primary,Meridian Loan Services,2020
LN101490,2019-02-01,144100.0,360,3.779,700-739,71-80,21-30,TX,Cash-Out Refinance,Single Family,Primary,Cornerstone Servicing,2019
LN101491,2023-12-01,215200.0,360,6.233,660-699,81-90,37-43,FL,Cash-Out Refinance,Condo,Primary,Highland Capital Servicing,2023
LN101492,2022-10-01,246900.0,360,4.539,740-779,61-70,44-50,IL,Purchase,Single Family,Primary,Cornerstone Servicing,2022
LN101493,2020-04-01,337800.0,360,4.592,620-659,61-70,31-36,CA,Purchase,Single Family,Investment,Meridian Loan Services,2020
LN101494,2020-01-01,205300.0,360,3.509,740-779,61-70,<=20,TX,Refinance,Single Family,Primary,Highland Capital Servicing,2020
LN101495,2019-07-01,195800.0,180,3.624,740-779,<=60,44-50,AZ,Cash-Out Refinance,Single Family,Primary,Highland Capital Servicing,2019
LN101496,2021-06-01,203700.0,180,4.044,700-739,71-80,21-30,CA,Refinance,Single Family,Primary,Sunrise Servicing,2021
LN101497,2022-11-01,142100.0,360,4.358,780+,<=60,31-36,FL,Cash-Out Refinance,Single Family,Primary,Highland Capital Servicing,2022
LN101498,2022-01-01,307000.0,180,4.632,660-699,61-70,37-43,FL,Refinance,Single Family,Primary,Sunrise Servicing,2022
LN101499,2023-07-01,262100.0,360,5.093,780+,>95,<=20,FL,Purchase,Multi-Family,Investment,Cornerstone Servicing,2023
LN101500,2020-10-01,280900.0,360,4.011,740-779,91-95,<=20,GA,Purchase,Single Family,Primary,Sunrise Servicing,2020
LN101501,2020-06-01,223800.0,180,4.115,740-779,61-70,<=20,TX,Cash-Out Refinance,Single Family,Second Home,Sunrise Servicing,2020
LN101502,2021-06-01,211800.0,360,3.819,740-779,71-80,44-50,NY,Purchase,Single Family,Investment,Apex Mortgage Co,2021
LN101503,2020-01-01,392000.0,360,3.339,780+,71-80,21-30,GA,Purchase,Single Family,Primary,Sunrise Servicing,2020
LN101504,2024-01-01,365800.0,360,5.104,780+,91-95,37-43,FL,Refinance,Single Family,Primary,Sunrise Servicing,2024
LN101505,2019-12-01,436600.0,360,3.987,700-739,81-90,>50,AZ,Purchase,Condo,Primary,Sunrise Servicing,2019
LN101506,2021-06-01,273100.0,360,3.69,740-779,61-70,37-43,AZ,Cash-Out Refinance,Single Family,Primary,Meridian Loan Services,2021
LN101507,2021-09-01,424500.0,360,3.759,740-779,61-70,31-36,CA,Purchase,Single Family,Primary,Apex Mortgage Co,2021
LN101508,2019-04-01,191500.0,360,3.654,700-739,71-80,31-36,FL,Purchase,Single Family,Primary,Sunrise Servicing,2019
LN101509,2021-06-01,211000.0,180,3.541,780+,91-95,31-36,TX,Purchase,Single Family,Primary,Sunrise Servicing,2021
LN101510,2021-05-01,395500.0,360,4.3,700-739,91-95,37-43,TX,Refinance,Single Family,Investment,Highland Capital Servicing,2021
LN101511,2020-05-01,337600.0,360,4.08,700-739,<=60,>50,NY,Refinance,Condo,Primary,Meridian Loan Services,2020
LN101512,2019-08-01,202700.0,180,4.574,620-659,71-80,44-50,IL,Purchase,Multi-Family,Primary,Highland Capital Servicing,2019
LN101513,2019-03-01,144200.0,360,4.202,660-699,61-70,31-36,NY,Purchase,Single Family,Primary,Cornerstone Servicing,2019
LN101514,2019-01-01,210700.0,360,3.201,780+,81-90,31-36,TX,Purchase,Manufactured,Primary,Sunrise Servicing,2019
LN101515,2021-06-01,169700.0,360,4.049,700-739,91-95,44-50,TX,Refinance,Single Family,Primary,Cornerstone Servicing,2021
LN101516,2019-06-01,501800.0,360,3.951,700-739,71-80,21-30,AZ,Cash-Out Refinance,Single Family,Second Home,Highland Capital Servicing,2019
LN101517,2023-12-01,325100.0,360,5.982,660-699,<=60,44-50,WA,Refinance,Condo,Primary,Cornerstone Servicing,2023
LN101518,2020-04-01,163600.0,360,4.173,700-739,71-80,21-30,CA,Purchase,Single Family,Primary,Apex Mortgage Co,2020
LN101519,2022-05-01,144300.0,360,3.948,740-779,71-80,37-43,GA,Refinance,Single Family,Primary,Sunrise Servicing,2022
LN101520,2022-06-01,162700.0,360,3.912,780+,81-90,44-50,NY,Purchase,Single Family,Primary,Cornerstone Servicing,2022
LN101521,2021-07-01,179600.0,360,5.223,<620,71-80,31-36,GA,Purchase,Condo,Second Home,Apex Mortgage Co,2021
LN101522,2023-07-01,214300.0,360,5.522,700-739,91-95,21-30,OH,Purchase,Single Family,Primary,Sunrise Servicing,2023
LN101523,2019-07-01,381400.0,360,3.852,700-739,61-70,44-50,WA,Purchase,Multi-Family,Primary,Sunrise Servicing,2019
LN101524,2020-03-01,149500.0,360,3.778,700-739,61-70,31-36,CA,Purchase,Single Family,Primary,Meridian Loan Services,2020
LN101525,2020-04-01,647100.0,360,3.984,700-739,71-80,31-36,FL,Refinance,Multi-Family,Primary,Meridian Loan Services,2020
LN101526,2019-09-01,151100.0,180,3.831,700-739,<=60,31-36,AZ,Purchase,Single Family,Primary,Apex Mortgage Co,2019
LN101527,2020-07-01,122500.0,360,4.102,700-739,61-70,31-36,TX,Refinance,Single Family,Primary,Apex Mortgage Co,2020
LN101528,2020-08-01,493700.0,360,4.295,700-739,81-90,37-43,CA,Cash-Out Refinance,Single Family,Investment,Cornerstone Servicing,2020
LN101529,2022-12-01,418600.0,180,4.826,700-739,61-70,21-30,NC,Refinance,Single Family,Primary,Cornerstone Servicing,2022
LN101530,2020-07-01,212800.0,360,3.893,700-739,<=60,31-36,PA,Purchase,Single Family,Primary,Highland Capital Servicing,2020
LN101531,2023-07-01,274200.0,360,4.771,740-779,61-70,44-50,GA,Refinance,Single Family,Primary,Highland Capital Servicing,2023
LN101532,2022-12-01,277300.0,360,4.777,740-779,<=60,<=20,PA,Purchase,Single Family,Primary,Cornerstone Servicing,2022
LN101533,2023-08-01,245600.0,360,5.703,660-699,91-95,31-36,GA,Purchase,Single Family,Primary,Meridian Loan Services,2023
LN101534,2019-07-01,128900.0,360,3.646,740-779,>95,37-43,CA,Purchase,Manufactured,Second Home,Apex Mortgage Co,2019
LN101535,2024-01-01,75600.0,360,4.592,780+,<=60,44-50,OH,Cash-Out Refinance,Single Family,Second Home,Highland Capital Servicing,2024
LN101536,2022-03-01,157900.0,360,4.813,620-659,81-90,37-43,PA,Cash-Out Refinance,Single Family,Investment,Meridian Loan Services,2022
LN101537,2024-01-01,523000.0,360,5.947,700-739,81-90,44-50,MI,Cash-Out Refinance,Single Family,Primary,Cornerstone Servicing,2024
LN101538,2020-10-01,532300.0,360,4.529,660-699,>95,21-30,TX,Refinance,Single Family,Primary,Meridian Loan Services,2020
LN101539,2023-12-01,205300.0,360,5.736,740-779,71-80,31-36,CA,Purchase,Single Family,Investment,Sunrise Servicing,2023
LN101540,2022-01-01,150100.0,180,4.276,660-699,61-70,>50,PA,Cash-Out Refinance,Condo,Primary,Meridian Loan Services,2022
LN101541,2019-05-01,261800.0,180,3.858,740-779,71-80,44-50,TX,Cash-Out Refinance,Single Family,Primary,Cornerstone Servicing,2019
LN101542,2021-02-01,281400.0,360,4.472,660-699,91-95,31-36,CA,Purchase,Single Family,Primary,Meridian Loan Services,2021
LN101543,2019-09-01,302600.0,360,3.921,700-739,81-90,31-36,MI,Cash-Out Refinance,Single Family,Investment,Meridian Loan Services,2019
LN101544,2023-11-01,74100.0,360,4.998,780+,71-80,31-36,IL,Cash-Out Refinance,Single Family,Investment,Cornerstone Servicing,2023
LN101545,2020-07-01,900000.0,360,4.143,700-739,61-70,<=20,FL,Purchase,Single Family,Primary,Sunrise Servicing,2020
LN101546,2020-02-01,384500.0,360,3.495,780+,81-90,44-50,CA,Purchase,Multi-Family,Primary,Sunrise Servicing,2020
LN101547,2021-11-01,211300.0,360,3.681,780+,91-95,44-50,CA,Purchase,Single Family,Primary,Cornerstone Servicing,2021
LN101548,2021-03-01,167200.0,180,3.637,780+,71-80,31-36,PA,Refinance,Single Family,Primary,Meridian Loan Services,2021
LN101549,2019-07-01,360200.0,360,4.361,620-659,81-90,21-30,NY,Purchase,Condo,Primary,Sunrise Servicing,2019
LN101550,2023-03-01,288600.0,180,4.635,740-779,71-80,31-36,CA,Purchase,Condo,Primary,Apex Mortgage Co,2023
LN101551,2023-05-01,240700.0,360,5.895,<620,71-80,21-30,FL,Refinance,Condo,Second Home,Highland Capital Servicing,2023
LN101552,2022-11-01,283900.0,360,4.738,700-739,71-80,37-43,TX,Cash-Out Refinance,Condo,Primary,Highland Capital Servicing,2022
LN101553,2022-03-01,219500.0,360,3.765,780+,81-90,31-36,CA,Cash-Out Refinance,Single Family,Primary,Sunrise Servicing,2022
LN101554,2021-01-01,276700.0,180,3.993,740-779,>95,21-30,TX,Refinance,Single Family,Investment,Meridian Loan Services,2021
LN101555,2021-10-01,320300.0,360,3.635,700-739,71-80,37-43,IL,Purchase,Condo,Primary,Highland Capital Servicing,2021
LN101556,2021-09-01,269500.0,360,3.999,700-739,71-80,>50,TX,Purchase,Condo,Primary,Highland Capital Servicing,2021
LN101557,2019-11-01,263300.0,360,3.498,740-779,71-80,21-30,FL,Refinance,Single Family,Primary,Highland Capital Servicing,2019
LN101558,2019-06-01,432300.0,360,3.682,740-779,61-70,31-36,NY,Purchase,Single Family,Primary,Meridian Loan Services,2019
LN101559,2020-04-01,112600.0,360,4.208,700-739,61-70,31-36,NY,Refinance,Condo,Primary,Cornerstone Servicing,2020
LN101560,2021-05-01,161300.0,360,2.902,780+,<=60,21-30,CA,Cash-Out Refinance,Single Family,Primary,Sunrise Servicing,2021
LN101561,2019-10-01,233700.0,360,4.161,660-699,71-80,31-36,CA,Refinance,Single Family,Primary,Cornerstone Servicing,2019
LN101562,2019-07-01,166300.0,360,4.555,620-659,61-70,37-43,CA,Refinance,Single Family,Primary,Cornerstone Servicing,2019
LN101563,2023-05-01,193300.0,360,4.517,740-779,71-80,21-30,FL,Refinance,Single Family,Primary,Highland Capital Servicing,2023
LN101564,2020-12-01,412300.0,360,3.771,780+,81-90,21-30,NC,Cash-Out Refinance,Single Family,Primary,Apex Mortgage Co,2020
LN101565,2022-01-01,216000.0,360,4.488,660-699,61-70,44-50,CA,Purchase,Single Family,Primary,Meridian Loan Services,2022
LN101566,2021-09-01,101400.0,360,4.394,660-699,81-90,21-30,PA,Purchase,Single Family,Investment,Apex Mortgage Co,2021
LN101567,2022-10-01,190900.0,180,5.379,620-659,91-95,37-43,NC,Purchase,Single Family,Primary,Sunrise Servicing,2022
LN101568,2022-10-01,237100.0,180,3.711,780+,71-80,37-43,CA,Refinance,Single Family,Primary,Meridian Loan Services,2022
LN101569,2020-07-01,235100.0,180,4.51,660-699,61-70,44-50,CA,Purchase,Single Family,Primary,Highland Capital Servicing,2020
LN101570,2023-05-01,296600.0,360,5.499,700-739,71-80,37-43,TX,Purchase,Single Family,Primary,Apex Mortgage Co,2023
LN101571,2020-12-01,285900.0,360,3.973,780+,81-90,44-50,CA,Refinance,Condo,Primary,Apex Mortgage Co,2020
LN101572,2023-04-01,217000.0,180,5.926,<620,71-80,37-43,IL,Purchase,Single Family,Primary,Apex Mortgage Co,2023
LN101573,2021-02-01,135000.0,180,3.865,700-739,61-70,31-36,CA,Refinance,Single Family,Primary,Sunrise Servicing,2021
LN101574,2019-07-01,189400.0,360,4.132,700-739,71-80,31-36,PA,Purchase,Single Family,Investment,Cornerstone Servicing,2019
LN101575,2022-12-01,174500.0,360,4.503,740-779,71-80,31-36,NY,Purchase,Single Family,Primary,Cornerstone Servicing,2022
LN101576,2019-02-01,203200.0,180,4.307,660-699,61-70,31-36,NC,Purchase,Single Family,Primary,Meridian Loan Services,2019
LN101577,2022-12-01,315200.0,180,4.969,700-739,81-90,21-30,NC,Purchase,Manufactured,Primary,Meridian Loan Services,2022
LN101578,2019-03-01,277000.0,360,4.392,620-659,<=60,31-36,IL,Cash-Out Refinance,Single Family,Primary,Highland Capital Servicing,2019
LN101579,2020-01-01,334600.0,360,3.94,740-779,71-80,31-36,WA,Cash-Out Refinance,Single Family,Primary,Sunrise Servicing,2020
LN101580,2022-02-01,194300.0,360,4.138,740-779,81-90,<=20,AZ,Refinance,Multi-Family,Primary,Sunrise Servicing,2022
LN101581,2023-11-01,455300.0,360,5.996,620-659,61-70,21-30,FL,Refinance,Single Family,Primary,Cornerstone Servicing,2023
LN101582,2021-02-01,312600.0,180,4.058,700-739,81-90,37-43,CA,Refinance,Single Family,Investment,Sunrise Servicing,2021
LN101583,2019-08-01,242900.0,360,2.879,780+,71-80,37-43,FL,Cash-Out Refinance,Single Family,Primary,Apex Mortgage Co,2019
LN101584,2020-03-01,303000.0,360,4.894,<620,71-80,44-50,TX,Purchase,Multi-Family,Primary,Cornerstone Servicing,2020
LN101585,2023-08-01,170400.0,360,5.596,660-699,91-95,31-36,IL,Purchase,Single Family,Primary,Highland Capital Servicing,2023
LN101586,2022-10-01,89400.0,360,4.857,700-739,71-80,44-50,FL,Refinance,Single Family,Primary,Meridian Loan Services,2022
LN101587,2019-07-01,175800.0,360,4.118,660-699,61-70,44-50,NY,Cash-Out Refinance,Multi-Family,Primary,Sunrise Servicing,2019
LN101588,2020-12-01,323300.0,180,4.549,660-699,91-95,<=20,PA,Purchase,Condo,Primary,Highland Capital Servicing,2020
LN101589,2020-05-01,239400.0,360,4.354,700-739,81-90,>50,TX,Purchase,Manufactured,Primary,Apex Mortgage Co,2020
LN101590,2019-12-01,217200.0,360,4.807,620-659,81-90,<=20,IL,Purchase,Single Family,Primary,Cornerstone Servicing,2019
LN101591,2023-05-01,157700.0,180,4.915,700-739,<=60,37-43,FL,Purchase,Multi-Family,Primary,Highland Capital Servicing,2023
LN101592,2022-03-01,95800.0,360,4.161,740-779,61-70,44-50,PA,Refinance,Single Family,Primary,Sunrise Servicing,2022
LN101593,2019-12-01,438500.0,180,4.275,700-739,81-90,31-36,GA,Purchase,Condo,Second Home,Meridian Loan Services,2019
LN101594,2022-05-01,210300.0,360,4.855,620-659,61-70,37-43,CA,Cash-Out Refinance,Multi-Family,Primary,Highland Capital Servicing,2022
LN101595,2021-02-01,190400.0,180,3.409,780+,61-70,31-36,GA,Refinance,Single Family,Primary,Highland Capital Servicing,2021
LN101596,2019-04-01,170700.0,360,4.775,620-659,81-90,<=20,TX,Purchase,Single Family,Primary,Highland Capital Servicing,2019
LN101597,2021-04-01,406200.0,360,3.766,740-779,61-70,<=20,NC,Cash-Out Refinance,Single Family,Primary,Meridian Loan Services,2021
LN101598,2019-12-01,343400.0,360,3.963,660-699,<=60,<=20,IL,Refinance,Condo,Investment,Meridian Loan Services,2019
LN101599,2020-04-01,149500.0,360,3.846,740-779,<=60,<=20,NY,Purchase,Single Family,Second Home,Meridian Loan Services,2020
LN101600,2023-07-01,390100.0,360,5.804,660-699,71-80,37-43,GA,Purchase,Condo,Primary,Highland Capital Servicing,2023
LN101601,2022-09-01,216400.0,360,5.577,620-659,81-90,31-36,MI,Cash-Out Refinance,Single Family,Primary,Sunrise Servicing,2022
LN101602,2019-09-01,175500.0,180,4.458,700-739,91-95,31-36,PA,Purchase,Single Family,Investment,Cornerstone Servicing,2019
LN101603,2023-05-01,202400.0,360,6.252,<620,<=60,37-43,IL,Purchase,Single Family,Investment,Meridian Loan Services,2023
LN101604,2021-12-01,162400.0,180,4.59,660-699,61-70,<=20,NC,Purchase,Multi-Family,Primary,Apex Mortgage Co,2021
LN101605,2023-07-01,127500.0,360,5.021,740-779,71-80,21-30,NY,Purchase,Single Family,Primary,Meridian Loan Services,2023
LN101606,2022-11-01,327500.0,180,4.491,740-779,71-80,37-43,PA,Refinance,Single Family,Primary,Apex Mortgage Co,2022
LN101607,2020-10-01,209100.0,360,4.339,620-659,71-80,44-50,MI,Purchase,Single Family,Investment,Highland Capital Servicing,2020
LN101608,2021-10-01,304900.0,360,3.599,780+,91-95,31-36,CA,Refinance,Multi-Family,Investment,Sunrise Servicing,2021
LN101609,2021-09-01,262800.0,360,3.851,740-779,71-80,<=20,TX,Purchase,Condo,Second Home,Apex Mortgage Co,2021
LN101610,2022-09-01,295600.0,360,4.069,780+,71-80,44-50,TX,Cash-Out Refinance,Single Family,Primary,Sunrise Servicing,2022
LN101611,2020-04-01,92000.0,180,3.689,740-779,>95,44-50,TX,Purchase,Single Family,Investment,Sunrise Servicing,2020
LN101612,2020-09-01,156400.0,360,3.607,740-779,<=60,31-36,FL,Cash-Out Refinance,Single Family,Primary,Highland Capital Servicing,2020
LN101613,2020-04-01,298400.0,180,4.416,700-739,91-95,21-30,TX,Cash-Out Refinance,Single Family,Primary,Apex Mortgage Co,2020
LN101614,2020-07-01,130100.0,360,3.622,740-779,71-80,<=20,OH,Purchase,Condo,Primary,Highland Capital Servicing,2020
LN101615,2019-11-01,273200.0,360,3.444,780+,71-80,37-43,CA,Refinance,Single Family,Primary,Meridian Loan Services,2019
LN101616,2019-03-01,123500.0,360,4.779,620-659,91-95,44-50,TX,Purchase,Single Family,Primary,Meridian Loan Services,2019
LN101617,2023-11-01,232700.0,360,6.104,660-699,71-80,37-43,GA,Cash-Out Refinance,Condo,Primary,Apex Mortgage Co,2023
LN101618,2019-05-01,476600.0,360,5.179,<620,71-80,21-30,FL,Refinance,Single Family,Primary,Sunrise Servicing,2019
LN101619,2023-08-01,327300.0,180,4.599,780+,61-70,37-43,NY,Purchase,Single Family,Second Home,Cornerstone Servicing,2023
LN101620,2019-01-01,100400.0,180,4.086,700-739,81-90,44-50,PA,Purchase,Single Family,Primary,Meridian Loan Services,2019
LN101621,2023-01-01,338300.0,360,4.585,740-779,71-80,31-36,AZ,Purchase,Single Family,Primary,Highland Capital Servicing,2023
LN101622,2020-09-01,524400.0,360,3.574,780+,61-70,44-50,IL,Cash-Out Refinance,Single Family,Primary,Sunrise Servicing,2020
LN101623,2021-09-01,813100.0,360,3.634,780+,81-90,31-36,CA,Refinance,Single Family,Primary,Highland Capital Servicing,2021
LN101624,2020-06-01,286000.0,360,5.095,620-659,81-90,31-36,CA,Purchase,Single Family,Primary,Meridian Loan Services,2020
LN101625,2021-07-01,125000.0,180,3.254,740-779,71-80,37-43,AZ,Purchase,Single Family,Primary,Meridian Loan Services,2021
LN101626,2021-05-01,280900.0,360,3.421,780+,<=60,31-36,GA,Purchase,Condo,Primary,Apex Mortgage Co,2021
LN101627,2021-09-01,473600.0,360,5.044,<620,71-80,>50,NC,Refinance,Single Family,Primary,Sunrise Servicing,2021
LN101628,2021-01-01,212300.0,360,3.647,740-779,<=60,31-36,GA,Purchase,Single Family,Second Home,Sunrise Servicing,2021
LN101629,2021-10-01,369300.0,360,3.724,660-699,<=60,31-36,TX,Purchase,Single Family,Primary,Highland Capital Servicing,2021
LN101630,2023-04-01,158300.0,360,4.753,740-779,71-80,31-36,NY,Cash-Out Refinance,Single Family,Primary,Meridian Loan Services,2023
LN101631,2021-03-01,273100.0,360,3.817,700-739,<=60,31-36,PA,Purchase,Single Family,Primary,Apex Mortgage Co,2021
LN101632,2020-11-01,75300.0,360,4.664,660-699,61-70,31-36,MI,Refinance,Single Family,Investment,Highland Capital Servicing,2020
LN101633,2019-09-01,150600.0,360,4.745,620-659,81-90,37-43,TX,Purchase,Condo,Primary,Highland Capital Servicing,2019
LN101634,2020-11-01,230300.0,360,4.549,620-659,71-80,31-36,OH,Purchase,Single Family,Primary,Highland Capital Servicing,2020
LN101635,2019-08-01,196100.0,360,4.408,620-659,>95,31-36,CA,Refinance,Condo,Primary,Cornerstone Servicing,2019
LN101636,2019-12-01,128600.0,360,4.026,740-779,91-95,37-43,AZ,Purchase,Single Family,Primary,Highland Capital Servicing,2019
LN101637,2023-12-01,184500.0,360,6.26,660-699,81-90,<=20,TX,Purchase,Single Family,Second Home,Meridian Loan Services,2023
LN101638,2019-06-01,267900.0,360,4.46,660-699,>95,37-43,NC,Cash-Out Refinance,Single Family,Primary,Meridian Loan Services,2019
LN101639,2021-06-01,222200.0,360,4.052,740-779,91-95,31-36,TX,Cash-Out Refinance,Single Family,Primary,Cornerstone Servicing,2021
LN101640,2023-04-01,237400.0,360,4.696,740-779,71-80,31-36,OH,Refinance,Condo,Second Home,Apex Mortgage Co,2023
LN101641,2023-12-01,321100.0,360,6.034,700-739,81-90,37-43,GA,Purchase,Condo,Investment,Apex Mortgage Co,2023
LN101642,2019-10-01,197900.0,360,3.535,780+,61-70,37-43,FL,Purchase,Condo,Primary,Cornerstone Servicing,2019
LN101643,2019-11-01,425800.0,360,3.763,700-739,81-90,44-50,PA,Purchase,Single Family,Primary,Meridian Loan Services,2019
LN101644,2020-12-01,148000.0,360,3.555,740-779,71-80,31-36,WA,Cash-Out Refinance,Single Family,Primary,Meridian Loan Services,2020
LN101645,2021-11-01,550000.0,360,5.208,<620,<=60,31-36,MI,Cash-Out Refinance,Single Family,Primary,Sunrise Servicing,2021
LN101646,2023-12-01,381100.0,360,5.547,740-779,61-70,37-43,FL,Purchase,Single Family,Investment,Sunrise Servicing,2023
LN101647,2020-01-01,196800.0,360,3.422,780+,>95,37-43,NC,Cash-Out Refinance,Single Family,Second Home,Highland Capital Servicing,2020
LN101648,2019-11-01,202800.0,360,3.097,780+,71-80,37-43,IL,Purchase,Single Family,Primary,Apex Mortgage Co,2019
LN101649,2020-04-01,253500.0,360,4.089,700-739,61-70,31-36,OH,Refinance,Single Family,Primary,Meridian Loan Services,2020
LN101650,2023-07-01,302400.0,360,4.645,740-779,61-70,37-43,NY,Purchase,Multi-Family,Primary,Meridian Loan Services,2023
LN101651,2019-02-01,378000.0,360,4.228,660-699,71-80,21-30,OH,Purchase,Single Family,Primary,Highland Capital Servicing,2019
LN101652,2020-12-01,126300.0,180,3.985,740-779,91-95,31-36,CA,Cash-Out Refinance,Single Family,Second Home,Sunrise Servicing,2020
LN101653,2019-08-01,281200.0,180,3.741,740-779,81-90,21-30,NY,Cash-Out Refinance,Single Family,Primary,Highland Capital Servicing,2019
LN101654,2019-10-01,89100.0,360,3.642,780+,71-80,31-36,TX,Purchase,Multi-Family,Primary,Cornerstone Servicing,2019
LN101655,2023-09-01,213200.0,360,5.692,700-739,61-70,37-43,TX,Purchase,Single Family,Primary,Apex Mortgage Co,2023
LN101656,2019-01-01,444300.0,360,4.613,<620,<=60,31-36,CA,Refinance,Single Family,Primary,Apex Mortgage Co,2019
LN101657,2020-08-01,122000.0,360,3.876,700-739,71-80,31-36,TX,Purchase,Single Family,Primary,Apex Mortgage Co,2020
LN101658,2023-09-01,112500.0,180,6.163,620-659,81-90,44-50,PA,Refinance,Single Family,Primary,Sunrise Servicing,2023
LN101659,2022-02-01,255100.0,360,4.851,660-699,81-90,37-43,IL,Refinance,Single Family,Primary,Highland Capital Servicing,2022
LN101660,2019-05-01,431200.0,360,4.156,660-699,71-80,31-36,CA,Purchase,Multi-Family,Primary,Meridian Loan Services,2019
LN101661,2021-05-01,267400.0,360,4.047,740-779,81-90,>50,PA,Purchase,Multi-Family,Primary,Apex Mortgage Co,2021
LN101662,2024-01-01,98000.0,360,6.112,620-659,71-80,31-36,WA,Purchase,Multi-Family,Primary,Sunrise Servicing,2024
LN101663,2021-01-01,108300.0,360,4.759,620-659,71-80,44-50,WA,Cash-Out Refinance,Single Family,Primary,Cornerstone Servicing,2021
LN101664,2021-09-01,241300.0,360,4.714,<620,71-80,21-30,MI,Purchase,Condo,Investment,Meridian Loan Services,2021
LN101665,2021-09-01,135900.0,180,3.529,780+,81-90,21-30,AZ,Refinance,Single Family,Primary,Sunrise Servicing,2021
LN101666,2022-05-01,245600.0,360,4.094,740-779,71-80,31-36,OH,Purchase,Single Family,Investment,Highland Capital Servicing,2022
LN101667,2019-12-01,252300.0,360,5.309,<620,>95,21-30,AZ,Refinance,Single Family,Primary,Cornerstone Servicing,2019
LN101668,2023-05-01,185300.0,360,6.354,<620,71-80,31-36,AZ,Purchase,Single Family,Primary,Apex Mortgage Co,2023
LN101669,2024-02-01,522600.0,360,5.43,700-739,<=60,21-30,FL,Purchase,Single Family,Primary,Sunrise Servicing,2024
LN101670,2019-09-01,301300.0,360,3.81,660-699,61-70,37-43,MI,Refinance,Manufactured,Primary,Cornerstone Servicing,2019
LN101671,2023-03-01,398400.0,360,4.963,700-739,71-80,21-30,PA,Refinance,Condo,Investment,Meridian Loan Services,2023
LN101672,2023-03-01,349500.0,180,5.063,700-739,71-80,21-30,PA,Purchase,Single Family,Primary,Meridian Loan Services,2023
LN101673,2022-10-01,215900.0,360,4.214,780+,71-80,>50,WA,Purchase,Single Family,Primary,Highland Capital Servicing,2022
LN101674,2020-11-01,211600.0,360,4.456,660-699,81-90,37-43,FL,Cash-Out Refinance,Single Family,Primary,Meridian Loan Services,2020
LN101675,2021-06-01,202000.0,360,3.989,740-779,61-70,>50,NY,Purchase,Single Family,Primary,Sunrise Servicing,2021
LN101676,2023-05-01,313800.0,180,6.106,<620,81-90,31-36,GA,Purchase,Single Family,Primary,Highland Capital Servicing,2023
LN101677,2019-10-01,172400.0,360,3.475,780+,81-90,<=20,NC,Purchase,Single Family,Investment,Meridian Loan Services,2019
LN101678,2023-04-01,502000.0,180,4.31,780+,71-80,37-43,MI,Purchase,Single Family,Primary,Cornerstone Servicing,2023
LN101679,2023-10-01,165100.0,360,4.839,740-779,71-80,31-36,MI,Refinance,Condo,Primary,Sunrise Servicing,2023
LN101680,2022-07-01,254400.0,180,4.486,700-739,61-70,<=20,NC,Refinance,Multi-Family,Second Home,Cornerstone Servicing,2022
LN101681,2020-10-01,208300.0,360,4.454,660-699,71-80,44-50,AZ,Purchase,Single Family,Primary,Highland Capital Servicing,2020
LN101682,2021-11-01,188600.0,360,3.63,740-779,81-90,37-43,TX,Refinance,Condo,Primary,Meridian Loan Services,2021
LN101683,2019-04-01,613900.0,180,3.788,740-779,91-95,37-43,AZ,Purchase,Single Family,Investment,Apex Mortgage Co,2019
LN101684,2023-10-01,189600.0,360,5.84,660-699,81-90,31-36,CA,Refinance,Single Family,Primary,Cornerstone Servicing,2023
LN101685,2020-10-01,201400.0,360,3.9,700-739,61-70,37-43,IL,Purchase,Single Family,Primary,Sunrise Servicing,2020
LN101686,2019-04-01,171300.0,360,3.858,700-739,81-90,21-30,CA,Purchase,Single Family,Investment,Cornerstone Servicing,2019
LN101687,2023-02-01,235300.0,180,4.803,740-779,81-90,>50,IL,Refinance,Single Family,Primary,Apex Mortgage Co,2023
LN101688,2022-05-01,220700.0,360,4.073,740-779,71-80,31-36,FL,Purchase,Single Family,Investment,Cornerstone Servicing,2022
LN101689,2022-03-01,139600.0,360,3.945,740-779,91-95,21-30,CA,Purchase,Single Family,Primary,Meridian Loan Services,2022
LN101690,2019-04-01,190800.0,360,3.305,740-779,<=60,<=20,GA,Purchase,Multi-Family,Primary,Highland Capital Servicing,2019
LN101691,2022-11-01,303900.0,360,4.946,660-699,<=60,37-43,NC,Refinance,Single Family,Primary,Cornerstone Servicing,2022
LN101692,2022-04-01,366600.0,360,4.72,660-699,61-70,>50,TX,Purchase,Single Family,Primary,Meridian Loan Services,2022
LN101693,2023-02-01,233500.0,360,5.803,<620,61-70,44-50,GA,Refinance,Manufactured,Primary,Sunrise Servicing,2023
LN101694,2023-04-01,237200.0,360,4.878,740-779,91-95,37-43,TX,Refinance,Single Family,Primary,Meridian Loan Services,2023
LN101695,2020-02-01,196300.0,360,4.112,700-739,71-80,>50,CA,Refinance,Single Family,Primary,Apex Mortgage Co,2020
LN101696,2020-02-01,184200.0,180,4.243,700-739,61-70,37-43,CA,Purchase,Multi-Family,Primary,Highland Capital Servicing,2020
LN101697,2023-10-01,152700.0,360,5.887,660-699,71-80,31-36,OH,Cash-Out Refinance,Single Family,Primary,Apex Mortgage Co,2023
LN101698,2021-09-01,114600.0,360,4.399,660-699,71-80,37-43,PA,Purchase,Single Family,Primary,Cornerstone Servicing,2021
LN101699,2021-04-01,168400.0,360,4.233,700-739,71-80,<=20,OH,Cash-Out Refinance,Single Family,Primary,Apex Mortgage Co,2021
LN101700,2020-06-01,346900.0,360,4.319,660-699,61-70,21-30,PA,Refinance,Single Family,Primary,Highland Capital Servicing,2020
LN101701,2022-04-01,190800.0,180,5.332,<620,81-90,31-36,OH,Purchase,Condo,Primary,Cornerstone Servicing,2022
LN101702,2022-11-01,197700.0,360,4.355,740-779,61-70,21-30,PA,Refinance,Single Family,Primary,Cornerstone Servicing,2022
LN101703,2019-01-01,195900.0,360,4.039,660-699,81-90,>50,AZ,Purchase,Single Family,Primary,Meridian Loan Services,2019
LN101704,2021-11-01,404400.0,360,4.051,700-739,61-70,>50,FL,Purchase,Condo,Primary,Meridian Loan Services,2021
LN101705,2024-02-01,152100.0,180,5.818,700-739,81-90,31-36,CA,Purchase,Manufactured,Primary,Highland Capital Servicing,2024
LN101706,2020-06-01,261600.0,360,3.853,740-779,81-90,37-43,CA,Refinance,Single Family,Primary,Apex Mortgage Co,2020
LN101707,2020-06-01,224000.0,360,4.557,660-699,61-70,31-36,OH,Refinance,Single Family,Primary,Apex Mortgage Co,2020
LN101708,2023-07-01,238100.0,180,4.649,740-779,<=60,21-30,IL,Cash-Out Refinance,Multi-Family,Second Home,Highland Capital Servicing,2023
LN101709,2019-04-01,257800.0,360,3.223,780+,>95,31-36,TX,Purchase,Single Family,Primary,Highland Capital Servicing,2019
LN101710,2021-01-01,237000.0,360,3.715,740-779,71-80,21-30,WA,Refinance,Single Family,Primary,Cornerstone Servicing,2021
LN101711,2021-05-01,330000.0,360,3.869,700-739,81-90,31-36,AZ,Refinance,Single Family,Primary,Meridian Loan Services,2021
LN101712,2023-02-01,227900.0,180,4.55,740-779,<=60,21-30,TX,Refinance,Condo,Primary,Highland Capital Servicing,2023
LN101713,2019-09-01,506300.0,360,3.759,700-739,61-70,21-30,TX,Purchase,Single Family,Primary,Meridian Loan Services,2019
LN101714,2021-03-01,235600.0,180,4.316,700-739,71-80,21-30,TX,Purchase,Single Family,Primary,Cornerstone Servicing,2021
LN101715,2019-10-01,107300.0,360,4.369,700-739,91-95,44-50,FL,Refinance,Multi-Family,Primary,Sunrise Servicing,2019
LN101716,2023-01-01,307800.0,180,4.877,660-699,61-70,<=20,MI,Purchase,Single Family,Primary,Highland Capital Servicing,2023
LN101717,2022-04-01,275500.0,360,4.833,620-659,81-90,31-36,OH,Purchase,Single Family,Primary,Sunrise Servicing,2022
LN101718,2021-07-01,234400.0,180,4.207,700-739,81-90,31-36,CA,Purchase,Single Family,Primary,Cornerstone Servicing,2021
LN101719,2021-01-01,205500.0,360,4.79,620-659,<=60,31-36,NY,Purchase,Multi-Family,Primary,Cornerstone Servicing,2021
LN101720,2019-10-01,89200.0,360,3.534,700-739,61-70,31-36,CA,Purchase,Single Family,Primary,Cornerstone Servicing,2019
LN101721,2023-10-01,96200.0,360,5.465,700-739,61-70,<=20,NY,Purchase,Condo,Primary,Highland Capital Servicing,2023
LN101722,2022-05-01,484700.0,180,3.378,780+,71-80,37-43,NY,Refinance,Single Family,Primary,Apex Mortgage Co,2022
LN101723,2020-08-01,177500.0,360,4.972,<620,81-90,37-43,GA,Cash-Out Refinance,Single Family,Primary,Meridian Loan Services,2020
LN101724,2021-02-01,356700.0,360,4.082,740-779,71-80,37-43,IL,Purchase,Multi-Family,Primary,Cornerstone Servicing,2021
LN101725,2022-10-01,112300.0,360,5.296,700-739,61-70,37-43,MI,Purchase,Single Family,Investment,Apex Mortgage Co,2022
LN101726,2022-09-01,144200.0,360,5.593,<620,81-90,31-36,CA,Cash-Out Refinance,Single Family,Second Home,Cornerstone Servicing,2022
LN101727,2021-05-01,313400.0,360,4.228,660-699,81-90,31-36,PA,Purchase,Condo,Primary,Highland Capital Servicing,2021
LN101728,2020-07-01,220500.0,360,4.624,620-659,71-80,21-30,CA,Cash-Out Refinance,Single Family,Primary,Highland Capital Servicing,2020
LN101729,2022-05-01,294200.0,360,4.731,660-699,71-80,31-36,FL,Refinance,Single Family,Primary,Meridian Loan Services,2022
LN101730,2022-05-01,229500.0,180,4.504,660-699,61-70,<=20,MI,Purchase,Condo,Investment,Apex Mortgage Co,2022
LN101731,2022-02-01,210400.0,180,4.04,700-739,81-90,31-36,GA,Purchase,Single Family,Primary,Apex Mortgage Co,2022
LN101732,2019-05-01,170100.0,360,3.851,700-739,71-80,37-43,TX,Purchase,Single Family,Primary,Highland Capital Servicing,2019
LN101733,2021-06-01,135000.0,360,5.05,<620,71-80,21-30,NY,Refinance,Single Family,Primary,Highland Capital Servicing,2021
LN101734,2022-03-01,434200.0,360,4.69,620-659,61-70,<=20,NC,Purchase,Single Family,Primary,Sunrise Servicing,2022
LN101735,2023-11-01,467600.0,180,6.084,620-659,81-90,37-43,WA,Cash-Out Refinance,Condo,Primary,Meridian Loan Services,2023
LN101736,2021-09-01,144700.0,360,3.993,700-739,81-90,31-36,GA,Refinance,Single Family,Primary,Sunrise Servicing,2021
LN101737,2020-10-01,140500.0,360,4.322,660-699,71-80,44-50,CA,Cash-Out Refinance,Multi-Family,Primary,Apex Mortgage Co,2020
LN101738,2021-11-01,197500.0,360,4.022,700-739,91-95,>50,NY,Cash-Out Refinance,Multi-Family,Second Home,Highland Capital Servicing,2021
LN101739,2019-12-01,269200.0,360,4.366,660-699,91-95,>50,CA,Purchase,Condo,Primary,Meridian Loan Services,2019
LN101740,2019-06-01,212800.0,180,4.832,<620,<=60,31-36,CA,Purchase,Single Family,Primary,Highland Capital Servicing,2019
LN101741,2022-07-01,289200.0,360,3.934,780+,81-90,21-30,OH,Cash-Out Refinance,Single Family,Second Home,Sunrise Servicing,2022
LN101742,2024-02-01,225900.0,180,5.918,620-659,71-80,37-43,PA,Purchase,Multi-Family,Second Home,Cornerstone Servicing,2024
LN101743,2023-05-01,219300.0,360,6.144,620-659,>95,37-43,CA,Purchase,Single Family,Primary,Highland Capital Servicing,2023
LN101744,2022-01-01,684100.0,360,4.661,620-659,61-70,37-43,PA,Purchase,Condo,Investment,Highland Capital Servicing,2022
LN101745,2019-03-01,182300.0,180,2.976,780+,61-70,31-36,NC,Purchase,Condo,Primary,Highland Capital Servicing,2019
LN101746,2024-02-01,483100.0,360,5.595,700-739,71-80,<=20,NC,Cash-Out Refinance,Single Family,Primary,Meridian Loan Services,2024
LN101747,2021-04-01,442900.0,360,3.867,700-739,61-70,21-30,TX,Purchase,Single Family,Second Home,Cornerstone Servicing,2021
LN101748,2020-06-01,289800.0,360,3.746,780+,81-90,21-30,FL,Refinance,Single Family,Primary,Highland Capital Servicing,2020
LN101749,2023-08-01,97100.0,360,5.88,620-659,71-80,21-30,CA,Cash-Out Refinance,Single Family,Investment,Sunrise Servicing,2023
LN101750,2022-11-01,234200.0,360,4.138,780+,61-70,>50,TX,Purchase,Single Family,Primary,Cornerstone Servicing,2022
LN101751,2022-11-01,183200.0,360,5.095,660-699,71-80,<=20,FL,Refinance,Single Family,Primary,Highland Capital Servicing,2022
LN101752,2020-06-01,233100.0,360,3.694,740-779,91-95,37-43,FL,Purchase,Condo,Primary,Meridian Loan Services,2020
LN101753,2024-02-01,143200.0,360,6.029,700-739,81-90,>50,TX,Purchase,Single Family,Primary,Cornerstone Servicing,2024
LN101754,2021-05-01,324600.0,180,4.23,700-739,71-80,31-36,TX,Purchase,Single Family,Second Home,Meridian Loan Services,2021
LN101755,2021-09-01,359800.0,180,3.217,780+,61-70,31-36,WA,Purchase,Condo,Primary,Highland Capital Servicing,2021
LN101756,2022-11-01,391000.0,180,5.391,620-659,61-70,37-43,PA,Purchase,Condo,Primary,Highland Capital Servicing,2022
LN101757,2022-05-01,194500.0,360,4.173,780+,91-95,21-30,FL,Purchase,Manufactured,Primary,Cornerstone Servicing,2022
LN101758,2019-11-01,143400.0,360,4.402,660-699,81-90,31-36,AZ,Purchase,Single Family,Primary,Apex Mortgage Co,2019
LN101759,2020-07-01,270600.0,180,4.138,740-779,71-80,44-50,TX,Purchase,Multi-Family,Primary,Cornerstone Servicing,2020
LN101760,2020-11-01,509000.0,360,4.252,780+,91-95,37-43,NY,Refinance,Condo,Primary,Meridian Loan Services,2020
LN101761,2023-11-01,238300.0,360,6.375,<620,61-70,44-50,PA,Purchase,Condo,Primary,Cornerstone Servicing,2023
LN101762,2022-09-01,283100.0,360,4.024,780+,81-90,>50,NY,Cash-Out Refinance,Single Family,Primary,Meridian Loan Services,2022
LN101763,2020-11-01,207800.0,360,3.83,700-739,61-70,31-36,TX,Cash-Out Refinance,Single Family,Primary,Cornerstone Servicing,2020
LN101764,2022-10-01,184100.0,360,3.951,740-779,61-70,37-43,FL,Refinance,Single Family,Primary,Highland Capital Servicing,2022
LN101765,2022-10-01,310600.0,180,5.623,620-659,71-80,37-43,IL,Refinance,Single Family,Primary,Highland Capital Servicing,2022
LN101766,2021-01-01,220200.0,360,4.084,700-739,71-80,37-43,OH,Refinance,Single Family,Primary,Sunrise Servicing,2021
LN101767,2021-01-01,276900.0,360,4.27,740-779,>95,37-43,NY,Refinance,Multi-Family,Primary,Apex Mortgage Co,2021
LN101768,2023-08-01,290200.0,360,5.57,700-739,71-80,37-43,NY,Cash-Out Refinance,Single Family,Primary,Sunrise Servicing,2023
LN101769,2021-11-01,270100.0,360,4.526,620-659,81-90,44-50,TX,Cash-Out Refinance,Multi-Family,Primary,Cornerstone Servicing,2021
LN101770,2019-10-01,296900.0,360,4.21,660-699,81-90,31-36,IL,Purchase,Single Family,Primary,Meridian Loan Services,2019
LN101771,2022-09-01,157300.0,360,4.489,780+,81-90,37-43,TX,Refinance,Condo,Primary,Cornerstone Servicing,2022
LN101772,2022-01-01,153100.0,180,5.104,<620,91-95,21-30,MI,Cash-Out Refinance,Single Family,Second Home,Cornerstone Servicing,2022
LN101773,2021-08-01,226600.0,360,3.593,740-779,71-80,37-43,NC,Purchase,Single Family,Primary,Sunrise Servicing,2021
LN101774,2022-09-01,229000.0,360,3.851,780+,71-80,37-43,NY,Purchase,Single Family,Primary,Highland Capital Servicing,2022
LN101775,2023-09-01,182600.0,360,6.197,<620,61-70,44-50,NC,Refinance,Multi-Family,Primary,Meridian Loan Services,2023
LN101776,2020-09-01,257400.0,360,4.946,620-659,61-70,31-36,CA,Refinance,Single Family,Primary,Sunrise Servicing,2020
LN101777,2021-03-01,347600.0,360,4.116,740-779,91-95,31-36,FL,Purchase,Single Family,Primary,Meridian Loan Services,2021
LN101778,2019-12-01,394100.0,180,4.984,<620,71-80,31-36,NY,Purchase,Multi-Family,Primary,Apex Mortgage Co,2019
LN101779,2022-05-01,436100.0,360,4.735,700-739,71-80,21-30,NY,Purchase,Single Family,Primary,Cornerstone Servicing,2022
LN101780,2021-01-01,127800.0,360,4.054,740-779,61-70,21-30,NC,Refinance,Single Family,Primary,Highland Capital Servicing,2021
LN101781,2020-10-01,136900.0,360,4.171,700-739,71-80,44-50,AZ,Cash-Out Refinance,Single Family,Second Home,Meridian Loan Services,2020
LN101782,2022-08-01,202700.0,360,5.492,660-699,81-90,21-30,FL,Cash-Out Refinance,Single Family,Primary,Meridian Loan Services,2022
LN101783,2021-02-01,239500.0,360,3.734,740-779,61-70,>50,FL,Purchase,Single Family,Primary,Meridian Loan Services,2021
LN101784,2021-05-01,207500.0,360,4.397,700-739,81-90,21-30,OH,Purchase,Single Family,Primary,Highland Capital Servicing,2021
LN101785,2021-04-01,180100.0,360,4.407,660-699,81-90,37-43,TX,Refinance,Single Family,Primary,Apex Mortgage Co,2021
LN101786,2020-05-01,201400.0,360,4.372,700-739,81-90,37-43,CA,Refinance,Single Family,Second Home,Sunrise Servicing,2020
LN101787,2019-08-01,287100.0,360,3.249,780+,61-70,37-43,AZ,Purchase,Condo,Primary,Sunrise Servicing,2019
LN101788,2023-04-01,127000.0,360,4.937,740-779,81-90,37-43,PA,Purchase,Manufactured,Investment,Sunrise Servicing,2023
LN101789,2019-06-01,663000.0,180,4.361,700-739,61-70,37-43,AZ,Purchase,Single Family,Primary,Cornerstone Servicing,2019
LN101790,2020-09-01,233200.0,360,4.615,660-699,71-80,44-50,TX,Refinance,Single Family,Primary,Apex Mortgage Co,2020
LN101791,2022-06-01,370600.0,180,5.255,620-659,81-90,37-43,CA,Refinance,Single Family,Primary,Apex Mortgage Co,2022
LN101792,2019-09-01,177900.0,360,4.215,660-699,81-90,<=20,NY,Purchase,Condo,Primary,Highland Capital Servicing,2019
LN101793,2022-05-01,299100.0,360,5.275,<620,61-70,21-30,WA,Cash-Out Refinance,Single Family,Primary,Sunrise Servicing,2022
LN101794,2022-10-01,241600.0,360,4.132,780+,91-95,37-43,CA,Refinance,Single Family,Primary,Sunrise Servicing,2022
LN101795,2022-06-01,339600.0,360,4.797,660-699,<=60,31-36,CA,Cash-Out Refinance,Single Family,Investment,Meridian Loan Services,2022
LN101796,2020-07-01,211200.0,360,4.079,740-779,81-90,31-36,CA,Purchase,Single Family,Primary,Meridian Loan Services,2020
LN101797,2019-02-01,464300.0,180,4.796,620-659,>95,37-43,PA,Purchase,Condo,Primary,Highland Capital Servicing,2019
LN101798,2023-08-01,118000.0,360,5.987,660-699,71-80,31-36,PA,Cash-Out Refinance,Single Family,Second Home,Cornerstone Servicing,2023
LN101799,2020-09-01,354100.0,360,4.509,700-739,81-90,37-43,GA,Cash-Out Refinance,Single Family,Primary,Highland Capital Servicing,2020
LN101800,2023-02-01,243600.0,180,5.352,660-699,81-90,37-43,CA,Cash-Out Refinance,Single Family,Primary,Cornerstone Servicing,2023
LN101801,2020-01-01,146100.0,360,3.928,740-779,81-90,37-43,NC,Cash-Out Refinance,Single Family,Primary,Apex Mortgage Co,2020
LN101802,2019-11-01,555900.0,360,3.373,780+,81-90,37-43,NY,Purchase,Single Family,Second Home,Meridian Loan Services,2019
LN101803,2023-01-01,530700.0,360,4.267,780+,81-90,44-50,CA,Purchase,Condo,Primary,Meridian Loan Services,2023
LN101804,2023-11-01,90800.0,360,5.885,620-659,61-70,37-43,FL,Purchase,Single Family,Primary,Sunrise Servicing,2023
LN101805,2023-06-01,250100.0,360,4.815,740-779,81-90,>50,IL,Cash-Out Refinance,Single Family,Primary,Cornerstone Servicing,2023
LN101806,2022-11-01,317300.0,360,5.332,620-659,61-70,21-30,FL,Purchase,Single Family,Primary,Highland Capital Servicing,2022
LN101807,2020-04-01,281700.0,180,3.435,780+,>95,37-43,AZ,Refinance,Single Family,Primary,Highland Capital Servicing,2020
LN101808,2023-09-01,456800.0,360,5.44,700-739,61-70,37-43,NY,Cash-Out Refinance,Multi-Family,Primary,Meridian Loan Services,2023
LN101809,2022-06-01,416000.0,360,4.904,660-699,61-70,31-36,FL,Cash-Out Refinance,Single Family,Primary,Highland Capital Servicing,2022
LN101810,2019-11-01,260200.0,360,4.769,620-659,91-95,21-30,GA,Cash-Out Refinance,Single Family,Primary,Meridian Loan Services,2019
LN101811,2019-09-01,643500.0,360,4.27,<620,61-70,31-36,GA,Refinance,Single Family,Primary,Apex Mortgage Co,2019
LN101812,2023-07-01,352100.0,180,5.502,660-699,71-80,31-36,CA,Purchase,Manufactured,Investment,Highland Capital Servicing,2023
LN101813,2020-06-01,197200.0,360,3.332,780+,81-90,44-50,OH,Cash-Out Refinance,Condo,Primary,Cornerstone Servicing,2020
LN101814,2022-12-01,180100.0,360,4.326,740-779,61-70,31-36,TX,Purchase,Single Family,Primary,Apex Mortgage Co,2022
LN101815,2019-09-01,404100.0,360,3.6,780+,61-70,21-30,FL,Purchase,Single Family,Primary,Highland Capital Servicing,2019
LN101816,2020-06-01,161600.0,360,4.243,620-659,71-80,37-43,NC,Cash-Out Refinance,Condo,Primary,Apex Mortgage Co,2020
LN101817,2020-06-01,192100.0,360,3.887,700-739,61-70,31-36,IL,Refinance,Condo,Investment,Apex Mortgage Co,2020
LN101818,2020-06-01,207400.0,360,4.516,660-699,61-70,<=20,FL,Purchase,Single Family,Primary,Cornerstone Servicing,2020
LN101819,2022-06-01,271000.0,360,4.179,700-739,<=60,37-43,TX,Purchase,Condo,Primary,Cornerstone Servicing,2022
LN101820,2023-09-01,211700.0,360,5.549,660-699,71-80,31-36,IL,Purchase,Single Family,Primary,Meridian Loan Services,2023
LN101821,2023-09-01,127700.0,180,6.112,660-699,71-80,21-30,FL,Cash-Out Refinance,Single Family,Primary,Cornerstone Servicing,2023
LN101822,2022-10-01,389600.0,360,4.689,700-739,<=60,37-43,WA,Refinance,Single Family,Second Home,Apex Mortgage Co,2022
LN101823,2020-01-01,192500.0,360,4.901,620-659,81-90,37-43,IL,Purchase,Single Family,Investment,Highland Capital Servicing,2020
LN101824,2023-12-01,573200.0,360,5.919,700-739,81-90,37-43,MI,Refinance,Single Family,Primary,Apex Mortgage Co,2023
LN101825,2021-10-01,264800.0,180,3.609,740-779,<=60,31-36,FL,Cash-Out Refinance,Single Family,Primary,Highland Capital Servicing,2021
LN101826,2021-10-01,408500.0,360,4.889,620-659,71-80,21-30,MI,Cash-Out Refinance,Condo,Primary,Cornerstone Servicing,2021
LN101827,2022-08-01,306800.0,360,4.497,780+,91-95,>50,CA,Purchase,Condo,Second Home,Apex Mortgage Co,2022
LN101828,2022-12-01,417400.0,180,4.571,700-739,81-90,37-43,FL,Refinance,Single Family,Primary,Highland Capital Servicing,2022
LN101829,2023-12-01,298500.0,360,5.433,740-779,71-80,<=20,CA,Purchase,Single Family,Primary,Apex Mortgage Co,2023
LN101830,2022-01-01,256700.0,360,3.749,740-779,71-80,44-50,CA,Purchase,Single Family,Primary,Highland Capital Servicing,2022
LN101831,2022-02-01,377700.0,360,3.679,740-779,61-70,21-30,WA,Purchase,Single Family,Primary,Sunrise Servicing,2022
LN101832,2022-11-01,706900.0,360,4.809,740-779,81-90,44-50,NC,Purchase,Single Family,Investment,Highland Capital Servicing,2022
LN101833,2020-04-01,204600.0,360,3.739,780+,91-95,37-43,OH,Refinance,Condo,Primary,Apex Mortgage Co,2020
LN101834,2020-08-01,330300.0,360,4.647,700-739,91-95,>50,IL,Purchase,Single Family,Primary,Apex Mortgage Co,2020
LN101835,2022-03-01,230400.0,360,4.644,660-699,61-70,>50,IL,Purchase,Single Family,Primary,Meridian Loan Services,2022
LN101836,2019-05-01,290000.0,180,4.809,620-659,71-80,21-30,GA,Purchase,Condo,Investment,Highland Capital Servicing,2019
LN101837,2020-08-01,235400.0,360,3.782,700-739,61-70,37-43,MI,Purchase,Single Family,Primary,Meridian Loan Services,2020
LN101838,2022-09-01,87500.0,360,5.399,<620,71-80,21-30,OH,Refinance,Single Family,Second Home,Sunrise Servicing,2022
LN101839,2024-01-01,211100.0,180,5.835,660-699,71-80,37-43,NC,Purchase,Condo,Second Home,Cornerstone Servicing,2024
LN101840,2021-09-01,362100.0,360,5.291,<620,81-90,37-43,TX,Purchase,Multi-Family,Second Home,Apex Mortgage Co,2021
LN101841,2021-01-01,163700.0,180,3.881,700-739,61-70,<=20,AZ,Cash-Out Refinance,Single Family,Primary,Sunrise Servicing,2021
LN101842,2021-04-01,349600.0,360,4.678,620-659,91-95,<=20,CA,Purchase,Single Family,Primary,Meridian Loan Services,2021
LN101843,2022-07-01,250900.0,360,4.115,700-739,<=60,<=20,FL,Cash-Out Refinance,Single Family,Second Home,Cornerstone Servicing,2022
LN101844,2021-10-01,211900.0,360,4.127,740-779,<=60,21-30,WA,Refinance,Single Family,Investment,Meridian Loan Services,2021
LN101845,2019-02-01,347200.0,180,3.823,740-779,91-95,21-30,TX,Refinance,Single Family,Primary,Meridian Loan Services,2019
LN101846,2021-10-01,313800.0,180,4.522,660-699,81-90,44-50,CA,Refinance,Single Family,Primary,Apex Mortgage Co,2021
LN101847,2021-01-01,279100.0,360,3.926,700-739,71-80,31-36,FL,Purchase,Single Family,Primary,Sunrise Servicing,2021
LN101848,2022-08-01,364800.0,360,4.828,700-739,81-90,44-50,NY,Cash-Out Refinance,Condo,Primary,Apex Mortgage Co,2022
LN101849,2023-07-01,253100.0,360,4.818,700-739,61-70,44-50,WA,Cash-Out Refinance,Single Family,Investment,Sunrise Servicing,2023
LN101850,2023-12-01,110200.0,360,5.165,740-779,61-70,37-43,MI,Purchase,Multi-Family,Primary,Cornerstone Servicing,2023
LN101851,2022-02-01,194800.0,180,4.299,660-699,71-80,31-36,NY,Refinance,Single Family,Primary,Apex Mortgage Co,2022
LN101852,2020-11-01,102500.0,360,3.552,780+,71-80,44-50,AZ,Purchase,Condo,Primary,Meridian Loan Services,2020
LN101853,2021-04-01,310500.0,180,4.627,620-659,81-90,37-43,GA,Cash-Out Refinance,Single Family,Second Home,Apex Mortgage Co,2021
LN101854,2019-11-01,345700.0,360,3.936,740-779,61-70,37-43,MI,Cash-Out Refinance,Single Family,Primary,Sunrise Servicing,2019
LN101855,2023-11-01,352800.0,360,5.761,700-739,81-90,44-50,TX,Purchase,Condo,Primary,Meridian Loan Services,2023
LN101856,2023-05-01,287800.0,360,5.341,660-699,81-90,37-43,NY,Cash-Out Refinance,Condo,Primary,Sunrise Servicing,2023
LN101857,2023-05-01,357000.0,360,4.918,740-779,61-70,31-36,CA,Cash-Out Refinance,Single Family,Second Home,Highland Capital Servicing,2023
LN101858,2020-09-01,113600.0,360,4.486,620-659,<=60,44-50,CA,Refinance,Single Family,Primary,Cornerstone Servicing,2020
LN101859,2020-08-01,220000.0,180,3.684,740-779,71-80,31-36,NC,Purchase,Single Family,Primary,Apex Mortgage Co,2020
LN101860,2023-06-01,122200.0,180,5.39,700-739,81-90,44-50,CA,Cash-Out Refinance,Single Family,Primary,Sunrise Servicing,2023
LN101861,2021-10-01,196600.0,180,4.226,620-659,81-90,<=20,IL,Refinance,Single Family,Investment,Sunrise Servicing,2021
LN101862,2022-08-01,478000.0,360,5.683,<620,81-90,<=20,GA,Purchase,Condo,Primary,Cornerstone Servicing,2022
LN101863,2021-07-01,377700.0,360,3.578,740-779,71-80,31-36,CA,Cash-Out Refinance,Single Family,Primary,Meridian Loan Services,2021
LN101864,2021-04-01,311100.0,360,4.182,660-699,61-70,<=20,NY,Refinance,Single Family,Primary,Meridian Loan Services,2021
LN101865,2022-04-01,212800.0,360,4.106,780+,71-80,>50,GA,Cash-Out Refinance,Single Family,Primary,Sunrise Servicing,2022
LN101866,2023-03-01,147700.0,360,4.517,740-779,61-70,<=20,WA,Refinance,Manufactured,Second Home,Highland Capital Servicing,2023
LN101867,2020-09-01,251200.0,180,4.096,740-779,81-90,37-43,FL,Purchase,Single Family,Second Home,Sunrise Servicing,2020
LN101868,2023-03-01,380700.0,360,5.279,660-699,61-70,21-30,AZ,Cash-Out Refinance,Single Family,Primary,Cornerstone Servicing,2023
LN101869,2020-04-01,277700.0,360,3.824,740-779,61-70,>50,MI,Refinance,Single Family,Investment,Meridian Loan Services,2020
LN101870,2021-01-01,113100.0,360,3.504,780+,71-80,31-36,GA,Purchase,Condo,Primary,Sunrise Servicing,2021
LN101871,2023-09-01,242100.0,360,5.945,620-659,71-80,<=20,FL,Purchase,Single Family,Second Home,Highland Capital Servicing,2023
LN101872,2023-12-01,97600.0,180,6.426,660-699,81-90,<=20,NC,Purchase,Single Family,Primary,Meridian Loan Services,2023
LN101873,2023-10-01,331700.0,360,5.975,660-699,71-80,31-36,PA,Refinance,Single Family,Primary,Highland Capital Servicing,2023
LN101874,2020-08-01,169100.0,360,4.162,700-739,91-95,>50,FL,Purchase,Multi-Family,Second Home,Sunrise Servicing,2020
LN101875,2023-05-01,133200.0,360,4.749,740-779,91-95,>50,AZ,Cash-Out Refinance,Single Family,Investment,Cornerstone Servicing,2023
LN101876,2023-11-01,333700.0,180,5.623,700-739,91-95,31-36,WA,Cash-Out Refinance,Single Family,Primary,Meridian Loan Services,2023
LN101877,2024-01-01,297100.0,180,5.956,700-739,81-90,31-36,NY,Refinance,Single Family,Primary,Highland Capital Servicing,2024
LN101878,2019-02-01,256400.0,360,4.607,660-699,81-90,21-30,NC,Purchase,Single Family,Second Home,Cornerstone Servicing,2019
LN101879,2022-11-01,619300.0,360,5.623,620-659,81-90,31-36,IL,Refinance,Single Family,Primary,Apex Mortgage Co,2022
LN101880,2024-02-01,307400.0,360,5.645,660-699,71-80,37-43,PA,Purchase,Single Family,Primary,Meridian Loan Services,2024
LN101881,2022-12-01,172800.0,360,4.379,780+,71-80,21-30,MI,Cash-Out Refinance,Single Family,Primary,Meridian Loan Services,2022
LN101882,2020-03-01,291700.0,360,4.404,700-739,81-90,37-43,CA,Purchase,Single Family,Primary,Highland Capital Servicing,2020
LN101883,2022-12-01,203100.0,360,5.003,660-699,<=60,44-50,CA,Cash-Out Refinance,Single Family,Primary,Sunrise Servicing,2022
LN101884,2019-07-01,408400.0,360,3.901,740-779,<=60,<=20,FL,Purchase,Single Family,Investment,Sunrise Servicing,2019
LN101885,2021-06-01,262100.0,180,4.867,<620,91-95,21-30,WA,Purchase,Single Family,Primary,Highland Capital Servicing,2021
LN101886,2022-03-01,274000.0,360,4.481,660-699,<=60,21-30,FL,Cash-Out Refinance,Single Family,Primary,Sunrise Servicing,2022
LN101887,2021-05-01,120700.0,360,4.193,660-699,71-80,21-30,WA,Purchase,Single Family,Primary,Meridian Loan Services,2021
LN101888,2022-08-01,237400.0,360,4.248,780+,81-90,21-30,NY,Cash-Out Refinance,Single Family,Second Home,Highland Capital Servicing,2022
LN101889,2020-03-01,225200.0,360,3.805,740-779,61-70,37-43,TX,Cash-Out Refinance,Condo,Primary,Meridian Loan Services,2020
LN101890,2022-02-01,145700.0,360,4.665,700-739,91-95,21-30,WA,Purchase,Multi-Family,Second Home,Cornerstone Servicing,2022
LN101891,2022-05-01,209000.0,180,5.338,<620,61-70,37-43,IL,Purchase,Single Family,Primary,Cornerstone Servicing,2022
LN101892,2022-04-01,281000.0,180,4.994,620-659,91-95,44-50,FL,Refinance,Single Family,Primary,Sunrise Servicing,2022
LN101893,2020-06-01,230500.0,180,3.812,740-779,81-90,>50,CA,Cash-Out Refinance,Manufactured,Second Home,Sunrise Servicing,2020
LN101894,2020-07-01,122300.0,360,4.297,660-699,61-70,37-43,CA,Cash-Out Refinance,Manufactured,Primary,Cornerstone Servicing,2020
LN101895,2020-05-01,204200.0,360,3.33,780+,61-70,21-30,CA,Purchase,Single Family,Second Home,Sunrise Servicing,2020
LN101896,2021-05-01,187100.0,180,4.066,740-779,71-80,<=20,FL,Refinance,Single Family,Primary,Apex Mortgage Co,2021
LN101897,2022-01-01,252000.0,360,4.313,700-739,71-80,21-30,OH,Purchase,Condo,Primary,Cornerstone Servicing,2022
LN101898,2020-11-01,240000.0,180,3.429,740-779,61-70,>50,FL,Refinance,Manufactured,Primary,Apex Mortgage Co,2020
LN101899,2021-02-01,191900.0,360,3.811,780+,>95,>50,CA,Cash-Out Refinance,Condo,Investment,Meridian Loan Services,2021
LN101900,2020-06-01,188600.0,360,4.063,700-739,61-70,31-36,TX,Cash-Out Refinance,Single Family,Primary,Sunrise Servicing,2020
LN101901,2020-02-01,238100.0,360,3.754,740-779,91-95,31-36,NY,Purchase,Single Family,Primary,Meridian Loan Services,2020
LN101902,2022-05-01,356200.0,360,3.825,780+,61-70,31-36,AZ,Purchase,Manufactured,Primary,Apex Mortgage Co,2022
LN101903,2023-03-01,261800.0,360,5.835,660-699,>95,21-30,FL,Purchase,Single Family,Investment,Sunrise Servicing,2023
LN101904,2020-07-01,438200.0,360,3.625,780+,61-70,>50,CA,Purchase,Single Family,Second Home,Apex Mortgage Co,2020
LN101905,2023-06-01,384600.0,360,6.0,620-659,71-80,21-30,OH,Purchase,Condo,Second Home,Apex Mortgage Co,2023
LN101906,2021-12-01,452900.0,360,3.58,740-779,71-80,31-36,WA,Cash-Out Refinance,Single Family,Primary,Meridian Loan Services,2021
LN101907,2019-11-01,427600.0,180,3.638,740-779,61-70,31-36,PA,Purchase,Single Family,Primary,Cornerstone Servicing,2019
LN101908,2020-11-01,466600.0,360,4.035,700-739,81-90,21-30,MI,Purchase,Single Family,Second Home,Cornerstone Servicing,2020
LN101909,2019-01-01,137500.0,360,3.937,700-739,61-70,31-36,WA,Refinance,Single Family,Second Home,Highland Capital Servicing,2019
LN101910,2019-03-01,309100.0,360,3.999,700-739,71-80,44-50,GA,Purchase,Single Family,Second Home,Apex Mortgage Co,2019
LN101911,2020-09-01,399600.0,360,4.916,620-659,71-80,21-30,AZ,Purchase,Single Family,Second Home,Apex Mortgage Co,2020
LN101912,2021-05-01,433500.0,360,4.74,660-699,81-90,37-43,CA,Cash-Out Refinance,Single Family,Investment,Sunrise Servicing,2021
LN101913,2023-02-01,163300.0,360,5.22,660-699,<=60,31-36,MI,Purchase,Single Family,Primary,Meridian Loan Services,2023
LN101914,2019-09-01,310500.0,360,3.738,700-739,61-70,21-30,MI,Purchase,Single Family,Primary,Sunrise Servicing,2019
LN101915,2023-05-01,238900.0,180,4.748,700-739,61-70,<=20,WA,Refinance,Multi-Family,Investment,Meridian Loan Services,2023
LN101916,2020-03-01,530300.0,360,4.467,660-699,71-80,21-30,NY,Purchase,Single Family,Primary,Apex Mortgage Co,2020
LN101917,2019-09-01,123700.0,180,3.61,780+,61-70,<=20,PA,Purchase,Manufactured,Primary,Highland Capital Servicing,2019
LN101918,2022-08-01,163400.0,360,5.011,660-699,91-95,31-36,TX,Purchase,Single Family,Primary,Meridian Loan Services,2022
LN101919,2022-12-01,102300.0,360,4.523,700-739,71-80,44-50,OH,Purchase,Single Family,Primary,Meridian Loan Services,2022
LN101920,2022-02-01,246500.0,360,4.642,700-739,81-90,37-43,FL,Cash-Out Refinance,Condo,Second Home,Highland Capital Servicing,2022
LN101921,2019-08-01,639700.0,360,4.677,620-659,71-80,>50,OH,Purchase,Condo,Second Home,Sunrise Servicing,2019
LN101922,2019-08-01,226400.0,360,3.633,740-779,61-70,31-36,GA,Purchase,Single Family,Primary,Sunrise Servicing,2019
LN101923,2021-01-01,241700.0,360,3.921,700-739,71-80,37-43,FL,Purchase,Single Family,Primary,Highland Capital Servicing,2021
LN101924,2021-04-01,295800.0,360,4.929,<620,61-70,37-43,TX,Cash-Out Refinance,Single Family,Primary,Apex Mortgage Co,2021
LN101925,2024-02-01,219200.0,360,5.206,780+,71-80,21-30,FL,Purchase,Single Family,Investment,Cornerstone Servicing,2024
LN101926,2020-06-01,272300.0,180,3.931,740-779,71-80,21-30,GA,Cash-Out Refinance,Single Family,Primary,Highland Capital Servicing,2020
LN101927,2019-12-01,275500.0,180,3.611,740-779,71-80,31-36,GA,Purchase,Single Family,Primary,Cornerstone Servicing,2019
LN101928,2023-11-01,157900.0,360,5.209,780+,>95,44-50,NC,Cash-Out Refinance,Single Family,Primary,Highland Capital Servicing,2023
LN101929,2019-10-01,221400.0,360,3.213,780+,61-70,31-36,CA,Purchase,Multi-Family,Primary,Cornerstone Servicing,2019
LN101930,2019-02-01,322500.0,360,4.624,660-699,71-80,21-30,PA,Purchase,Single Family,Primary,Sunrise Servicing,2019
LN101931,2021-03-01,350800.0,360,4.218,700-739,61-70,>50,GA,Purchase,Condo,Primary,Apex Mortgage Co,2021
LN101932,2021-01-01,414300.0,360,4.05,700-739,71-80,21-30,CA,Purchase,Condo,Primary,Cornerstone Servicing,2021
LN101933,2022-03-01,268600.0,360,4.35,660-699,81-90,>50,FL,Refinance,Manufactured,Primary,Highland Capital Servicing,2022
LN101934,2023-07-01,271100.0,180,5.529,660-699,61-70,44-50,NY,Refinance,Single Family,Primary,Apex Mortgage Co,2023
LN101935,2023-10-01,323700.0,180,6.07,620-659,81-90,44-50,FL,Refinance,Single Family,Primary,Cornerstone Servicing,2023
LN101936,2020-06-01,176700.0,360,3.747,740-779,71-80,44-50,CA,Purchase,Single Family,Primary,Meridian Loan Services,2020
LN101937,2024-01-01,173500.0,360,4.992,740-779,<=60,21-30,TX,Refinance,Single Family,Primary,Sunrise Servicing,2024
LN101938,2022-04-01,218300.0,360,3.973,740-779,91-95,37-43,CA,Purchase,Single Family,Primary,Highland Capital Servicing,2022
LN101939,2019-05-01,130100.0,180,4.269,660-699,71-80,37-43,CA,Cash-Out Refinance,Condo,Second Home,Apex Mortgage Co,2019
LN101940,2023-11-01,277400.0,360,5.907,660-699,81-90,37-43,TX,Refinance,Single Family,Primary,Sunrise Servicing,2023
LN101941,2019-09-01,370300.0,360,4.489,700-739,71-80,21-30,PA,Refinance,Single Family,Primary,Meridian Loan Services,2019
LN101942,2022-01-01,167800.0,180,4.337,700-739,91-95,21-30,IL,Cash-Out Refinance,Multi-Family,Primary,Sunrise Servicing,2022
LN101943,2023-01-01,280900.0,360,3.932,780+,61-70,31-36,NY,Refinance,Condo,Primary,Cornerstone Servicing,2023
LN101944,2020-04-01,174000.0,360,3.22,780+,71-80,31-36,GA,Refinance,Single Family,Primary,Cornerstone Servicing,2020
LN101945,2020-05-01,146200.0,360,3.671,780+,81-90,37-43,IL,Purchase,Condo,Primary,Cornerstone Servicing,2020
LN101946,2021-06-01,582500.0,180,3.392,780+,71-80,44-50,CA,Refinance,Single Family,Primary,Sunrise Servicing,2021
LN101947,2023-07-01,147100.0,360,4.919,780+,71-80,37-43,TX,Purchase,Condo,Second Home,Cornerstone Servicing,2023
LN101948,2020-02-01,129900.0,360,4.347,700-739,>95,37-43,TX,Purchase,Single Family,Primary,Apex Mortgage Co,2020
LN101949,2022-06-01,254400.0,360,4.983,<620,71-80,21-30,OH,Cash-Out Refinance,Single Family,Investment,Meridian Loan Services,2022
LN101950,2021-05-01,260600.0,360,4.573,620-659,81-90,31-36,NY,Purchase,Single Family,Primary,Highland Capital Servicing,2021
LN101951,2019-07-01,311800.0,360,3.91,700-739,81-90,31-36,FL,Refinance,Single Family,Primary,Cornerstone Servicing,2019
LN101952,2022-09-01,568400.0,360,5.209,660-699,91-95,21-30,IL,Purchase,Condo,Second Home,Apex Mortgage Co,2022
LN101953,2023-04-01,162800.0,360,5.615,620-659,91-95,<=20,AZ,Purchase,Single Family,Primary,Sunrise Servicing,2023
LN101954,2021-12-01,178000.0,180,3.454,780+,71-80,31-36,FL,Cash-Out Refinance,Single Family,Primary,Cornerstone Servicing,2021
LN101955,2019-11-01,476400.0,360,4.263,620-659,61-70,21-30,IL,Purchase,Single Family,Primary,Sunrise Servicing,2019
LN101956,2019-10-01,352400.0,360,3.257,780+,<=60,37-43,NY,Refinance,Single Family,Primary,Sunrise Servicing,2019
LN101957,2021-03-01,331100.0,360,3.973,740-779,81-90,<=20,NC,Refinance,Condo,Primary,Highland Capital Servicing,2021
LN101958,2021-08-01,177100.0,360,4.178,740-779,91-95,21-30,NC,Cash-Out Refinance,Single Family,Primary,Highland Capital Servicing,2021
LN101959,2021-11-01,383300.0,180,3.811,740-779,71-80,<=20,NC,Purchase,Condo,Primary,Highland Capital Servicing,2021
LN101960,2020-04-01,331500.0,360,4.184,660-699,61-70,37-43,TX,Refinance,Condo,Primary,Cornerstone Servicing,2020
LN101961,2021-08-01,251500.0,360,3.944,740-779,61-70,37-43,NY,Purchase,Single Family,Primary,Cornerstone Servicing,2021
LN101962,2020-07-01,177500.0,360,4.69,620-659,71-80,31-36,PA,Purchase,Condo,Primary,Sunrise Servicing,2020
LN101963,2022-07-01,242300.0,360,4.214,780+,91-95,21-30,FL,Purchase,Single Family,Second Home,Meridian Loan Services,2022
LN101964,2023-02-01,485000.0,180,5.039,660-699,61-70,>50,AZ,Purchase,Single Family,Primary,Highland Capital Servicing,2023
LN101965,2022-05-01,141200.0,180,4.816,660-699,81-90,37-43,FL,Purchase,Single Family,Primary,Meridian Loan Services,2022
LN101966,2019-01-01,161100.0,360,3.589,740-779,81-90,37-43,NY,Purchase,Single Family,Investment,Highland Capital Servicing,2019
LN101967,2024-02-01,174100.0,360,5.593,740-779,91-95,31-36,NY,Purchase,Single Family,Investment,Apex Mortgage Co,2024
LN101968,2019-02-01,192000.0,360,3.992,700-739,<=60,44-50,NY,Refinance,Single Family,Primary,Apex Mortgage Co,2019
LN101969,2024-02-01,229300.0,360,5.429,740-779,91-95,44-50,MI,Purchase,Condo,Primary,Sunrise Servicing,2024
LN101970,2019-03-01,355500.0,360,4.503,620-659,81-90,31-36,CA,Purchase,Single Family,Primary,Highland Capital Servicing,2019
LN101971,2021-09-01,284300.0,360,3.898,740-779,81-90,37-43,IL,Purchase,Multi-Family,Investment,Cornerstone Servicing,2021
LN101972,2019-07-01,237400.0,360,3.94,660-699,<=60,21-30,OH,Purchase,Single Family,Primary,Cornerstone Servicing,2019
LN101973,2019-06-01,261600.0,360,3.959,660-699,71-80,37-43,MI,Refinance,Single Family,Primary,Meridian Loan Services,2019
LN101974,2022-07-01,305800.0,360,5.25,620-659,81-90,31-36,OH,Cash-Out Refinance,Single Family,Primary,Highland Capital Servicing,2022
LN101975,2022-10-01,108400.0,360,5.052,660-699,71-80,<=20,AZ,Refinance,Single Family,Primary,Sunrise Servicing,2022
LN101976,2019-08-01,374100.0,360,4.253,660-699,71-80,>50,MI,Refinance,Single Family,Primary,Highland Capital Servicing,2019
LN101977,2024-01-01,159200.0,360,5.784,700-739,71-80,44-50,FL,Purchase,Multi-Family,Second Home,Apex Mortgage Co,2024
LN101978,2020-08-01,189200.0,180,4.834,620-659,71-80,21-30,MI,Cash-Out Refinance,Multi-Family,Primary,Cornerstone Servicing,2020
LN101979,2020-08-01,269200.0,360,4.51,620-659,<=60,>50,AZ,Purchase,Single Family,Primary,Highland Capital Servicing,2020
LN101980,2020-07-01,223300.0,360,3.902,700-739,71-80,21-30,TX,Purchase,Single Family,Second Home,Sunrise Servicing,2020
LN101981,2021-05-01,287500.0,360,4.489,620-659,61-70,31-36,OH,Purchase,Single Family,Primary,Cornerstone Servicing,2021
LN101982,2019-12-01,246200.0,180,4.024,740-779,91-95,44-50,TX,Purchase,Single Family,Primary,Highland Capital Servicing,2019
LN101983,2021-03-01,202800.0,360,3.787,780+,>95,21-30,GA,Refinance,Single Family,Primary,Meridian Loan Services,2021
LN101984,2020-02-01,459500.0,180,3.861,700-739,61-70,31-36,CA,Purchase,Single Family,Second Home,Meridian Loan Services,2020
LN101985,2019-04-01,317600.0,360,3.1,780+,61-70,37-43,NC,Purchase,Condo,Primary,Sunrise Servicing,2019
LN101986,2020-11-01,264600.0,360,4.751,620-659,61-70,21-30,NY,Purchase,Single Family,Second Home,Meridian Loan Services,2020
LN101987,2022-06-01,315400.0,360,5.335,<620,71-80,31-36,OH,Cash-Out Refinance,Single Family,Primary,Cornerstone Servicing,2022
LN101988,2022-12-01,168100.0,360,4.839,740-779,91-95,21-30,CA,Refinance,Single Family,Primary,Cornerstone Servicing,2022
LN101989,2020-10-01,614600.0,360,3.98,740-779,71-80,37-43,GA,Cash-Out Refinance,Multi-Family,Primary,Apex Mortgage Co,2020
LN101990,2020-09-01,141600.0,360,3.302,780+,<=60,21-30,NY,Cash-Out Refinance,Single Family,Primary,Meridian Loan Services,2020
LN101991,2023-01-01,243000.0,360,5.772,<620,<=60,21-30,OH,Cash-Out Refinance,Single Family,Primary,Meridian Loan Services,2023
LN101992,2022-07-01,203000.0,360,4.147,740-779,61-70,37-43,FL,Purchase,Single Family,Primary,Cornerstone Servicing,2022
LN101993,2023-04-01,199600.0,360,5.579,660-699,91-95,21-30,CA,Purchase,Condo,Primary,Sunrise Servicing,2023
LN101994,2023-09-01,188300.0,360,5.347,660-699,81-90,31-36,NY,Purchase,Condo,Primary,Highland Capital Servicing,2023
LN101995,2023-03-01,163200.0,180,5.409,620-659,71-80,37-43,AZ,Purchase,Single Family,Investment,Cornerstone Servicing,2023
LN101996,2023-11-01,394300.0,360,4.797,780+,71-80,37-43,TX,Refinance,Single Family,Primary,Cornerstone Servicing,2023
LN101997,2021-02-01,134300.0,360,5.159,<620,91-95,<=20,GA,Purchase,Condo,Primary,Highland Capital Servicing,2021
LN101998,2021-01-01,359500.0,360,3.877,740-779,71-80,44-50,CA,Purchase,Single Family,Primary,Cornerstone Servicing,2021
LN101999,2020-08-01,309200.0,180,3.993,740-779,91-95,37-43,NC,Refinance,Single Family,Primary,Meridian Loan Services,2020
