loan_id,reporting_month,current_status,current_balance,days_past_due,last_updated_at,source_system
LN100609,2024-03-01,Current,587848.68,0,2024-03-07,Servicer_Feed
LN100258,2023-03-01,Current,369894.13031111885,0,2023-03-04,Servicer_Feed
LN100483,2024-02-01,Current,372710.38,0,2024-02-05,Servicer_Feed
LN100902,2022-08-01,Current,191255.88,0,2022-04-01,Servicer_Feed
LN101793,2022-06-01,Current,298188.05,0,2022-06-05,Servicer_Feed
LN101110,2023-07-01,Current,149919.45,0,2023-07-06,Servicer_Feed
LN101469,2021-04-01,Current,420068.78,0,2021-04-07,Servicer_Feed
LN100893,2023-10-01,Current,257969.56,0,2023-10-09,Servicer_Feed
LN101754,2022-07-01,Current,309536.3,0,2022-07-10,Servicer_Feed
LN100091,2024-02-01,Current,119825.23,0,2024-02-06,Servicer_Feed
LN100466,2020-03-01,Current,185698.48,0,2020-03-03,Servicer_Feed
LN101503,2020-10-01,Current,284916.2209584311,0,2020-10-03,Servicer_Feed
LN101317,2021-12-01,Current,241641.6,0,2021-12-06,Servicer_Feed
LN100729,2020-07-01,Current,103751.38,0,2020-07-05,Servicer_Feed
LN101366,2024-01-01,Current,171134.26726665808,0,2024-01-05,Servicer_Feed
LN101169,2021-05-01,Current,227657.53,0,2021-05-10,Servicer_Feed
LN100150,2019-12-01,Current,183671.68,0,2019-12-06,Servicer_Feed
LN100107,2021-07-01,Current,393519.45,0,2021-07-01,Servicer_Feed
LN100133,2022-03-01,Current,377136.63,0,2022-03-09,Servicer_Feed
LN101781,2023-07-01,Current,129655.59,0,2023-03-01,Servicer_Feed
LN100627,2022-11-01,Current,184809.5,0,2022-11-04,Servicer_Feed
LN101114,2024-10-01,Current,328848.05,0,2024-06-01,Servicer_Feed
LN101398,2023-10-01,Current,272328.39,0,2023-10-10,Servicer_Feed
LN100346,2023-08-01,Current,442018.4399946136,0,2023-08-10,Servicer_Feed
LN100502,2024-06-01,Current,180817.43,0,2024-06-08,Servicer_Feed
LN101717,2024-06-01,Current,264404.19,0,2024-06-09,Servicer_Feed
LN100883,2022-03-01,Current,116965.09,0,2022-03-03,Servicer_Feed
LN101221,2023-09-01,Current,242358.78,0,2023-09-02,Servicer_Feed
LN100326,2021-01-01,Current,421189.0,0,2021-01-06,Servicer_Feed
LN100027,2023-02-01,Current,364822.76,0,2023-02-04,Servicer_Feed
LN101603,2024-08-01,Prepaid,156554.9488848975,0,2024-08-08,Servicer_Feed
LN101219,2022-08-01,Current,192021.3,0,2022-08-10,Servicer_Feed
LN101200,2020-06-01,Current,150554.95,0,2020-06-05,Servicer_Feed
LN101068,2023-09-01,Current,102372.64,0,2023-09-07,Servicer_Feed
LN101620,2021-01-01,Current,92528.73,0,2021-01-09,Servicer_Feed
LN100473,2023-09-01,Current,196224.91,0,2023-09-04,Servicer_Feed
LN101620,2021-09-01,Current,89891.92,0,2021-05-01,Servicer_Feed
LN100886,2024-05-01,Current,186028.14,0,2024-05-07,Servicer_Feed
LN101192,2021-04-01,Current,327318.30191562837,0,2021-04-02,Servicer_Feed
LN100163,2022-06-01,Current,330800.11,0,2022-06-05,Servicer_Feed
LN101751,2023-12-01,Current,179260.14,0,2023-12-05,Servicer_Feed
LN100609,2020-07-01,Current,633772.05,0,2020-07-08,Servicer_Feed
LN100355,2023-02-01,Current,324774.09,0,2023-02-06,Servicer_Feed
LN101241,2020-06-01,Current,276310.07,0,2020-06-01,Servicer_Feed
LN100264,2023-12-01,Current,394616.30308762146,0,2023-12-01,Servicer_Feed
LN100937,2020-04-01,Current,167190.84,0,2020-12-07,Servicer_Feed
LN100711,2023-10-01,Current,147195.75,0,2023-10-04,Servicer_Feed
LN100486,2024-10-01,Current,250287.65,0,2024-10-06,Servicer_Feed
LN100988,2022-11-01,Current,226108.49,0,2022-11-05,Servicer_Feed
LN100492,2024-12-01,Current,124883.96,0,2024-12-06,Servicer_Feed
LN100244,2021-11-01,Current,95269.1,0,2021-11-03,Servicer_Feed
LN100732,2024-07-01,Current,344835.1,0,2024-07-04,Servicer_Feed
LN101989,2022-04-01,30DPD,600382.3781681313,30,2022-04-09,Servicer_Feed
LN101426,2024-08-01,Current,186719.71,0,2024-08-08,Servicer_Feed
LN100949,2023-11-01,Current,144777.6136635473,0,2023-11-04,Servicer_Feed
LN101267,2024-10-01,Current,496602.3813353117,0,2024-10-10,Servicer_Feed
LN101040,2024-09-01,Current,199081.57774060065,0,2024-09-01,Servicer_Feed
LN101955,2020-11-01,Current,466892.54,0,2020-11-08,Servicer_Feed
LN101383,2024-06-01,Current,605099.88,0,2024-02-01,Servicer_Feed
LN100402,2020-04-01,Current,119057.64,0,2020-04-03,Servicer_Feed
LN100402,2023-06-01,Current,111769.57,0,2023-02-01,Servicer_Feed
LN101907,2022-12-01,Current,375688.78,0,2022-12-01,Servicer_Feed
LN100820,2023-02-01,Current,222659.2582563056,0,2023-02-05,Servicer_Feed
LN101895,2024-02-01,Current,189460.78,0,2023-10-01,Servicer_Feed
LN101769,2022-04-01,Current,254526.94113996768,0,2022-04-10,Servicer_Feed
LN100092,2019-08-01,Current,63115.87,0,2019-08-05,Servicer_Feed
LN101545,2021-05-01,Current,884821.47,0,2021-05-08,Servicer_Feed
LN100338,2024-06-01,Current,282171.0368280109,0,2024-06-02,Servicer_Feed
LN101850,2024-08-01,Current,108681.32,0,2024-08-07,Servicer_Feed
LN100704,2022-01-01,Current,165139.23,0,2022-01-05,Servicer_Feed
LN100753,2020-03-01,Current,296852.67,0,2020-03-02,Servicer_Feed
LN100573,2022-08-01,Current,232944.56,0,2022-08-10,Servicer_Feed
LN101074,2021-02-01,Current,447157.46,0,2020-10-01,Servicer_Feed
LN101183,2023-01-01,Current,265851.2,0,2023-01-04,Servicer_Feed
LN100647,2021-10-01,Current,154772.51,0,2021-06-01,Servicer_Feed
LN100259,2021-11-01,Current,174030.1769654612,0,2021-11-01,Servicer_Feed
LN100325,2022-06-01,Current,163010.47808463394,0,2022-06-02,Servicer_Feed
LN100619,2020-08-01,Current,206810.1,0,2020-04-01,Servicer_Feed
LN101720,2021-06-01,Current,86309.48,0,2021-06-02,Servicer_Feed
LN100331,2024-03-01,Current,295378.98,0,2024-03-09,Servicer_Feed
LN101831,2024-01-01,Current,363684.73,0,2024-01-01,Servicer_Feed
LN100925,2024-05-01,Current,260122.06,0,2024-05-04,Servicer_Feed
LN101099,2022-10-01,Current,275739.67,0,2022-10-02,Servicer_Feed
LN101488,2024-03-01,Current,109386.1,0,2023-11-01,Servicer_Feed
LN100944,2020-05-01,Current,220768.48,0,2020-05-08,Servicer_Feed
LN101089,2024-03-01,Current,391827.82,0,2023-11-01,Servicer_Feed
LN100022,2021-04-01,Current,209337.21,0,2020-12-01,Servicer_Feed
LN100158,2024-06-01,Current,188430.91017822098,0,2024-06-02,Servicer_Feed
LN100818,2023-05-01,Current,167224.66,0,2023-05-06,Servicer_Feed
LN100865,2024-03-01,Current,202919.06,0,2024-03-10,Servicer_Feed
LN100999,2023-06-01,Current,373530.04,0,2023-06-08,Servicer_Feed
LN100256,2021-12-01,Current,196703.3453313021,0,2021-12-07,Servicer_Feed
LN101235,2020-07-01,Current,170672.23,0,2020-07-08,Servicer_Feed
LN100292,2023-01-01,Current,151655.67,0,2023-01-03,Servicer_Feed
LN100464,2023-07-01,Current,287435.8603521133,0,2023-07-05,Servicer_Feed
LN101398,2024-05-01,Current,269321.1,0,2024-05-08,Servicer_Feed
LN101863,2023-09-01,Current,361901.69,0,2023-09-08,Servicer_Feed
LN100510,2024-07-01,Current,187571.98,0,2024-03-01,Servicer_Feed
LN101397,2024-02-01,Current,267905.9393989905,0,2024-02-06,Servicer_Feed
LN100846,2023-02-01,Current,174139.06494190454,0,2023-02-06,Servicer_Feed
LN100786,2024-10-01,Current,373912.66,0,2024-10-08,Servicer_Feed
LN101691,2023-12-01,Current,297364.39,0,2023-12-10,Servicer_Feed
LN101587,2021-09-01,Current,208482.89020753556,0,2021-09-03,Servicer_Feed
LN100626,2024-07-01,Current,206719.42,0,2024-07-08,Servicer_Feed
LN100742,2024-06-01,Current,221202.02,0,2024-06-05,Servicer_Feed
LN101207,2024-05-01,Current,398975.55,0,2024-01-01,Servicer_Feed
LN101337,2022-11-01,Current,483709.44,0,2022-11-03,Servicer_Feed
LN101140,2022-02-01,Current,284486.09193243727,0,2022-02-02,Servicer_Feed
LN100607,2024-02-01,Current,304652.61,0,2024-02-08,Servicer_Feed
LN100269,2021-04-01,Current,158550.38,0,2021-04-05,Servicer_Feed
LN101124,2024-08-01,Current,283830.33,0,2024-08-08,Servicer_Feed
LN100157,2022-08-01,Current,211294.98,0,2022-04-01,Servicer_Feed
LN100726,2023-03-01,Current,230830.47,0,2023-03-05,Servicer_Feed
LN101811,2021-07-01,Current,620631.63,0,2021-07-05,Servicer_Feed
LN101556,2022-02-01,Current,267028.69,0,2022-02-01,Servicer_Feed
LN100895,2024-02-01,Current,251577.87,0,2024-02-08,Servicer_Feed
LN100069,2024-04-01,Current,235544.1575609275,0,2024-04-05,Servicer_Feed
LN100533,2022-07-01,Current,196718.23,0,2022-07-04,Servicer_Feed
LN101988,2023-09-01,Current,165524.36,0,2023-09-09,Servicer_Feed
LN101926,2024-08-01,Current,228598.25,0,2024-04-01,Servicer_Feed
LN101615,2024-06-01,Current,249025.59,0,2024-06-04,Servicer_Feed
LN100018,2024-11-01,Current,156744.3,0,2024-07-01,Servicer_Feed
LN100825,2024-12-01,Current,145016.3,0,2024-12-08,Servicer_Feed
LN101234,2022-12-01,Current,115365.76,0,2022-12-05,Servicer_Feed
LN101821,2024-03-01,Current,124963.08,0,2024-03-01,Servicer_Feed
LN100597,2021-09-01,Current,371712.96,0,2021-09-03,Servicer_Feed
LN100461,2024-01-01,Current,151403.94,0,2023-09-01,Servicer_Feed
LN100607,2024-01-01,Current,243415.9545158005,0,2024-01-03,Servicer_Feed
LN100745,2022-04-01,Current,192761.5,0,2022-04-09,Servicer_Feed
LN101837,2022-02-01,Current,228507.33,0,2022-02-05,Servicer_Feed
LN101326,2020-05-01,Current,372503.65,0,2020-05-07,Servicer_Feed
LN100524,2019-08-01,Current,237402.87,0,2019-08-03,Servicer_Feed
LN101793,2022-09-01,Current,296815.82,0,2022-05-01,Servicer_Feed
LN100837,2023-04-01,Current,135557.58,0,2023-04-09,Servicer_Feed
LN101620,2024-10-01,Current,76758.31,0,2024-10-09,Servicer_Feed
LN101487,2022-11-01,Current,757867.74,0,2022-07-01,Servicer_Feed
LN101592,2024-04-01,Current,91943.86,0,2024-04-09,Servicer_Feed
LN100494,2019-12-01,Current,352514.69,0,2019-12-03,Servicer_Feed
LN101110,2022-02-01,Current,154193.07,0,2022-02-03,Servicer_Feed
LN101710,2022-11-01,Current,184448.07424305743,0,2022-11-05,Servicer_Feed
LN101055,2024-11-01,Current,203180.68,0,2024-11-05,Servicer_Feed
LN101062,2023-06-01,Current,410251.2510394998,0,2023-06-02,Servicer_Feed
LN100187,2021-02-01,Current,383302.07,0,2021-02-07,Servicer_Feed
LN101926,2020-07-01,Current,270643.07,0,2020-07-07,Servicer_Feed
LN101879,2023-07-01,Current,610765.35,0,2023-07-09,Servicer_Feed
LN100532,2022-07-01,Current,254541.15,0,2022-07-08,Servicer_Feed
LN101853,2023-09-01,Current,282097.16,0,2023-09-05,Servicer_Feed
LN101549,2019-08-01,Current,359101.75,0,2019-08-02,Servicer_Feed
LN100603,2022-04-01,Current,595561.96,0,2021-12-01,Servicer_Feed
LN100113,2021-09-01,Current,185831.67,0,2021-09-01,Servicer_Feed
LN100233,2024-09-01,Current,101022.97,0,2024-09-02,Servicer_Feed
LN100162,2024-07-01,Current,232525.86,0,2024-07-05,Servicer_Feed
LN101516,2024-10-01,Current,485627.959460667,0,2024-10-07,Servicer_Feed
LN101320,2023-01-01,Current,465324.0203476119,0,2023-01-02,Servicer_Feed
LN101126,2024-09-01,Current,250344.19,0,2024-09-09,Servicer_Feed
LN100915,2024-09-01,Current,130835.88,0,2024-09-06,Servicer_Feed
LN100050,2023-04-01,Current,357933.18,0,2023-04-09,Servicer_Feed
LN101524,2022-01-01,Current,144187.15,0,2022-01-03,Servicer_Feed
LN100726,2023-07-01,Current,213029.18712800863,0,2023-07-07,Servicer_Feed
LN101509,2022-08-01,Current,202504.92,0,2022-04-01,Servicer_Feed
LN100138,2024-01-01,Current,706270.1811533913,0,2024-01-09,Servicer_Feed
LN100897,2019-05-01,Current,499059.43,0,2019-05-06,Servicer_Feed
LN101226,2024-05-01,Current,387556.14,0,2024-05-10,Servicer_Feed
LN100365,2024-03-01,Current,98696.55,0,2023-11-01,Servicer_Feed
LN100577,2020-04-01,Current,265563.33,0,2020-04-06,Servicer_Feed
LN100813,2020-04-01,Current,253251.08,0,2019-12-01,Servicer_Feed
LN100568,2024-12-01,Current,259434.25,0,2024-12-07,Servicer_Feed
LN100783,2021-07-01,Current,112032.59,0,2021-07-01,Servicer_Feed
LN101988,2022-12-01,Current,167843.89,0,2022-12-04,Servicer_Feed
LN101978,2024-02-01,Current,163013.64,0,2024-02-03,Servicer_Feed
LN101609,2024-03-01,Current,250145.71,0,2023-11-01,Servicer_Feed
LN101551,2023-12-01,Current,237753.32,0,2023-12-04,Servicer_Feed
LN100419,2024-02-01,Current,178618.1064427545,0,2024-02-04,Servicer_Feed
LN100852,2022-05-01,Current,343136.65446883376,0,2022-05-09,Servicer_Feed
LN100766,2024-02-01,Current,522539.9,0,2024-02-06,Servicer_Feed
LN101141,2021-11-01,Current,282968.23,0,2021-11-08,Servicer_Feed
LN100874,2022-02-01,Current,168862.2944439024,0,2022-02-09,Servicer_Feed
LN101290,2024-04-01,Current,171520.11,0,2024-04-05,Servicer_Feed
LN101301,2024-12-01,Current,141057.63,0,2024-12-01,Servicer_Feed
LN101399,2024-06-01,60DPD,253652.48,60,2024-06-06,Servicer_Feed
LN100502,2021-03-01,Current,206769.78,0,2021-03-08,Servicer_Feed
LN101233,2020-01-01,Current,108144.85,0,2020-01-03,Servicer_Feed
LN101724,2022-08-01,Current,346255.58,0,2022-08-02,Servicer_Feed
LN100492,2024-02-01,Current,127027.34,0,2024-02-01,Servicer_Feed
LN100452,2023-12-01,Current,90350.1,0,2023-12-04,Servicer_Feed
LN100806,2021-04-01,Current,68218.4368115568,0,2021-04-08,Servicer_Feed
LN101349,2020-03-01,Current,430277.59,0,2020-03-06,Servicer_Feed
LN101235,2023-04-01,Current,161906.45,0,2023-04-01,Servicer_Feed
LN100481,2024-05-01,Current,338174.47,0,2024-01-01,Servicer_Feed
LN101176,2023-03-01,60DPD,246224.29,60,2023-03-02,Servicer_Feed
LN101758,2023-01-01,Current,136453.72,0,2023-01-09,Servicer_Feed
LN101620,2022-01-01,Current,88549.51,0,2021-09-01,Servicer_Feed
LN101362,2021-09-01,Current,151581.41,0,2021-09-01,Servicer_Feed
LN101158,2020-11-01,Prepaid,221803.61075541805,0,2020-11-08,Servicer_Feed
LN100194,2021-09-01,Current,338898.91,0,2021-09-04,Servicer_Feed
LN101652,2024-03-01,Current,110494.28,0,2024-03-07,Servicer_Feed
LN100206,2023-10-01,Current,86436.55,0,2023-06-01,Servicer_Feed
LN101732,2022-01-01,Current,161369.31,0,2022-01-09,Servicer_Feed
LN100733,2019-08-01,Current,377891.89,0,2019-08-04,Servicer_Feed
LN100924,2023-11-01,Current,327879.86702096864,0,2023-11-09,Servicer_Feed
LN100728,2020-03-01,Current,233716.59,0,2020-03-07,Servicer_Feed
LN100893,2024-09-01,Current,289467.7301521958,0,2024-09-09,Servicer_Feed
LN101461,2024-03-01,Current,152884.76,0,2023-11-01,Servicer_Feed
LN101893,2022-11-01,Current,209415.12,0,2022-11-02,Servicer_Feed
LN100943,2021-08-01,Current,87400.7,0,2021-08-02,Servicer_Feed
LN101750,2023-06-01,Current,231332.89,0,2023-02-01,Servicer_Feed
LN100024,2024-08-01,Current,259269.93,0,2024-08-03,Servicer_Feed
LN100564,2021-03-01,Current,553640.52,0,2021-03-06,Servicer_Feed
LN100476,2022-01-01,Current,181548.27,0,2022-01-03,Servicer_Feed
LN101376,2021-10-01,Current,232391.69,0,2021-10-09,Servicer_Feed
LN100636,2024-03-01,Current,348619.8247747882,0,2024-03-07,Servicer_Feed
LN101080,2022-01-01,Current,283488.77,0,2021-09-01,Servicer_Feed
LN101057,2024-04-01,Current,160953.77100208195,0,2024-04-10,Servicer_Feed
LN101250,2019-11-01,Current,242357.02,0,2019-11-04,Servicer_Feed
LN101027,2021-04-01,Current,489849.76,0,2021-04-04,Servicer_Feed
LN100935,2024-01-01,Current,122113.67,0,2024-01-10,Servicer_Feed
LN100282,2021-03-01,30DPD,331716.68,30,2021-03-02,Servicer_Feed
LN101324,2023-12-01,Current,156612.32,0,2023-12-08,Servicer_Feed
LN100882,2024-02-01,Current,151561.46,0,2023-10-01,Servicer_Feed
LN100282,2019-04-01,Current,342396.61,0,2019-04-08,Servicer_Feed
LN100080,2024-06-01,Current,316296.45,0,2024-06-05,Servicer_Feed
LN101364,2023-09-01,Current,166915.48,0,2023-09-06,Servicer_Feed
LN100548,2022-09-01,Current,215999.32704349028,0,2022-09-03,Servicer_Feed
LN101222,2022-07-01,Current,154652.28508371115,0,2022-07-10,Servicer_Feed
LN100010,2019-10-01,Current,230975.57,0,2019-10-02,Servicer_Feed
LN101569,2023-08-01,Current,206558.54,0,2023-08-06,Servicer_Feed
LN101867,2023-09-01,Current,195839.19406181108,0,2023-09-09,Servicer_Feed
LN100775,2024-11-01,Current,314726.7,0,2024-07-01,Servicer_Feed
LN101270,2020-09-01,Current,407430.3847980352,0,2020-09-10,Servicer_Feed
LN100190,2021-08-01,Current,218249.95,0,2021-08-05,Servicer_Feed
LN100630,2023-06-01,Current,107986.02,0,2023-06-07,Servicer_Feed
LN100845,2024-10-01,Current,278511.79,0,2024-06-01,Servicer_Feed
LN101827,2024-09-01,Current,295855.43,0,2024-09-08,Servicer_Feed
LN100923,2022-02-01,Current,487060.72,0,2022-02-01,Servicer_Feed
LN100087,2020-10-01,Current,303059.4931329342,0,2020-10-02,Servicer_Feed
LN100988,2023-10-01,Current,222273.78,0,2023-10-04,Servicer_Feed
LN101336,2021-03-01,Current,135810.75458312072,0,2021-03-03,Servicer_Feed
LN100572,2023-05-01,Current,366940.1,0,2023-05-06,Servicer_Feed
LN100155,2024-08-01,Current,1017661.4963067776,0,2024-04-01,Servicer_Feed
LN101342,2023-05-01,30DPD,354275.91,30,2023-01-01,Servicer_Feed
LN101928,2024-07-01,Current,155723.96,0,2024-07-05,Servicer_Feed
LN100597,2020-06-01,Current,380536.2,0,2020-06-04,Servicer_Feed
LN100416,2023-01-01,Current,334262.67,0,2023-01-09,Servicer_Feed
LN100359,2022-10-01,Current,85706.8,0,2022-06-01,Servicer_Feed
LN100443,2022-08-01,Current,178081.29,0,2022-04-01,Servicer_Feed
LN101745,2023-05-01,Current,152001.83,0,2023-05-03,Servicer_Feed
LN101608,2022-12-01,Current,297870.0,0,2022-12-07,Servicer_Feed
LN101752,2020-09-01,Current,231676.78,0,2020-09-08,Servicer_Feed
LN100080,2021-02-01,Current,336885.96,0,2021-02-05,Servicer_Feed
LN100309,2022-11-01,Current,166931.08,0,2023-08-05,Servicer_Feed
LN101126,2024-01-01,Current,256939.96,0,2024-01-03,Servicer_Feed
LN100398,2024-12-01,Current,546147.6083708433,0,2024-12-02,Servicer_Feed
LN101874,2021-04-01,Current,199337.188763637,0,2021-04-07,Servicer_Feed
LN101161,2024-01-01,Current,107712.21,0,2024-01-04,Servicer_Feed
LN101871,2023-10-01,Current,241361.84,0,2023-10-05,Servicer_Feed
LN101766,2022-08-01,Current,213408.64,0,2022-08-08,Servicer_Feed
LN100061,2024-07-01,Current,122133.03,0,2024-07-09,Servicer_Feed
LN101350,2023-08-01,Current,346288.28,0,2023-04-01,Servicer_Feed
LN100076,2021-09-01,Current,228887.44,0,2021-05-01,Servicer_Feed
LN100726,2023-10-01,Current,227969.62,0,2023-10-09,Servicer_Feed
LN100468,2024-08-01,Current,117288.14,0,2024-08-10,Servicer_Feed
LN101272,2021-11-01,Current,306632.12,0,2021-07-01,Servicer_Feed
LN101731,2023-06-01,Current,199304.65,0,2023-06-02,Servicer_Feed
LN101946,2024-02-01,Current,521534.3,0,2024-02-08,Servicer_Feed
LN101887,2024-07-01,Current,113348.84,0,2024-07-04,Servicer_Feed
LN101293,2024-10-01,Current,229556.21,0,2024-06-01,Servicer_Feed
LN100760,2023-01-01,Current,133299.36,0,2023-01-04,Servicer_Feed
LN100988,2023-12-01,Current,221570.73,0,2023-12-04,Servicer_Feed
LN100020,2023-12-01,Current,49603.98,0,2023-08-01,Servicer_Feed
LN101074,2023-01-01,Current,413459.49,0,2023-01-03,Servicer_Feed
LN100650,2024-04-01,Current,485680.55,0,2024-04-06,Servicer_Feed
LN101198,2021-04-01,Current,127119.35,0,2021-04-03,Servicer_Feed
LN101116,2020-06-01,Current,332033.06,0,2020-06-01,Servicer_Feed
LN101138,2024-06-01,Current,458043.44,0,2024-06-07,Servicer_Feed
LN101161,2021-10-01,Current,84838.4193516411,0,2021-10-10,Servicer_Feed
LN101777,2023-04-01,Current,333608.42,0,2023-04-01,Servicer_Feed
LN100395,2024-02-01,Current,138136.65,0,2024-02-02,Servicer_Feed
LN101693,2023-02-01,Current,288042.1142307028,0,2023-02-07,Servicer_Feed
LN101550,2023-09-01,Current,283280.18,0,2023-09-05,Servicer_Feed
LN100333,2020-11-01,Current,392741.53,0,2020-11-07,Servicer_Feed
LN100296,2024-07-01,Current,263160.31,0,2024-07-09,Servicer_Feed
LN101110,2022-11-01,Current,151942.82,0,2022-11-10,Servicer_Feed
LN101520,2023-06-01,Current,159453.02,0,2023-06-01,Servicer_Feed
LN100186,2024-12-01,Current,348186.07,0,2024-12-10,Servicer_Feed
LN101542,2024-01-01,Current,265611.87,0,2023-09-01,Servicer_Feed
LN100121,2019-11-01,Current,173303.26,0,2019-07-01,Servicer_Feed
LN101068,2022-01-01,Current,110804.17,0,2022-01-07,Servicer_Feed
LN101296,2023-08-01,Current,161557.26,0,2023-08-08,Servicer_Feed
LN100405,2024-08-01,Current,227492.67,0,2024-08-07,Servicer_Feed
LN100684,2022-08-01,Current,192232.87,0,2022-08-01,Servicer_Feed
LN101549,2020-01-01,Current,356344.03,0,2020-01-02,Servicer_Feed
LN101162,2024-10-01,Current,235054.04,0,2024-10-08,Servicer_Feed
LN100105,2020-01-01,Current,135193.71,0,2020-01-02,Servicer_Feed
LN101214,2024-03-01,Current,121188.63,0,2024-03-02,Servicer_Feed
LN100379,2023-07-01,Current,156495.34,0,2023-03-01,Servicer_Feed
LN101219,2023-12-01,Current,186862.89,0,2023-12-09,Servicer_Feed
LN101543,2021-08-01,Current,322881.5718573372,0,2021-08-10,Servicer_Feed
LN101589,2022-06-01,30DPD,312219.2249827541,30,2022-06-07,Servicer_Feed
LN100437,2024-08-01,Current,233887.36,0,2024-04-01,Servicer_Feed
LN100525,2021-04-01,Current,209821.68,0,2020-12-01,Servicer_Feed
LN100875,2021-10-01,Current,255720.85,0,2021-10-10,Servicer_Feed
LN101258,2024-05-01,30DPD,277397.08,30,2024-01-01,Servicer_Feed
LN100121,2022-10-01,Current,192516.27079849737,0,2022-10-02,Servicer_Feed
LN101690,2024-07-01,Current,171394.76,0,2024-07-09,Servicer_Feed
LN100792,2021-12-01,Current,149152.15,0,2021-12-08,Servicer_Feed
LN101140,2020-11-01,Current,351345.46,0,2020-11-10,Servicer_Feed
LN101571,2024-07-01,Current,283265.40119658597,0,2024-07-09,Servicer_Feed
LN100236,2024-05-01,Current,384281.88,0,2024-05-05,Servicer_Feed
LN100120,2021-06-01,Current,171115.53,0,2021-06-10,Servicer_Feed
LN100111,2024-10-01,Current,107297.51,0,2024-10-01,Servicer_Feed
LN100599,2022-11-01,Current,169308.83,0,2022-11-04,Servicer_Feed
LN100852,2023-10-01,Current,333779.62,0,2023-10-04,Servicer_Feed
LN101000,2024-04-01,Current,133052.33,0,2024-04-02,Servicer_Feed
LN100762,2021-03-01,Current,175532.18,0,2021-03-05,Servicer_Feed
LN101524,2020-07-01,Current,148358.29,0,2020-03-01,Servicer_Feed
LN100070,2020-03-01,Current,248677.55,0,2020-03-08,Servicer_Feed
LN101122,2024-10-01,Current,211009.97,0,2024-06-01,Servicer_Feed
LN100118,2020-02-01,Current,363566.56,0,2020-02-08,Servicer_Feed
LN100705,2021-04-01,Current,454996.06,0,2021-04-09,Servicer_Feed
LN101224,2023-03-01,Current,133644.11081209718,0,2023-03-10,Servicer_Feed
LN101972,2020-11-01,Current,231188.51,0,2020-11-05,Servicer_Feed
LN100072,2022-04-01,Current,225784.22,0,2022-04-01,Servicer_Feed
LN101635,2020-09-01,Current,200254.13354409326,0,2020-09-07,Servicer_Feed
LN100923,2020-11-01,Current,499107.23,0,2020-11-02,Servicer_Feed
LN101549,2019-10-01,Current,358000.75,0,2019-06-01,Servicer_Feed
LN101694,2024-03-01,Current,232833.16,0,2023-11-01,Servicer_Feed
LN101612,2024-11-01,Current,143840.51,0,2024-11-08,Servicer_Feed
LN101447,2021-04-01,Current,168036.65,0,2021-04-01,Servicer_Feed
LN100733,2019-11-01,Current,376138.2,0,2019-11-04,Servicer_Feed
LN101309,2024-07-01,Current,135437.38,0,2024-07-06,Servicer_Feed
LN101862,2023-04-01,Current,471412.62,0,2023-04-10,Servicer_Feed
LN100365,2024-09-01,Current,97726.83,0,2024-09-01,Servicer_Feed
LN100443,2022-09-01,Current,177807.7,0,2022-09-03,Servicer_Feed
LN100436,2023-05-01,Current,230217.2,0,2023-05-07,Servicer_Feed
LN100823,2021-11-01,Current,163342.97,0,2021-11-02,Servicer_Feed
LN101093,2021-03-01,Current,107314.72,0,2021-03-01,Servicer_Feed
LN101157,2020-06-01,Current,231360.77,0,2020-06-06,Servicer_Feed
LN101912,2021-11-01,Current,428859.35,0,2021-11-05,Servicer_Feed
LN101447,2024-08-01,Current,144275.51,0,2024-08-04,Servicer_Feed
LN101490,2019-02-01,Current,143880.46,0,2019-02-08,Servicer_Feed
LN101435,2023-11-01,Current,366127.5265478098,0,2023-11-05,Servicer_Feed
LN100113,2023-12-01,Current,178014.71,0,2023-12-04,Servicer_Feed
LN101278,2023-09-01,Current,142427.35304339763,0,2023-09-10,Servicer_Feed
LN100494,2020-10-01,Current,346958.64,0,2020-10-06,Servicer_Feed
LN100487,2024-02-01,Current,368707.97,0,2024-02-07,Servicer_Feed
LN100988,2023-04-01,Current,310173.3879804396,0,2023-04-10,Servicer_Feed
LN101747,2024-01-01,Current,419462.81,0,2024-01-07,Servicer_Feed
LN100851,2024-11-01,30DPD,342862.8568720186,30,2024-11-08,Servicer_Feed
LN101656,2023-10-01,Current,522616.7398891305,0,2023-10-08,Servicer_Feed
LN101462,2024-07-01,Current,244562.69,0,2024-03-01,Servicer_Feed
LN100315,2023-01-01,Current,234610.77,0,2023-01-03,Servicer_Feed
LN100498,2020-07-01,Current,250685.96,0,2020-07-01,Servicer_Feed
LN101190,2021-06-01,Current,277940.23,0,2021-02-01,Servicer_Feed
LN101606,2023-06-01,Current,319467.86,0,2023-06-03,Servicer_Feed
LN100381,2023-01-01,Current,245148.91,0,2022-09-01,Servicer_Feed
LN100754,2021-09-01,Current,196861.88,0,2021-09-10,Servicer_Feed
LN100297,2023-08-01,Current,474485.17,0,2023-08-01,Servicer_Feed
LN100485,2022-07-01,30DPD,239870.68,30,2022-07-09,Servicer_Feed
LN100193,2021-01-01,Prepaid,371617.44,0,2021-01-10,Servicer_Feed
LN100619,2020-04-01,Current,208098.55,0,2020-04-07,Servicer_Feed
LN101724,2023-08-01,Current,339524.25,0,2023-08-08,Servicer_Feed
LN101710,2023-01-01,Current,227833.23,0,2022-09-01,Servicer_Feed
LN100460,2021-06-01,Current,182843.38,0,2021-06-10,Servicer_Feed
LN101970,2019-03-01,Current,354958.38,0,2019-03-06,Servicer_Feed
LN100977,2020-04-01,Current,58802.59,0,2020-04-05,Servicer_Feed
LN101303,2020-01-01,Current,161159.09,0,2020-01-06,Servicer_Feed
LN100951,2024-06-01,Current,193781.51,0,2024-06-02,Servicer_Feed
LN100138,2020-06-01,Current,549706.19,0,2020-06-04,Servicer_Feed
LN100069,2024-08-01,Current,278822.27,0,2024-04-01,Servicer_Feed
LN100085,2024-03-01,Current,107012.37087630437,0,2024-03-09,Servicer_Feed
LN100874,2021-02-01,Current,219161.47007862743,0,2021-02-10,Servicer_Feed
LN101571,2021-12-01,Current,280194.33,0,2021-12-02,Servicer_Feed
LN100226,2024-09-01,Current,239810.34,0,2024-09-07,Servicer_Feed
LN100163,2022-09-01,Current,329251.9,0,2022-09-07,Servicer_Feed
LN101362,2020-01-01,Current,161900.33,0,2019-09-01,Servicer_Feed
LN100773,2021-01-01,Current,92119.23,0,2021-01-04,Servicer_Feed
LN100165,2024-07-01,Current,297979.19,0,2024-03-01,Servicer_Feed
LN100793,2024-02-01,30DPD,498835.58,30,2024-02-10,Servicer_Feed
LN100609,2022-06-01,Current,610119.5,0,2022-06-06,Servicer_Feed
LN101278,2024-05-01,Current,143891.05,0,2024-05-01,Servicer_Feed
LN101170,2019-09-01,Current,554400.87,0,2019-05-01,Servicer_Feed
LN101648,2022-01-01,Current,194317.35,0,2022-01-08,Servicer_Feed
LN101328,2020-07-01,Current,244575.59,0,2020-07-04,Servicer_Feed
LN101670,2021-01-01,Current,293416.59,0,2021-01-06,Servicer_Feed
LN100467,2023-11-01,Current,274927.62,0,2023-11-07,Servicer_Feed
LN100426,2021-12-01,Current,203766.89,0,2021-12-02,Servicer_Feed
LN101430,2023-05-01,Current,310379.66,0,2023-05-06,Servicer_Feed
LN101210,2022-06-01,Current,194188.69,0,2022-06-05,Servicer_Feed
LN101062,2022-08-01,Current,323353.46,0,2022-08-03,Servicer_Feed
LN101143,2022-02-01,Current,193877.41,0,2022-02-07,Servicer_Feed
LN100781,2023-07-01,Current,115823.32,0,2023-07-05,Servicer_Feed
LN101397,2023-01-01,Current,285088.36,0,2023-01-08,Servicer_Feed
LN100058,2023-03-01,Current,118125.14,0,2023-03-02,Servicer_Feed
LN101639,2024-03-01,Current,210441.72,0,2024-03-02,Servicer_Feed
LN101666,2022-11-01,Current,242970.83,0,2022-11-08,Servicer_Feed
LN100413,2022-12-01,Current,186894.22,0,2022-08-01,Servicer_Feed
LN100244,2022-11-01,Current,93480.27,0,2022-07-01,Servicer_Feed
LN101605,2024-02-01,Current,125939.13,0,2024-02-07,Servicer_Feed
LN101671,2024-08-01,Current,467991.096294542,0,2024-08-04,Servicer_Feed
LN101221,2022-09-01,Current,247251.93,0,2022-09-07,Servicer_Feed
LN101812,2023-12-01,Current,865048.8269624851,0,2023-12-05,Servicer_Feed
LN100029,2021-09-01,Current,166487.7065757614,0,2021-09-08,Servicer_Feed
LN101865,2023-07-01,Current,207563.06,0,2023-07-05,Servicer_Feed
LN101190,2024-01-01,Current,264046.57,0,2024-01-01,Servicer_Feed
LN101376,2022-08-01,Current,225208.71,0,2022-08-05,Servicer_Feed
LN101284,2024-08-01,Current,91485.84,0,2024-08-04,Servicer_Feed
LN100141,2020-10-01,Current,208380.42,0,2020-10-10,Servicer_Feed
LN101782,2023-02-01,Current,200530.08,0,2023-02-10,Servicer_Feed
LN100027,2024-01-01,Current,358618.13,0,2024-01-03,Servicer_Feed
LN100909,2022-02-01,Current,266794.2823785001,0,2022-02-01,Servicer_Feed
LN101202,2023-05-01,Current,283343.3,0,2023-05-07,Servicer_Feed
LN100194,2023-07-01,Current,326950.26,0,2023-07-04,Servicer_Feed
LN101611,2020-06-01,Current,91159.22,0,2020-06-09,Servicer_Feed
LN101840,2022-12-01,Current,353749.54,0,2022-12-03,Servicer_Feed
LN100464,2023-09-01,Current,288533.7984474558,0,2023-09-07,Servicer_Feed
LN100995,2022-12-01,Current,72944.29,0,2022-12-06,Servicer_Feed
LN100021,2023-04-01,Current,148914.59,0,2022-12-01,Servicer_Feed
LN101372,2023-11-01,Current,290517.85,0,2023-11-06,Servicer_Feed
LN100585,2022-11-01,Current,378845.3,0,2022-11-08,Servicer_Feed
LN101903,2023-06-01,Current,260201.54,0,2023-02-01,Servicer_Feed
LN100882,2019-07-01,Current,166300.48,0,2019-03-01,Servicer_Feed
LN100380,2024-03-01,Current,126436.14111051067,0,2024-03-03,Servicer_Feed
LN101722,2024-09-01,Current,440372.75,0,2024-09-08,Servicer_Feed
LN100846,2023-03-01,Current,137640.77,0,2023-03-01,Servicer_Feed
LN101975,2023-12-01,Current,105900.65,0,2023-12-08,Servicer_Feed
LN100220,2023-07-01,Current,267072.16,0,2023-07-06,Servicer_Feed
LN101547,2024-01-01,Current,202461.82,0,2024-01-05,Servicer_Feed
LN101689,2023-10-01,Current,135294.49,0,2023-10-08,Servicer_Feed
LN101358,2021-04-01,Current,189547.81,0,2020-12-01,Servicer_Feed
LN100379,2022-11-01,Current,158485.37,0,2022-07-01,Servicer_Feed
LN100892,2021-03-01,Current,408056.27,0,2021-03-06,Servicer_Feed
LN101700,2022-09-01,Current,331842.64,0,2022-05-01,Servicer_Feed
LN100271,2023-09-01,Current,617742.35,0,2023-09-10,Servicer_Feed
LN100544,2023-12-01,Current,328390.08,0,2023-12-08,Servicer_Feed
LN100327,2021-09-01,Current,384584.07,0,2021-09-04,Servicer_Feed
LN100646,2021-11-01,Current,126761.55052177342,0,2021-11-06,Servicer_Feed
LN100179,2023-04-01,Current,211647.94,0,2023-04-10,Servicer_Feed
LN100485,2022-01-01,Current,241885.81,0,2022-01-08,Servicer_Feed
LN101600,2024-03-01,Current,384723.98,0,2024-03-03,Servicer_Feed
LN100233,2020-10-01,Current,92727.90708165077,0,2020-10-04,Servicer_Feed
LN100156,2024-04-01,Current,283256.07,0,2024-04-01,Servicer_Feed
LN101642,2021-09-01,Current,190556.55,0,2021-05-01,Servicer_Feed
LN100614,2021-10-01,Current,340939.54559982516,0,2021-10-03,Servicer_Feed
LN100407,2022-02-01,Prepaid,162488.13182704832,0,2022-02-01,Servicer_Feed
LN101225,2020-06-01,Current,560179.27,0,2020-06-05,Servicer_Feed
LN101062,2024-08-01,Current,293832.2,0,2024-08-08,Servicer_Feed
LN101071,2021-04-01,Current,216634.19,0,2021-04-09,Servicer_Feed
LN101736,2022-04-01,Current,142928.56,0,2022-04-10,Servicer_Feed
LN100614,2022-02-01,Current,449643.78,0,2022-02-06,Servicer_Feed
LN100164,2024-04-01,Current,200072.3,0,2024-04-04,Servicer_Feed
LN100742,2021-10-01,Current,231112.03,0,2021-06-01,Servicer_Feed
LN100371,2022-12-01,Current,192176.89,0,2022-12-06,Servicer_Feed
LN101363,2023-04-01,Current,168008.56,0,2023-04-02,Servicer_Feed
LN100699,2024-02-01,Current,186631.59,0,2023-10-01,Servicer_Feed
LN100379,2022-07-01,Current,159472.76,0,2022-03-01,Servicer_Feed
LN100333,2024-10-01,Current,332250.44,0,2024-10-09,Servicer_Feed
LN100399,2023-07-01,Current,478570.89,0,2023-07-09,Servicer_Feed
LN101587,2023-12-01,Current,160820.8,0,2023-12-07,Servicer_Feed
LN100080,2022-12-01,Current,325409.65,0,2022-12-01,Servicer_Feed
LN101951,2021-01-01,Current,302670.28,0,2021-01-07,Servicer_Feed
LN100616,2024-10-01,Current,304349.22,0,2024-10-05,Servicer_Feed
LN100433,2021-02-01,Current,153179.51,0,2021-02-03,Servicer_Feed
LN101335,2022-07-01,30DPD,500577.4855569795,30,2022-07-05,Servicer_Feed
LN100136,2021-03-01,Prepaid,187938.38,0,2021-03-02,Servicer_Feed
LN101443,2024-09-01,Current,616005.4058170595,0,2024-09-08,Servicer_Feed
LN101868,2023-06-01,Current,378375.58,0,2023-06-09,Servicer_Feed
LN101066,2022-06-01,Current,197934.64,0,2022-06-09,Servicer_Feed
LN100880,2021-02-01,Current,184336.24,0,2021-02-06,Servicer_Feed
LN101933,2024-11-01,Current,255227.71,0,2024-11-04,Servicer_Feed
LN100492,2023-09-01,Current,128088.01,0,2023-09-09,Servicer_Feed
LN101907,2023-09-01,Current,362515.26,0,2023-05-01,Servicer_Feed
LN100684,2023-04-01,Current,189593.08,0,2022-12-01,Servicer_Feed
LN101631,2022-10-01,Current,336556.3595298967,0,2022-10-03,Servicer_Feed
LN100354,2023-02-01,Current,375882.21,0,2022-10-01,Servicer_Feed
LN101534,2022-05-01,Current,122076.44,0,2022-05-01,Servicer_Feed
LN101338,2023-09-01,Current,204791.31,0,2023-09-10,Servicer_Feed
LN101586,2023-06-01,Current,88167.97,0,2023-06-07,Servicer_Feed
LN101427,2024-06-01,Current,151059.65,0,2024-06-09,Servicer_Feed
LN101752,2020-12-01,Current,230604.64,0,2020-08-01,Servicer_Feed
LN100655,2024-12-01,Current,566465.85,0,2024-12-04,Servicer_Feed
LN101927,2020-03-01,Prepaid,273823.6,0,2019-11-01,Servicer_Feed
LN101491,2024-09-01,30DPD,212565.49,30,2024-09-04,Servicer_Feed
LN100708,2023-12-01,Current,132401.44,0,2023-12-05,Servicer_Feed
LN101763,2022-08-01,Current,200741.0,0,2022-08-04,Servicer_Feed
LN101085,2023-11-01,30DPD,110382.39,30,2023-11-10,Servicer_Feed
LN101820,2024-04-01,Current,209108.34,0,2023-12-01,Servicer_Feed
LN101648,2024-02-01,Current,186507.1,0,2023-10-01,Servicer_Feed
LN100465,2024-02-01,Current,121800.7,0,2024-02-02,Servicer_Feed
LN101045,2020-09-01,Current,342724.36,0,2020-09-01,Servicer_Feed
LN101769,2024-10-01,Current,254945.86,0,2024-10-03,Servicer_Feed
LN100874,2021-08-01,Current,189608.16,0,2021-04-01,Servicer_Feed
LN101587,2020-08-01,Current,172019.28,0,2020-08-03,Servicer_Feed
LN100314,2022-10-01,Current,154903.34,0,2022-10-08,Servicer_Feed
LN100074,2024-02-01,Current,269992.39,0,2024-02-02,Servicer_Feed
LN101889,2021-09-01,Current,218605.99,0,2021-09-05,Servicer_Feed
LN100978,2020-12-01,Current,275058.78,0,2020-12-03,Servicer_Feed
LN100739,2023-01-01,Current,153974.34,0,2023-01-02,Servicer_Feed
LN100098,2024-03-01,Current,244432.68,0,2024-03-06,Servicer_Feed
LN101983,2024-07-01,Current,190121.26,0,2024-07-04,Servicer_Feed
LN100078,2023-12-01,Current,144723.69,0,2023-12-07,Servicer_Feed
LN101338,2023-01-01,Current,210388.0,0,2023-01-10,Servicer_Feed
LN101705,2024-08-01,Current,148840.13,0,2024-08-06,Servicer_Feed
LN101527,2022-10-01,Current,117182.83,0,2022-06-01,Servicer_Feed
LN101936,2022-06-01,Current,169865.53,0,2022-06-09,Servicer_Feed
LN100138,2020-10-01,Current,546224.25,0,2020-10-06,Servicer_Feed
LN101132,2020-08-01,Current,239060.28,0,2020-08-08,Servicer_Feed
LN101089,2021-09-01,Current,336785.9749671568,0,2021-09-07,Servicer_Feed
LN101700,2022-10-01,Current,331294.55,0,2022-10-09,Servicer_Feed
LN101315,2024-05-01,Current,168022.8,0,2024-01-01,Servicer_Feed
LN101732,2023-07-01,Current,156440.35,0,2023-07-03,Servicer_Feed
LN100830,2022-02-01,Current,144614.66,0,2022-02-06,Servicer_Feed
LN101712,2023-09-01,Current,222310.61,0,2023-09-09,Servicer_Feed
LN101296,2023-06-01,Current,162052.73,0,2023-02-01,Servicer_Feed
LN100622,2022-03-01,Current,268820.62,0,2022-03-07,Servicer_Feed
LN101492,2022-10-01,Current,246523.84,0,2022-10-04,Servicer_Feed
LN100759,2021-02-01,Current,230157.28,0,2021-02-02,Servicer_Feed
LN100895,2022-02-01,Current,261301.29,0,2022-02-05,Servicer_Feed
LN100719,2024-02-01,Current,328089.2,0,2024-02-10,Servicer_Feed
LN100294,2022-12-01,Current,141456.16,0,2022-12-08,Servicer_Feed
LN100817,2021-05-01,Current,285918.63,0,2021-05-09,Servicer_Feed
LN101189,2021-10-01,Current,157560.50299621504,0,2021-10-01,Servicer_Feed
LN101297,2020-11-01,Current,220834.42,0,2020-11-08,Servicer_Feed
LN100732,2023-06-01,Current,351937.99,0,2023-06-01,Servicer_Feed
LN101932,2022-05-01,Current,403459.99,0,2022-01-01,Servicer_Feed
LN100745,2019-04-01,Current,218402.46,0,2019-04-08,Servicer_Feed
LN100638,2023-08-01,Current,192217.38,0,2023-08-07,Servicer_Feed
LN100606,2024-10-01,Current,304825.36,0,2024-06-01,Servicer_Feed
LN101733,2023-02-01,Current,130625.33,0,2023-02-08,Servicer_Feed
LN101514,2024-05-01,Current,188920.34,0,2024-05-04,Servicer_Feed
LN100739,2022-12-01,Current,208163.122824674,0,2022-12-04,Servicer_Feed
LN100600,2024-03-01,Current,121945.29,0,2024-03-02,Servicer_Feed
LN100700,2020-03-01,Current,165111.26884569862,0,2020-03-07,Servicer_Feed
LN100212,2021-02-01,Current,495196.9,0,2021-02-07,Servicer_Feed
LN100095,2024-10-01,Current,234234.57,0,2024-06-01,Servicer_Feed
LN100088,2024-12-01,Current,459094.31,0,2024-12-01,Servicer_Feed
LN101394,2024-08-01,Current,579812.12,0,2024-08-07,Servicer_Feed
LN101159,2019-12-01,Current,195949.6224279847,0,2019-12-07,Servicer_Feed
LN101660,2020-05-01,Current,422594.59,0,2020-05-08,Servicer_Feed
LN100914,2022-12-01,Current,267707.34,0,2022-12-04,Servicer_Feed
LN100564,2021-11-01,Current,729209.238468242,0,2021-11-08,Servicer_Feed
LN100348,2022-11-01,Current,150507.08,0,2022-11-02,Servicer_Feed
LN100873,2020-05-01,Current,139125.07,0,2020-05-02,Servicer_Feed
LN100370,2019-08-01,Current,340151.94,0,2019-04-01,Servicer_Feed
LN101109,2021-09-01,Current,312765.76,0,2021-09-02,Servicer_Feed
LN100794,2024-12-01,Current,277604.6004246674,0,2024-12-08,Servicer_Feed
LN101231,2024-12-01,30DPD,105149.69,30,2024-12-02,Servicer_Feed
LN101180,2022-02-01,Current,272131.76,0,2022-02-01,Servicer_Feed
LN101980,2024-10-01,Current,205003.83,0,2024-06-01,Servicer_Feed
LN101620,2021-12-01,Current,88886.67,0,2021-12-05,Servicer_Feed
LN101048,2023-12-01,Current,404348.73,0,2023-12-05,Servicer_Feed
LN100775,2023-11-01,Current,320985.2,0,2023-11-06,Servicer_Feed
LN100515,2023-04-01,Current,487515.85,0,2023-04-07,Servicer_Feed
LN101002,2024-04-01,Current,397421.91,0,2024-04-07,Servicer_Feed
LN100680,2023-04-01,Current,372475.43,0,2022-12-01,Servicer_Feed
LN100813,2021-02-01,Current,249315.92,0,2020-10-01,Servicer_Feed
LN100959,2021-04-01,Current,488410.4231815354,0,2021-04-05,Servicer_Feed
LN100644,2021-08-01,Current,160775.9,0,2021-08-02,Servicer_Feed
LN100868,2022-12-01,Current,285544.54,0,2022-12-01,Servicer_Feed
LN101900,2021-12-01,Current,183077.66,0,2021-12-06,Servicer_Feed
LN101923,2021-01-01,Current,241331.76,0,2021-01-06,Servicer_Feed
LN101845,2021-03-01,Current,318851.71,0,2021-03-01,Servicer_Feed
LN100613,2023-12-01,Current,262838.16,0,2023-12-08,Servicer_Feed
LN100080,2024-11-01,Current,313570.57,0,2024-11-07,Servicer_Feed
LN101258,2024-12-01,Current,270401.7,0,2024-12-07,Servicer_Feed
LN101120,2022-07-01,Current,173334.93,0,2022-03-01,Servicer_Feed
LN100045,2024-08-01,Current,162439.68,0,2024-08-01,Servicer_Feed
LN100122,2022-05-01,Current,290478.04,0,2022-05-03,Servicer_Feed
LN101907,2020-08-01,Current,442134.3060622705,0,2020-08-10,Servicer_Feed
LN100806,2021-08-01,Current,85786.52997178215,0,2021-08-09,Servicer_Feed
LN100906,2023-06-01,Current,150343.02,0,2023-02-01,Servicer_Feed
LN101833,2022-02-01,Current,197329.03,0,2021-10-01,Servicer_Feed
LN100665,2024-08-01,Current,225478.94,0,2024-08-09,Servicer_Feed
LN100520,2023-04-01,Current,95884.46827156108,0,2023-04-01,Servicer_Feed
LN101609,2023-09-01,Current,252635.33,0,2023-09-04,Servicer_Feed
LN100246,2022-07-01,Current,424888.52,0,2022-03-01,Servicer_Feed
LN100783,2023-10-01,Current,107051.81,0,2023-10-09,Servicer_Feed
LN100433,2019-09-01,Current,157318.87,0,2019-05-01,Servicer_Feed
LN101348,2023-03-01,Current,188658.54,0,2023-03-03,Servicer_Feed
LN100470,2024-04-01,Current,189347.61,0,2023-12-01,Servicer_Feed
LN100058,2024-11-01,Current,114288.27,0,2024-11-03,Servicer_Feed
LN100920,2021-05-01,Current,153865.22,0,2021-01-01,Servicer_Feed
LN100916,2021-11-01,Current,191052.7,0,2021-07-01,Servicer_Feed
LN101784,2023-02-01,Current,200451.19,0,2023-02-02,Servicer_Feed
LN101184,2024-12-01,Current,697157.27,0,2024-12-03,Servicer_Feed
LN100363,2024-10-01,Prepaid,199633.65,0,2024-10-03,Servicer_Feed
LN101813,2023-10-01,Current,184556.57,0,2023-10-10,Servicer_Feed
LN100727,2021-03-01,Current,148281.21,0,2021-03-09,Servicer_Feed
LN100641,2023-05-01,Current,362453.13,0,2023-05-01,Servicer_Feed
LN100833,2023-08-01,Current,275408.13,0,2023-04-01,Servicer_Feed
LN100797,2022-02-01,Current,262479.95,0,2022-02-10,Servicer_Feed
LN101436,2022-01-01,Current,89704.16,0,2022-01-07,Servicer_Feed
LN101684,2023-11-01,Current,189021.91,0,2023-11-07,Servicer_Feed
LN101342,2022-05-01,Current,366652.24,0,2022-05-07,Servicer_Feed
LN101478,2022-05-01,Current,320441.86,0,2022-05-07,Servicer_Feed
LN101999,2020-08-01,Current,308260.44,0,2020-08-09,Servicer_Feed
LN101042,2024-08-01,Current,263413.37,0,2024-08-07,Servicer_Feed
LN101948,2022-03-01,Current,124671.27,0,2022-03-07,Servicer_Feed
LN101427,2022-09-01,Current,156316.88,0,2022-09-01,Servicer_Feed
LN101647,2021-11-01,Current,189806.22,0,2021-11-07,Servicer_Feed
LN100236,2024-11-01,Current,376859.97,0,2024-11-02,Servicer_Feed
LN100691,2022-11-01,Current,278011.05,0,2022-11-05,Servicer_Feed
LN100700,2023-05-01,30DPD,135655.03,30,2023-05-08,Servicer_Feed
LN101533,2024-09-01,Current,185743.78470868513,0,2024-09-02,Servicer_Feed
LN101285,2023-06-01,Current,261884.64,0,2023-06-03,Servicer_Feed
LN100581,2023-05-01,Current,174548.27,0,2023-05-01,Servicer_Feed
LN101010,2022-12-01,Current,110549.25,0,2022-08-01,Servicer_Feed
LN101598,2023-01-01,Current,323035.49,0,2023-01-08,Servicer_Feed
LN100514,2023-11-01,Current,181873.33,0,2023-11-06,Servicer_Feed
LN100362,2023-10-01,Current,177557.49,0,2023-10-01,Servicer_Feed
LN101178,2023-10-01,Prepaid,265772.89,0,2023-10-03,Servicer_Feed
LN100520,2023-10-01,Current,71593.65,0,2023-10-01,Servicer_Feed
LN101443,2023-02-01,Current,205885.84,0,2023-02-01,Servicer_Feed
LN101350,2023-04-01,Current,348575.23,0,2023-04-06,Servicer_Feed
LN101163,2022-06-01,Current,200180.41,0,2022-06-07,Servicer_Feed
LN101399,2024-10-01,Current,252451.71,0,2024-10-06,Servicer_Feed
LN100934,2019-07-01,Current,254311.95,0,2019-07-08,Servicer_Feed
LN101001,2020-03-01,Current,303633.97,0,2019-11-01,Servicer_Feed
LN100163,2024-12-01,Current,315039.56,0,2024-08-01,Servicer_Feed
LN100463,2022-03-01,Current,219385.37,0,2021-11-01,Servicer_Feed
LN101623,2023-03-01,Current,789291.87,0,2023-03-10,Servicer_Feed
LN100882,2020-12-01,Current,161862.34,0,2020-12-02,Servicer_Feed
LN101782,2024-10-01,Current,194221.53,0,2024-06-01,Servicer_Feed
LN100553,2024-12-01,Current,207301.39155405067,0,2024-12-08,Servicer_Feed
LN101162,2024-04-01,Current,240310.69,0,2024-04-05,Servicer_Feed
LN100133,2023-08-01,Current,366462.37,0,2023-08-07,Servicer_Feed
LN100559,2023-02-01,Current,520015.03,0,2022-10-01,Servicer_Feed
LN100419,2022-07-01,Current,656963.3027164757,0,2022-07-05,Servicer_Feed
LN101674,2022-01-01,Current,206721.2,0,2022-01-06,Servicer_Feed
LN100400,2024-07-01,Current,109870.16,0,2024-07-07,Servicer_Feed
LN101198,2021-06-01,Current,151858.89534338037,0,2021-06-02,Servicer_Feed
LN101972,2021-01-01,Current,230448.76,0,2021-01-05,Servicer_Feed
LN100717,2023-01-01,Current,201583.92,0,2023-01-07,Servicer_Feed
LN100449,2024-08-01,Current,219063.52,0,2024-08-02,Servicer_Feed
LN100565,2023-05-01,Current,370741.47,0,2023-01-01,Servicer_Feed
LN101233,2023-03-01,Current,101524.8,0,2022-11-01,Servicer_Feed
LN100818,2023-12-01,Current,165361.99,0,2023-08-01,Servicer_Feed
LN101707,2020-06-01,Current,223658.73,0,2020-06-06,Servicer_Feed
LN101495,2021-06-01,Current,181083.83,0,2021-06-05,Servicer_Feed
LN101650,2024-04-01,Current,297766.6,0,2024-04-03,Servicer_Feed
LN100247,2023-04-01,Current,181640.03,0,2023-04-10,Servicer_Feed
LN100688,2024-06-01,30DPD,109719.80626503557,30,2024-06-01,Servicer_Feed
LN101932,2024-07-01,Current,386403.47,0,2024-07-09,Servicer_Feed
LN100822,2021-02-01,Current,142370.91,0,2021-02-05,Servicer_Feed
LN101123,2023-06-01,Current,364389.51,0,2023-02-01,Servicer_Feed
LN101063,2022-07-01,Current,220313.69,0,2022-07-02,Servicer_Feed
LN101564,2021-10-01,Current,405346.55,0,2021-10-10,Servicer_Feed
LN101258,2022-02-01,Current,305770.12,0,2022-02-09,Servicer_Feed
LN100725,2023-08-01,Current,194636.9,0,2023-08-04,Servicer_Feed
LN101516,2020-09-01,Current,489450.87,0,2020-09-02,Servicer_Feed
LN100021,2023-06-01,Current,148411.77,0,2023-06-05,Servicer_Feed
LN101058,2022-07-01,Current,267560.09,0,2022-07-09,Servicer_Feed
LN101447,2024-10-01,Current,143003.58,0,2024-10-04,Servicer_Feed
LN100960,2021-01-01,Current,104887.3,0,2021-01-02,Servicer_Feed
LN100339,2021-06-01,Current,227066.73,0,2021-06-08,Servicer_Feed
LN100916,2024-05-01,Current,233140.0078087854,0,2024-05-08,Servicer_Feed
LN100742,2020-10-01,Current,182471.07361271261,0,2020-10-08,Servicer_Feed
LN101778,2021-04-01,Current,373317.3,0,2021-04-09,Servicer_Feed
LN100997,2024-05-01,Current,208912.10776101015,0,2024-05-03,Servicer_Feed
LN100692,2024-05-01,Current,297105.03,0,2024-01-01,Servicer_Feed
LN100751,2024-07-01,Current,128587.62207784058,0,2024-07-01,Servicer_Feed
LN101478,2024-09-01,Current,288316.95,0,2024-09-03,Servicer_Feed
LN101938,2024-03-01,Current,210199.57,0,2024-03-06,Servicer_Feed
LN100637,2022-10-01,Current,325810.93,0,2022-10-01,Servicer_Feed
LN100338,2023-02-01,Current,226655.74,0,2023-02-03,Servicer_Feed
LN100094,2024-09-01,Current,278224.87,0,2024-09-04,Servicer_Feed
LN101573,2024-07-01,Current,135226.43198703157,0,2024-07-09,Servicer_Feed
LN101116,2024-10-01,Current,303346.3,0,2024-10-01,Servicer_Feed
LN100755,2024-04-01,Current,206170.46,0,2024-04-03,Servicer_Feed
LN101394,2021-04-01,Current,618707.79,0,2021-04-05,Servicer_Feed
LN100169,2019-10-01,Current,301504.64100933983,0,2019-10-09,Servicer_Feed
LN101710,2022-10-01,Current,228949.07,0,2022-10-03,Servicer_Feed
LN100590,2023-09-01,Current,113744.49,0,2023-09-05,Servicer_Feed
LN101583,2021-09-01,Current,233122.8,0,2021-09-10,Servicer_Feed
LN101696,2021-03-01,Current,176232.24,0,2021-03-03,Servicer_Feed
LN101168,2023-08-01,Current,427007.73,0,2023-08-06,Servicer_Feed
LN100820,2020-03-01,Current,319338.26,0,2020-03-05,Servicer_Feed
LN101672,2023-10-01,Current,391599.2115599335,0,2023-10-03,Servicer_Feed
LN100532,2024-03-01,Current,246579.0,0,2024-03-10,Servicer_Feed
LN101521,2024-11-01,Current,168084.99,0,2024-11-06,Servicer_Feed
LN101382,2022-09-01,Current,452110.14,0,2022-05-01,Servicer_Feed
LN101886,2023-06-01,Current,267256.95,0,2023-06-09,Servicer_Feed
LN101920,2022-04-01,Current,245371.93,0,2022-04-07,Servicer_Feed
LN101795,2023-08-01,Current,331769.94,0,2023-08-01,Servicer_Feed
LN100606,2024-08-01,Current,305959.41,0,2024-08-05,Servicer_Feed
LN101241,2021-10-01,Current,269374.38,0,2021-10-06,Servicer_Feed
LN101406,2023-10-01,Current,350942.99,0,2023-10-03,Servicer_Feed
LN100509,2022-12-01,Current,386712.2,0,2022-12-04,Servicer_Feed
LN101748,2023-07-01,Current,272614.11,0,2023-07-04,Servicer_Feed
LN100117,2024-06-01,Current,143978.6,0,2024-06-07,Servicer_Feed
LN100444,2023-03-01,Current,362247.45,0,2023-03-05,Servicer_Feed
LN101143,2023-11-01,30DPD,187959.37,30,2023-11-02,Servicer_Feed
LN100009,2023-06-01,Current,153295.24,0,2023-06-04,Servicer_Feed
LN101358,2021-12-01,Current,184412.35,0,2021-12-05,Servicer_Feed
LN100156,2023-01-01,Current,298578.06,0,2023-01-10,Servicer_Feed
LN101056,2023-03-01,Current,79365.48,0,2023-03-06,Servicer_Feed
LN100996,2020-11-01,Current,186976.39,0,2020-11-04,Servicer_Feed
LN101140,2020-12-01,Current,350790.17,0,2020-12-08,Servicer_Feed
LN101228,2024-01-01,Current,597516.6200045366,0,2024-01-05,Servicer_Feed
LN101706,2021-12-01,Current,253940.17,0,2021-12-05,Servicer_Feed
LN101479,2021-08-01,Current,416677.48,0,2021-08-04,Servicer_Feed
LN100147,2022-03-01,Current,164517.25,0,2022-03-03,Servicer_Feed
LN100711,2024-12-01,Current,174464.62527336008,0,2024-12-09,Servicer_Feed
LN101538,2022-06-01,Current,515841.13,0,2022-06-03,Servicer_Feed
LN101302,2023-11-01,Current,65156.07,0,2023-11-10,Servicer_Feed
LN100704,2022-12-01,Current,159387.7,0,2022-08-01,Servicer_Feed
LN101529,2024-02-01,Current,399174.04,0,2024-02-04,Servicer_Feed
LN100102,2023-01-01,Current,216732.11,0,2023-01-09,Servicer_Feed
LN100508,2020-02-01,Current,378872.96,0,2020-02-01,Servicer_Feed
LN100319,2022-02-01,Current,254528.68,0,2022-02-05,Servicer_Feed
LN100547,2024-12-01,Current,114315.75,0,2024-12-03,Servicer_Feed
LN100702,2022-03-01,Current,242772.97,0,2022-03-09,Servicer_Feed
LN100529,2023-02-01,Current,116684.78,0,2023-02-01,Servicer_Feed
LN101945,2024-04-01,Current,135387.18,0,2024-04-07,Servicer_Feed
LN101324,2023-02-01,Current,161607.43,0,2023-02-08,Servicer_Feed
LN101493,2020-11-01,Prepaid,334183.82,0,2020-11-03,Servicer_Feed
LN101442,2023-07-01,Current,362157.5257714923,0,2023-07-05,Servicer_Feed
LN101214,2024-06-01,Current,120623.04,0,2024-06-01,Servicer_Feed
LN101884,2022-04-01,Current,386788.47,0,2022-04-05,Servicer_Feed
LN100251,2022-07-01,Current,263161.95,0,2022-07-09,Servicer_Feed
LN101232,2024-06-01,Current,508017.96,0,2024-06-04,Servicer_Feed
LN101315,2022-09-01,Current,179208.38,0,2022-05-01,Servicer_Feed
LN101518,2020-07-01,Current,162601.12,0,2020-07-07,Servicer_Feed
LN100232,2022-01-01,Current,118131.82,0,2022-01-09,Servicer_Feed
LN100001,2022-08-01,Current,143720.26,0,2022-08-03,Servicer_Feed
LN101886,2024-03-01,Current,263402.13,0,2024-03-08,Servicer_Feed
LN101291,2021-12-01,Current,213536.91,0,2021-12-09,Servicer_Feed
LN101004,2021-06-01,Current,303670.54,0,2021-02-01,Servicer_Feed
LN101681,2022-05-01,Current,201875.66,0,2022-05-03,Servicer_Feed
LN101526,2020-11-01,Current,144087.91,0,2020-11-07,Servicer_Feed
LN100734,2020-02-01,Current,145098.8,0,2019-10-01,Servicer_Feed
LN100745,2019-11-01,Current,213614.95,0,2019-11-08,Servicer_Feed
LN100981,2023-02-01,Current,349318.73,0,2023-02-06,Servicer_Feed
LN101980,2020-08-01,Current,183873.21155012937,0,2020-08-05,Servicer_Feed
LN101780,2023-10-01,Current,108641.65770872936,0,2023-10-07,Servicer_Feed
LN101963,2023-04-01,Current,185847.0985964552,0,2023-04-08,Servicer_Feed
LN100521,2023-03-01,Current,237933.67,0,2023-03-07,Servicer_Feed
LN100322,2023-05-01,Current,100673.02,0,2023-05-10,Servicer_Feed
LN101042,2023-02-01,Current,271310.53,0,2023-02-09,Servicer_Feed
LN100171,2021-06-01,Current,190064.75471704424,0,2021-06-05,Servicer_Feed
LN100205,2021-01-01,Current,224313.98,0,2021-01-01,Servicer_Feed
LN101944,2022-07-01,Current,177767.89740547474,0,2022-07-01,Servicer_Feed
LN100746,2022-06-01,Current,425263.41,0,2022-06-05,Servicer_Feed
LN100279,2021-06-01,Current,202144.37,0,2021-06-04,Servicer_Feed
LN101699,2023-03-01,Current,162151.2,0,2023-03-02,Servicer_Feed
LN100034,2024-03-01,Current,271050.79,0,2024-03-05,Servicer_Feed
LN101830,2022-06-01,Current,254346.06,0,2022-06-04,Servicer_Feed
LN101966,2020-10-01,Current,155627.4,0,2020-10-02,Servicer_Feed
LN101802,2023-01-01,60DPD,527367.43,60,2023-01-01,Servicer_Feed
LN101563,2023-12-01,Current,190933.6,0,2023-12-03,Servicer_Feed
LN100330,2021-05-01,Current,175290.24,0,2021-05-08,Servicer_Feed
LN100282,2023-11-01,Current,315953.94,0,2023-11-02,Servicer_Feed
LN100185,2023-11-01,Current,254121.08,0,2023-07-01,Servicer_Feed
LN100025,2024-10-01,Current,442118.76456762076,0,2024-10-04,Servicer_Feed
LN101649,2021-02-01,Current,249224.71,0,2021-02-05,Servicer_Feed
LN101484,2021-03-01,Current,370589.88,0,2021-03-10,Servicer_Feed
LN101727,2024-07-01,Current,350460.69703912275,0,2024-07-04,Servicer_Feed
LN101681,2021-11-01,Current,203820.34,0,2021-11-09,Servicer_Feed
LN100057,2020-05-01,Current,525018.81,0,2020-05-10,Servicer_Feed
LN100320,2023-08-01,Current,197325.52509744331,0,2023-08-04,Servicer_Feed
LN100665,2022-10-01,Current,233572.53,0,2022-10-06,Servicer_Feed
LN100684,2020-08-01,Current,199980.29,0,2020-08-02,Servicer_Feed
LN101844,2023-04-01,Current,205695.42,0,2023-04-07,Servicer_Feed
LN101048,2024-01-01,Current,403682.89,0,2024-01-10,Servicer_Feed
LN101001,2021-09-01,Current,294847.63,0,2021-05-01,Servicer_Feed
LN101682,2022-06-01,Current,134313.98927747773,0,2022-06-01,Servicer_Feed
LN101281,2023-09-01,Current,503551.11,0,2023-09-10,Servicer_Feed
LN100394,2024-09-01,Current,103346.66432932857,0,2024-09-09,Servicer_Feed
LN100072,2021-06-01,Current,229542.08,0,2021-06-02,Servicer_Feed
LN100528,2020-08-01,Current,141627.95,0,2020-08-04,Servicer_Feed
LN100141,2020-02-01,Current,210353.21,0,2019-10-01,Servicer_Feed
LN100814,2024-09-01,Current,169694.3,0,2024-05-01,Servicer_Feed
LN101501,2024-12-01,Current,183429.97,0,2024-12-01,Servicer_Feed
LN100868,2024-07-01,Current,276892.64,0,2024-07-07,Servicer_Feed
LN101700,2024-01-01,Current,445222.89269509097,0,2024-01-04,Servicer_Feed
LN100956,2020-12-01,Current,307205.64,0,2020-12-06,Servicer_Feed
LN101869,2020-04-01,Current,277276.91,0,2020-04-01,Servicer_Feed
LN100247,2023-10-01,Current,179699.36,0,2023-10-06,Servicer_Feed
LN101860,2024-02-01,Current,118824.0,0,2023-10-01,Servicer_Feed
LN101425,2021-11-01,Current,148023.78,0,2021-11-10,Servicer_Feed
LN101690,2024-05-01,Current,172028.12,0,2024-05-05,Servicer_Feed
LN100341,2021-08-01,Current,191227.84,0,2021-08-03,Servicer_Feed
LN101960,2022-12-01,Current,301224.9101719017,0,2022-12-03,Servicer_Feed
LN101254,2022-09-01,Current,341433.6619587676,0,2022-09-05,Servicer_Feed
LN101437,2019-07-01,Current,184718.14,0,2019-07-03,Servicer_Feed
LN100232,2020-11-01,Current,120758.16,0,2020-11-07,Servicer_Feed
LN100379,2023-06-01,Current,156745.23,0,2023-02-01,Servicer_Feed
LN101348,2023-12-01,Prepaid,186303.08,0,2023-12-02,Servicer_Feed
LN101516,2024-07-01,Current,452430.34,0,2024-07-10,Servicer_Feed
LN101175,2023-12-01,30DPD,168656.04,30,2023-12-01,Servicer_Feed
LN101956,2020-03-01,Current,349168.49,0,2020-03-03,Servicer_Feed
LN100348,2024-05-01,Current,146263.47,0,2024-05-02,Servicer_Feed
LN101226,2021-12-01,Current,406141.22,0,2021-12-06,Servicer_Feed
LN101003,2023-07-01,Current,639072.17,0,2023-07-09,Servicer_Feed
LN101766,2022-11-01,Current,234544.3238121399,0,2022-11-06,Servicer_Feed
LN100185,2019-12-01,Current,688458.1532373823,0,2019-12-09,Servicer_Feed
LN101670,2022-05-01,Current,285835.24,0,2022-01-01,Servicer_Feed
LN101480,2023-02-01,Current,153651.16,0,2023-02-07,Servicer_Feed
LN100222,2024-10-01,Current,338001.8,0,2024-10-02,Servicer_Feed
LN101383,2024-01-01,Current,609769.57,0,2024-01-07,Servicer_Feed
LN101360,2020-05-01,Current,122176.21,0,2020-01-01,Servicer_Feed
LN100173,2024-01-01,Current,190118.56,0,2023-09-01,Servicer_Feed
LN101790,2022-01-01,Current,227098.41,0,2021-09-01,Servicer_Feed
LN100359,2024-05-01,Current,83154.32,0,2024-05-08,Servicer_Feed
LN100157,2021-02-01,Current,224520.97,0,2020-10-01,Servicer_Feed
LN100393,2024-08-01,Current,192885.12,0,2024-08-09,Servicer_Feed
LN100029,2020-05-01,Current,143537.71,0,2020-05-10,Servicer_Feed
LN101280,2023-11-01,Current,145502.09,0,2023-11-05,Servicer_Feed
LN101151,2022-06-01,Current,102741.87,0,2022-06-01,Servicer_Feed
LN100081,2022-07-01,Current,233470.21,0,2022-07-04,Servicer_Feed
LN101572,2023-04-01,Current,216340.61,0,2023-04-08,Servicer_Feed
LN100996,2021-04-01,Current,185477.73,0,2021-04-03,Servicer_Feed
LN101182,2024-01-01,Current,466478.2,0,2024-01-06,Servicer_Feed
LN101923,2022-01-01,Current,236876.42,0,2022-01-04,Servicer_Feed
LN101882,2023-07-01,Current,272997.73,0,2023-03-01,Servicer_Feed
LN101256,2022-12-01,Current,261775.07242660903,0,2022-12-01,Servicer_Feed
LN101596,2019-10-01,Current,168872.64,0,2019-10-10,Servicer_Feed
LN101243,2019-07-01,Current,205121.46,0,2019-07-08,Servicer_Feed
LN100273,2022-03-01,Current,458454.29,0,2021-11-01,Servicer_Feed
LN100460,2022-07-01,Current,178920.65,0,2022-07-08,Servicer_Feed
LN100471,2024-01-01,Current,236910.83,0,2024-01-07,Servicer_Feed
LN100742,2022-05-01,Current,254536.81308728864,0,2022-05-04,Servicer_Feed
LN101003,2022-10-01,Current,648397.25,0,2022-10-05,Servicer_Feed
LN100804,2023-10-01,Current,240002.95,0,2023-06-01,Servicer_Feed
LN100013,2024-11-01,Current,125059.28916294775,0,2024-11-03,Servicer_Feed
LN100700,2022-02-01,Current,138875.54,0,2022-02-02,Servicer_Feed
LN101776,2021-02-01,Current,255039.64,0,2021-02-06,Servicer_Feed
LN101754,2023-11-01,Current,292776.94,0,2023-11-02,Servicer_Feed
LN101086,2021-08-01,Current,359751.07,0,2021-04-01,Servicer_Feed
LN101140,2024-08-01,Current,326129.0,0,2024-08-07,Servicer_Feed
LN101486,2023-02-01,Current,187878.73,0,2023-02-08,Servicer_Feed
LN100594,2022-12-01,Current,145670.61,0,2022-12-05,Servicer_Feed
LN100786,2021-11-01,Current,396135.92,0,2021-11-02,Servicer_Feed
LN100806,2020-04-01,Current,78961.56895382807,0,2020-04-02,Servicer_Feed
LN100005,2023-05-01,Prepaid,463130.5416322867,0,2023-05-09,Servicer_Feed
LN100821,2021-02-01,Current,376129.36594199797,0,2021-02-06,Servicer_Feed
LN101341,2024-02-01,Current,232085.15527428282,0,2024-02-05,Servicer_Feed
LN100597,2022-01-01,Current,369331.03,0,2021-09-01,Servicer_Feed
LN101684,2024-12-01,Current,162013.50064202296,0,2024-12-08,Servicer_Feed
LN100861,2024-04-01,Current,257014.6,0,2024-04-07,Servicer_Feed
LN100683,2024-04-01,Current,164272.37,0,2023-12-01,Servicer_Feed
LN101195,2020-06-01,Current,192971.71,0,2020-06-07,Servicer_Feed
LN101833,2021-10-01,Current,198609.17,0,2021-10-08,Servicer_Feed
LN101516,2024-08-01,Current,319804.3184824375,0,2024-08-05,Servicer_Feed
LN100115,2019-09-01,Current,243428.56,0,2019-09-10,Servicer_Feed
LN101263,2020-09-01,Current,276654.18,0,2020-09-08,Servicer_Feed
LN101521,2022-09-01,Current,175459.01,0,2022-09-03,Servicer_Feed
LN100797,2024-04-01,60DPD,253639.53,60,2024-04-02,Servicer_Feed
LN101685,2021-12-01,Current,196756.38,0,2021-08-01,Servicer_Feed
LN101224,2023-04-01,Current,146694.75,0,2023-04-04,Servicer_Feed
LN100776,2024-08-01,Current,98412.23842814103,0,2024-08-07,Servicer_Feed
LN101233,2023-11-01,Current,100085.72,0,2023-11-06,Servicer_Feed
LN100633,2024-10-01,Current,85356.88127982036,0,2024-10-10,Servicer_Feed
LN100227,2022-06-01,Current,387065.8560713518,0,2022-06-02,Servicer_Feed
LN101049,2022-04-01,Current,116366.38205575348,0,2022-04-10,Servicer_Feed
LN100381,2020-07-01,Current,256756.88,0,2020-07-09,Servicer_Feed
LN101124,2024-03-01,Current,286171.84,0,2024-03-03,Servicer_Feed
LN100518,2020-08-01,Current,236749.78,0,2020-04-01,Servicer_Feed
LN100806,2023-09-01,Current,61307.25,0,2023-05-01,Servicer_Feed
LN100464,2023-06-01,Current,221307.52,0,2023-06-01,Servicer_Feed
LN100844,2023-10-01,Current,205694.3012522421,0,2023-10-10,Servicer_Feed
LN100486,2023-10-01,Current,255618.1,0,2023-10-09,Servicer_Feed
LN100662,2024-02-01,Current,198242.93,0,2024-02-10,Servicer_Feed
LN101120,2020-09-01,Current,179538.4,0,2020-09-03,Servicer_Feed
LN101283,2020-11-01,Current,210109.27,0,2020-11-03,Servicer_Feed
LN100915,2024-11-01,30DPD,130835.88,30,2024-11-01,Servicer_Feed
LN100566,2023-03-01,Current,255622.39,0,2023-03-05,Servicer_Feed
LN100937,2020-11-01,Current,167450.27,0,2020-11-06,Servicer_Feed
LN100890,2023-03-01,Current,226356.8066136609,0,2023-03-02,Servicer_Feed
LN101071,2021-08-01,Current,215250.04,0,2021-04-01,Servicer_Feed
LN101965,2022-11-01,Current,97145.58845770777,0,2022-11-07,Servicer_Feed
LN101718,2023-02-01,Current,219798.9,0,2023-02-08,Servicer_Feed
LN100367,2022-07-01,Current,272952.35,0,2022-07-03,Servicer_Feed
LN100464,2024-07-01,Current,216777.09,0,2024-07-05,Servicer_Feed
LN100977,2023-09-01,Current,54983.34,0,2023-09-03,Servicer_Feed
LN101866,2024-08-01,Current,143605.51,0,2024-08-07,Servicer_Feed
LN100872,2022-08-01,Current,218220.46,0,2022-04-01,Servicer_Feed
LN101445,2021-06-01,Current,179483.28,0,2021-06-06,Servicer_Feed
LN100735,2024-06-01,Current,450525.8211217178,0,2024-06-05,Servicer_Feed
LN100399,2024-08-01,Current,630825.0365533622,0,2024-08-10,Servicer_Feed
LN101914,2019-09-01,Current,310026.94,0,2019-09-08,Servicer_Feed
LN100590,2022-08-01,Current,116178.56,0,2022-08-04,Servicer_Feed
LN100291,2020-03-01,Current,190822.27,0,2020-03-06,Servicer_Feed
LN101882,2023-01-01,Current,325027.8368585848,0,2023-01-01,Servicer_Feed
LN100748,2022-11-01,Current,216967.14,0,2022-11-10,Servicer_Feed
LN101521,2023-11-01,Current,171520.61,0,2023-11-02,Servicer_Feed
LN101117,2023-04-01,Current,89537.85,0,2022-12-01,Servicer_Feed
LN101501,2024-10-01,Current,185022.83,0,2024-06-01,Servicer_Feed
LN101362,2020-12-01,Current,156293.9,0,2020-12-07,Servicer_Feed
LN101905,2024-05-01,Current,431586.94874377624,0,2024-05-08,Servicer_Feed
LN101648,2020-06-01,Current,200317.3,0,2020-06-06,Servicer_Feed
LN100584,2023-09-01,Current,158492.21,0,2023-05-01,Servicer_Feed
LN100557,2022-04-01,Current,143241.46,0,2022-04-01,Servicer_Feed
LN101262,2022-05-01,Current,393553.45,0,2022-05-10,Servicer_Feed
LN100088,2022-03-01,Current,487202.79,0,2022-03-02,Servicer_Feed
LN101810,2020-04-01,Current,253193.1858643049,0,2020-04-07,Servicer_Feed
LN101578,2020-10-01,Current,335730.49086195725,0,2020-10-08,Servicer_Feed
LN100735,2020-07-01,Current,626890.3301650041,0,2020-07-06,Servicer_Feed
LN101005,2022-08-01,Current,187227.4,0,2022-08-10,Servicer_Feed
LN100452,2023-03-01,Current,91619.8,0,2022-11-01,Servicer_Feed
LN100947,2019-05-01,Current,188957.22,0,2019-05-09,Servicer_Feed
LN100267,2024-07-01,Current,115474.7,0,2024-07-09,Servicer_Feed
LN100687,2021-12-01,Current,226554.31,0,2021-12-10,Servicer_Feed
LN100916,2023-11-01,Current,183585.37,0,2023-07-01,Servicer_Feed
LN100256,2021-11-01,Current,189436.26,0,2021-11-03,Servicer_Feed
LN100767,2024-04-01,Current,264534.37,0,2024-04-06,Servicer_Feed
LN101486,2021-09-01,Current,199289.77,0,2021-05-01,Servicer_Feed
LN100381,2022-06-01,Current,247258.73,0,2022-06-01,Servicer_Feed
LN101779,2024-02-01,Current,547044.1053464838,0,2024-02-09,Servicer_Feed
LN101498,2022-11-01,Current,296606.92,0,2022-11-06,Servicer_Feed
LN101328,2022-07-01,Current,235422.94,0,2022-03-01,Servicer_Feed
LN101235,2023-08-01,Current,160780.41,0,2023-08-03,Servicer_Feed
LN101913,2023-04-01,Current,162552.68,0,2023-04-02,Servicer_Feed
LN101175,2022-11-01,Current,170897.9,0,2022-07-01,Servicer_Feed
LN101284,2023-06-01,Current,93469.68,0,2023-06-10,Servicer_Feed
LN100433,2021-03-01,Current,152933.17,0,2021-03-10,Servicer_Feed
LN101320,2023-08-01,Current,181754.83,0,2023-08-06,Servicer_Feed
LN100595,2019-10-01,Current,132227.81,0,2021-10-01,Servicer_Feed
LN100080,2021-04-01,Current,335855.94,0,2021-04-08,Servicer_Feed
LN101300,2024-06-01,60DPD,308054.29810274014,60,2024-06-07,Servicer_Feed
LN100674,2024-01-01,Current,350144.74,0,2024-01-08,Servicer_Feed
LN100142,2022-07-01,Current,159124.7,0,2022-07-06,Servicer_Feed
LN100668,2023-06-01,Current,249022.5084558035,0,2023-06-03,Servicer_Feed
LN100786,2022-03-01,Current,393648.22,0,2022-03-09,Servicer_Feed
LN101555,2023-09-01,Current,308414.67,0,2023-09-09,Servicer_Feed
LN100060,2022-04-01,Current,149058.4,0,2022-04-10,Servicer_Feed
LN100043,2024-04-01,30DPD,286564.61,30,2023-12-01,Servicer_Feed
LN101308,2022-07-01,Current,76905.73,0,2022-03-01,Servicer_Feed
LN101112,2020-02-01,Current,227155.68,0,2020-02-04,Servicer_Feed
LN101754,2022-03-01,Current,253115.69565484667,0,2022-03-09,Servicer_Feed
LN101791,2024-05-01,Current,287826.08000284625,0,2024-05-02,Servicer_Feed
LN100943,2023-09-01,Current,70132.81012072135,0,2023-09-06,Servicer_Feed
LN100999,2024-07-01,Current,366054.68,0,2024-07-06,Servicer_Feed
LN100388,2022-11-01,Current,204226.3170568873,0,2022-11-10,Servicer_Feed
LN100463,2021-11-01,Current,220763.89,0,2021-11-03,Servicer_Feed
LN101468,2022-02-01,Current,90019.18,0,2022-02-05,Servicer_Feed
LN101760,2021-08-01,Current,501201.06,0,2021-08-05,Servicer_Feed
LN101789,2019-07-01,Current,658965.68,0,2019-07-08,Servicer_Feed
LN100572,2024-05-01,Current,901403.4837942813,0,2024-05-02,Servicer_Feed
LN101189,2019-06-01,Current,165113.99,0,2019-06-08,Servicer_Feed
LN101406,2023-09-01,Current,352270.03,0,2023-09-04,Servicer_Feed
LN100372,2022-04-01,Current,401930.88,0,2022-04-01,Servicer_Feed
LN101386,2023-11-01,Current,374554.49,0,2023-07-01,Servicer_Feed
LN100620,2024-12-01,Current,206642.7508353211,0,2024-12-05,Servicer_Feed
LN101402,2021-03-01,Current,353561.19,0,2021-03-06,Servicer_Feed
LN101614,2023-03-01,Current,123422.38,0,2023-03-04,Servicer_Feed
LN100119,2020-12-01,Current,177184.92486715852,0,2020-12-07,Servicer_Feed
LN100855,2024-12-01,Current,198057.79,0,2024-12-02,Servicer_Feed
LN100996,2020-05-01,Current,188761.91,0,2020-05-04,Servicer_Feed
LN100652,2024-09-01,Current,141271.56,0,2024-09-10,Servicer_Feed
LN101731,2024-01-01,30DPD,197293.89,30,2024-01-06,Servicer_Feed
LN100119,2022-11-01,Current,199626.39,0,2022-11-09,Servicer_Feed
LN100651,2022-06-01,Current,203162.94,0,2022-06-01,Servicer_Feed
LN100340,2021-09-01,Current,91311.92,0,2021-09-10,Servicer_Feed
LN100636,2022-01-01,Current,288906.17,0,2021-09-01,Servicer_Feed
LN100889,2024-02-01,Current,311502.79,0,2024-02-03,Servicer_Feed
LN100917,2024-03-01,Current,171844.33,0,2024-03-08,Servicer_Feed
LN100281,2020-06-01,Current,192570.51827684062,0,2020-06-08,Servicer_Feed
LN101360,2022-07-01,Current,111332.62,0,2022-07-10,Servicer_Feed
LN100133,2024-06-01,Current,420390.19711883366,0,2024-06-03,Servicer_Feed
LN101769,2024-01-01,Current,258802.35,0,2023-09-01,Servicer_Feed
LN100263,2022-02-01,Current,184107.78,0,2022-02-02,Servicer_Feed
LN100742,2022-11-01,30DPD,228412.79,30,2022-11-06,Servicer_Feed
LN100433,2022-06-01,Current,149198.24,0,2022-02-01,Servicer_Feed
LN100426,2020-11-01,Current,212755.25,0,2020-11-05,Servicer_Feed
LN100739,2021-07-01,Current,163258.07,0,2021-07-04,Servicer_Feed
LN101841,2023-07-01,Current,118063.56145739407,0,2023-07-07,Servicer_Feed
LN101730,2022-08-01,Current,567372.36955723,0,2022-08-03,Servicer_Feed
LN100486,2022-01-01,Current,883288.5829513291,0,2022-01-01,Servicer_Feed
LN101889,2020-11-01,Current,222096.49,0,2020-11-03,Servicer_Feed
LN100190,2021-09-01,Current,217518.02,0,2021-05-01,Servicer_Feed
LN100284,2024-11-01,Current,358592.93,0,2024-11-08,Servicer_Feed
LN100613,2023-06-01,Current,265348.13,0,2023-06-08,Servicer_Feed
LN100595,2020-11-01,Current,119693.23642426754,0,2020-11-09,Servicer_Feed
LN100553,2020-03-01,Current,324979.927584883,0,2020-03-04,Servicer_Feed
LN101847,2023-09-01,Current,264774.69,0,2023-09-06,Servicer_Feed
LN101893,2021-05-01,Current,221976.24,0,2021-01-01,Servicer_Feed
LN101607,2022-01-01,Current,203954.12,0,2022-01-09,Servicer_Feed
LN101069,2022-03-01,Current,204158.27,0,2022-03-07,Servicer_Feed
LN100803,2020-12-01,Current,145567.56,0,2020-12-04,Servicer_Feed
LN101525,2021-03-01,Current,635186.92,0,2020-11-01,Servicer_Feed
LN101745,2024-02-01,Current,146131.11,0,2024-02-05,Servicer_Feed
LN100653,2021-12-01,Current,146021.73,0,2021-12-01,Servicer_Feed
LN101516,2022-07-01,Current,472041.95,0,2022-07-02,Servicer_Feed
LN100033,2020-05-01,Current,161059.55,0,2020-05-10,Servicer_Feed
LN100993,2021-12-01,Current,171045.78,0,2021-08-01,Servicer_Feed
LN100021,2021-02-01,Current,155329.47,0,2021-02-07,Servicer_Feed
LN100488,2024-05-01,Current,344721.1914791602,0,2024-05-01,Servicer_Feed
LN100576,2024-10-01,30DPD,252498.47,30,2024-06-01,Servicer_Feed
LN101373,2023-06-01,Current,282747.09154268313,0,2023-06-01,Servicer_Feed
LN101718,2021-10-01,Current,231540.2,0,2021-10-05,Servicer_Feed
LN101758,2024-05-01,Current,128490.33117715237,0,2024-05-10,Servicer_Feed
LN101389,2019-02-01,Current,190018.86,0,2019-02-02,Servicer_Feed
LN100300,2021-04-01,Current,255582.69,0,2020-12-01,Servicer_Feed
LN101574,2020-10-01,Current,184738.93,0,2020-10-05,Servicer_Feed
LN100687,2022-07-01,Current,224122.26,0,2022-07-05,Servicer_Feed
LN101122,2022-09-01,Current,549927.2068426793,0,2022-09-02,Servicer_Feed
LN100431,2024-10-01,Current,82620.3,0,2024-10-08,Servicer_Feed
LN101545,2021-08-01,Current,880644.78,0,2021-04-01,Servicer_Feed
LN100920,2021-12-01,Current,152213.49,0,2021-12-03,Servicer_Feed
LN100909,2024-04-01,Current,275137.44,0,2024-04-08,Servicer_Feed
LN101660,2022-12-01,Current,401469.96,0,2022-08-01,Servicer_Feed
LN101465,2022-12-01,Current,136459.13,0,2022-12-08,Servicer_Feed
LN100205,2023-11-01,Current,153323.3912944284,0,2023-11-07,Servicer_Feed
LN101202,2021-05-01,Current,294391.51,0,2021-05-09,Servicer_Feed
LN100959,2024-06-01,Current,445668.56,0,2024-06-05,Servicer_Feed
LN101280,2024-03-01,Current,144577.79,0,2024-03-06,Servicer_Feed
LN101470,2021-06-01,Current,200411.5,0,2021-06-10,Servicer_Feed
LN100384,2023-11-01,Current,299370.97,0,2023-11-03,Servicer_Feed
LN100518,2020-07-01,Current,237128.91,0,2020-07-01,Servicer_Feed
LN100853,2022-11-01,Current,342302.13,0,2022-11-03,Servicer_Feed
LN100475,2021-12-01,Current,777765.5,0,2021-12-09,Servicer_Feed
LN100878,2024-05-01,Current,176497.67,0,2024-05-09,Servicer_Feed
LN101597,2024-11-01,Current,378193.64,0,2024-11-06,Servicer_Feed
LN100120,2022-06-01,30DPD,168942.1,30,2022-06-01,Servicer_Feed
LN101402,2024-08-01,Current,301557.5,0,2024-08-03,Servicer_Feed
LN101314,2022-03-01,Current,319103.99,0,2021-11-01,Servicer_Feed
LN101344,2022-08-01,Current,338221.63953320036,0,2022-08-10,Servicer_Feed
LN100612,2023-11-01,Current,327318.34394973546,0,2023-11-05,Servicer_Feed
LN101971,2021-10-01,Current,283433.17,0,2021-10-06,Servicer_Feed
LN100760,2024-04-01,Current,130063.1,0,2024-04-10,Servicer_Feed
LN100414,2024-04-01,Current,201377.87,0,2024-04-06,Servicer_Feed
LN101118,2023-05-01,Current,241940.13,0,2023-05-08,Servicer_Feed
LN101668,2023-10-01,Current,183600.8,0,2023-10-01,Servicer_Feed
LN100419,2024-04-01,Current,253719.9,0,2024-04-04,Servicer_Feed
LN100254,2022-11-01,Current,172328.68,0,2022-11-01,Servicer_Feed
LN100018,2024-09-01,Current,157264.14,0,2024-05-01,Servicer_Feed
LN101988,2023-03-01,Current,154722.53396561163,0,2023-03-02,Servicer_Feed
LN100984,2022-09-01,Current,399823.11,0,2022-05-01,Servicer_Feed
LN100238,2022-03-01,Current,392699.0,0,2022-03-03,Servicer_Feed
LN100005,2021-06-01,Current,402847.95,0,2021-06-04,Servicer_Feed
LN101660,2023-10-01,Current,394459.2,0,2023-10-01,Servicer_Feed
LN101841,2021-02-01,Current,162703.89,0,2021-02-05,Servicer_Feed
LN101983,2022-11-01,Current,196228.28,0,2022-11-07,Servicer_Feed
LN100727,2021-02-01,Current,175824.39062064173,0,2021-02-08,Servicer_Feed
LN101464,2022-08-01,Current,193471.18,0,2022-08-05,Servicer_Feed
LN101506,2023-10-01,Current,260814.47,0,2023-10-02,Servicer_Feed
LN100562,2021-11-01,Current,206317.47,0,2021-11-03,Servicer_Feed
LN101747,2024-06-01,Current,415925.44,0,2024-06-10,Servicer_Feed
LN101347,2022-05-01,Current,211968.22,0,2022-05-01,Servicer_Feed
LN101059,2021-05-01,Current,319739.41,0,2021-05-09,Servicer_Feed
LN101960,2020-06-01,Current,282101.0443186449,0,2020-06-02,Servicer_Feed
LN100817,2019-05-01,Current,297034.41,0,2019-05-01,Servicer_Feed
LN100934,2024-04-01,Current,231324.66,0,2024-04-03,Servicer_Feed
LN100280,2024-03-01,Current,216181.99,0,2024-03-10,Servicer_Feed
LN100813,2024-10-01,Current,231358.05,0,2024-10-07,Servicer_Feed
LN100912,2024-02-01,Current,242601.8,0,2024-02-02,Servicer_Feed
LN100570,2021-11-01,Prepaid,174945.2703567958,0,2021-11-06,Servicer_Feed
LN101555,2022-09-01,Current,314403.29,0,2022-09-01,Servicer_Feed
LN100325,2023-05-01,Current,207982.65,0,2023-01-01,Servicer_Feed
LN100230,2023-11-01,Current,184453.18,0,2023-11-07,Servicer_Feed
LN101219,2022-05-01,Current,192975.91,0,2022-01-01,Servicer_Feed
LN101640,2023-06-01,Current,236313.57,0,2023-06-02,Servicer_Feed
LN101001,2022-02-01,Current,292368.75,0,2021-10-01,Servicer_Feed
LN101259,2024-07-01,Current,311840.29,0,2024-07-05,Servicer_Feed
LN100973,2019-10-01,Current,333707.65681354725,0,2019-10-04,Servicer_Feed
LN100588,2019-06-01,Current,373829.58,0,2019-06-08,Servicer_Feed
LN101607,2021-08-01,Current,205573.52,0,2021-08-10,Servicer_Feed
LN100543,2024-03-01,Current,187670.96,0,2023-11-01,Servicer_Feed
LN100814,2020-06-01,Current,184651.09,0,2020-02-01,Servicer_Feed
LN100665,2024-04-01,Current,226968.04,0,2023-12-01,Servicer_Feed
LN101617,2024-03-01,Current,230922.9,0,2023-11-01,Servicer_Feed
LN100994,2024-06-01,Current,447941.4346132233,0,2024-06-09,Servicer_Feed
LN101865,2022-06-01,Current,211826.15,0,2022-06-09,Servicer_Feed
LN100768,2024-04-01,Current,199538.87,0,2024-04-10,Servicer_Feed
LN100426,2020-04-01,Current,217468.61,0,2019-12-01,Servicer_Feed
LN101143,2022-12-01,Current,190939.17,0,2022-12-03,Servicer_Feed
LN101587,2020-03-01,Current,173377.28,0,2020-03-03,Servicer_Feed
LN101944,2024-10-01,Current,158889.0,0,2024-10-08,Servicer_Feed
LN101763,2022-11-01,Current,199762.64,0,2022-11-08,Servicer_Feed
LN101861,2022-04-01,Current,192386.38,0,2022-04-01,Servicer_Feed
LN100867,2024-02-01,Current,438601.82,0,2024-02-02,Servicer_Feed
LN101278,2024-02-01,Current,144680.09,0,2024-02-06,Servicer_Feed
LN100881,2021-05-01,Current,199143.86,0,2021-01-01,Servicer_Feed
LN100341,2023-03-01,30DPD,185789.62,30,2023-03-07,Servicer_Feed
LN101816,2023-01-01,Current,154278.27,0,2023-01-05,Servicer_Feed
LN101210,2020-03-01,Current,202690.72,0,2020-03-10,Servicer_Feed
LN101365,2024-11-01,Current,167950.16,0,2024-11-02,Servicer_Feed
LN101299,2021-01-01,Current,200424.51,0,2021-01-01,Servicer_Feed
LN101273,2022-06-01,Current,372219.19,0,2022-02-01,Servicer_Feed
LN100023,2024-09-01,Current,118591.92688354211,0,2024-09-07,Servicer_Feed
LN100212,2022-04-01,Current,472501.18,0,2022-04-07,Servicer_Feed
LN101352,2022-01-01,Current,138280.86,0,2022-01-02,Servicer_Feed
LN100451,2020-06-01,Current,230594.77,0,2020-06-05,Servicer_Feed
LN100121,2020-10-01,Current,170355.84,0,2020-10-02,Servicer_Feed
LN100040,2021-04-01,Current,362435.44,0,2021-04-10,Servicer_Feed
LN101895,2021-10-01,Current,198539.24,0,2021-10-07,Servicer_Feed
LN101076,2024-08-01,Current,385118.47,0,2024-08-07,Servicer_Feed
LN100736,2022-05-01,Current,244635.93,0,2022-05-07,Servicer_Feed
LN100494,2022-11-01,Current,332738.58,0,2022-11-05,Servicer_Feed
LN100896,2023-09-01,Current,347837.9,0,2023-09-05,Servicer_Feed
LN101011,2024-03-01,Current,150040.42,0,2024-03-06,Servicer_Feed
LN100403,2022-04-01,Current,380160.39,0,2022-04-09,Servicer_Feed
LN101190,2023-01-01,Current,269494.24,0,2023-01-02,Servicer_Feed
LN100094,2021-04-01,Current,298785.74,0,2021-04-04,Servicer_Feed
LN100505,2021-09-01,Current,227151.93,0,2021-05-01,Servicer_Feed
LN100186,2023-01-01,Current,361321.83,0,2023-01-06,Servicer_Feed
LN101934,2024-02-01,Current,264451.11,0,2024-02-04,Servicer_Feed
LN100515,2023-07-01,Current,486589.32298830146,0,2023-07-09,Servicer_Feed
LN100468,2021-08-01,Current,124328.04,0,2021-08-02,Servicer_Feed
LN100384,2023-12-01,Current,298322.22,0,2023-12-06,Servicer_Feed
LN101248,2022-07-01,Current,354997.7,0,2022-03-01,Servicer_Feed
LN101411,2021-10-01,Current,376848.24,0,2021-10-09,Servicer_Feed
LN101725,2023-03-01,Current,111270.21,0,2023-03-01,Servicer_Feed
LN101594,2023-01-01,Current,207401.83,0,2022-09-01,Servicer_Feed
LN101293,2020-08-01,Current,249219.72,0,2020-08-08,Servicer_Feed
LN100712,2022-11-01,Current,280309.97,0,2022-11-10,Servicer_Feed
LN101502,2024-07-01,Current,200189.86,0,2024-07-03,Servicer_Feed
LN101460,2022-09-01,Current,164618.67,0,2022-09-05,Servicer_Feed
LN100402,2022-01-01,Current,115076.7,0,2022-01-07,Servicer_Feed
LN100797,2020-11-01,Current,268952.48,0,2020-11-02,Servicer_Feed
LN100623,2024-04-01,Current,150739.93,0,2024-04-06,Servicer_Feed
LN100934,2021-04-01,Current,210785.76217099637,0,2021-04-03,Servicer_Feed
LN101343,2022-02-01,Current,341472.16,0,2022-02-03,Servicer_Feed
LN100858,2022-08-01,Current,79987.27,0,2022-04-01,Servicer_Feed
LN100944,2019-10-01,Current,223226.48,0,2019-06-01,Servicer_Feed
LN101754,2022-08-01,Current,308510.73,0,2022-04-01,Servicer_Feed
LN101659,2024-02-01,Current,245233.15,0,2024-02-01,Servicer_Feed
LN100278,2024-12-01,Current,561068.58,0,2024-12-09,Servicer_Feed
LN100905,2024-11-01,Current,254042.08,0,2024-11-03,Servicer_Feed
LN100389,2020-10-01,Current,535717.0,0,2020-10-04,Servicer_Feed
LN101936,2021-03-01,Current,173992.59,0,2021-03-07,Servicer_Feed
LN100701,2023-12-01,Current,169433.05,0,2023-12-07,Servicer_Feed
LN101168,2024-11-01,Current,416937.15,0,2024-11-10,Servicer_Feed
LN101171,2021-11-01,Current,248113.35,0,2021-07-01,Servicer_Feed
LN101548,2024-09-01,30DPD,144630.85,30,2024-09-02,Servicer_Feed
LN100554,2024-08-01,Current,330537.4,0,2024-08-06,Servicer_Feed
LN101114,2024-01-01,Current,374569.31391916814,0,2024-01-06,Servicer_Feed
LN101432,2021-12-01,Prepaid,272765.79,0,2021-12-09,Servicer_Feed
LN100334,2020-11-01,Current,184153.37,0,2020-11-02,Servicer_Feed
LN100465,2024-12-01,Current,119914.37,0,2024-12-06,Servicer_Feed
LN101069,2020-03-01,60DPD,214687.46,60,2020-03-02,Servicer_Feed
LN101603,2023-10-01,Current,200543.99,0,2023-10-04,Servicer_Feed
LN100118,2020-01-01,Current,364125.97,0,2020-01-09,Servicer_Feed
LN101873,2024-04-01,Current,328149.12,0,2024-04-01,Servicer_Feed
LN100986,2021-01-01,Current,412983.78,0,2021-01-06,Servicer_Feed
LN100275,2021-09-01,Current,363632.11,0,2021-05-01,Servicer_Feed
LN101337,2019-12-01,30DPD,511159.87,30,2019-12-01,Servicer_Feed
LN100968,2023-06-01,Current,182495.3,0,2023-06-03,Servicer_Feed
LN100729,2023-01-01,Current,98870.54,0,2023-01-04,Servicer_Feed
LN100175,2022-02-01,Current,723686.73,0,2022-02-01,Servicer_Feed
LN101921,2023-11-01,Current,588287.68,0,2023-11-04,Servicer_Feed
LN101750,2024-01-01,Current,229162.3,0,2024-01-07,Servicer_Feed
LN101189,2019-10-01,Current,163030.18,0,2019-10-02,Servicer_Feed
LN100074,2023-05-01,Current,204832.62344813196,0,2023-05-10,Servicer_Feed
LN101068,2021-04-01,Current,114431.21,0,2021-04-01,Servicer_Feed
LN100554,2024-04-01,Current,332936.38,0,2024-04-07,Servicer_Feed
LN100885,2021-03-01,Current,204636.89,0,2021-03-09,Servicer_Feed
LN100397,2024-12-01,Current,332294.42,0,2024-12-08,Servicer_Feed
LN101656,2022-11-01,Current,411510.52,0,2022-11-07,Servicer_Feed
LN100370,2019-05-01,Current,341728.94,0,2019-05-04,Servicer_Feed
LN101262,2022-07-01,Current,390973.14,0,2022-07-01,Servicer_Feed
LN100919,2023-04-01,Current,195189.18,0,2023-04-08,Servicer_Feed
LN100883,2021-12-01,Current,117526.28,0,2021-08-01,Servicer_Feed
LN100663,2024-06-01,30DPD,155976.77,30,2024-02-01,Servicer_Feed
LN101513,2020-05-01,Current,155336.07069795925,0,2020-05-03,Servicer_Feed
LN101568,2024-08-01,Current,220045.74,0,2024-08-06,Servicer_Feed
LN100163,2022-05-01,Current,356720.9448959253,0,2022-05-01,Servicer_Feed
LN101415,2024-03-01,Current,151559.98,0,2024-03-09,Servicer_Feed
LN101526,2020-05-01,Current,168500.1822625213,0,2020-05-07,Servicer_Feed
LN101799,2022-10-01,Current,455496.60908373335,0,2022-10-03,Servicer_Feed
LN101117,2024-07-01,Current,87249.54,0,2024-07-04,Servicer_Feed
LN100963,2020-03-01,Current,438969.41,0,2020-03-07,Servicer_Feed
LN100755,2024-09-01,Current,202466.98,0,2024-09-03,Servicer_Feed
LN100389,2020-12-01,Current,534017.65,0,2020-12-07,Servicer_Feed
LN100405,2024-10-01,Current,226731.54,0,2024-06-01,Servicer_Feed
LN100024,2022-10-01,Current,274064.67,0,2022-10-04,Servicer_Feed
LN101098,2020-09-01,Current,163343.065789214,0,2020-09-04,Servicer_Feed
LN100424,2022-12-01,Current,304224.24,0,2022-12-05,Servicer_Feed
LN101125,2024-12-01,Current,241969.89,0,2024-08-01,Servicer_Feed
LN101153,2020-09-01,Current,231765.91483990796,0,2020-09-02,Servicer_Feed
LN101951,2021-10-01,Current,298266.17,0,2021-10-07,Servicer_Feed
LN101046,2023-02-01,Current,135884.42,0,2023-02-02,Servicer_Feed
LN100161,2019-04-01,Current,358587.3344944194,0,2019-04-09,Servicer_Feed
LN100996,2023-07-01,Current,204041.69368851872,0,2023-07-07,Servicer_Feed
LN100964,2020-10-01,Current,360588.40840244875,0,2020-10-03,Servicer_Feed
LN101349,2020-10-01,Current,420395.48,0,2020-10-10,Servicer_Feed
LN101822,2023-04-01,Current,385429.3,0,2023-04-05,Servicer_Feed
LN101018,2023-09-01,Current,243887.3,0,2023-09-01,Servicer_Feed
LN101046,2023-01-01,Current,136092.34,0,2023-01-01,Servicer_Feed
LN100762,2021-09-01,Current,173812.65,0,2021-09-01,Servicer_Feed
LN101249,2020-12-01,Current,204514.67,0,2020-08-01,Servicer_Feed
LN100250,2021-11-01,Current,123933.43,0,2021-11-01,Servicer_Feed
LN101608,2024-06-01,Current,723920.3059732021,0,2024-06-03,Servicer_Feed
LN100816,2024-10-01,Current,203185.58834443142,0,2024-10-05,Servicer_Feed
LN100553,2024-06-01,Current,251007.65,0,2024-06-05,Servicer_Feed
LN100001,2024-05-01,Current,132822.75,0,2024-05-04,Servicer_Feed
LN101564,2021-06-01,Current,407886.29,0,2021-06-07,Servicer_Feed
LN101064,2021-04-01,Current,114857.14,0,2021-04-09,Servicer_Feed
LN100748,2023-04-01,Current,272774.3835954264,0,2023-04-02,Servicer_Feed
LN100328,2023-01-01,Current,163572.84,0,2023-01-09,Servicer_Feed
LN100030,2023-04-01,Current,275348.27,0,2022-12-01,Servicer_Feed
LN100700,2023-08-01,Current,134954.57,0,2023-08-01,Servicer_Feed
LN100315,2022-09-01,Current,236110.65,0,2022-09-10,Servicer_Feed
LN101442,2023-10-01,30DPD,262691.75,30,2023-06-01,Servicer_Feed
LN100283,2021-01-01,Current,178952.71,0,2021-01-04,Servicer_Feed
LN101192,2022-07-01,Current,275687.72,0,2022-07-06,Servicer_Feed
LN101404,2023-12-01,Current,372077.46,0,2023-12-03,Servicer_Feed
LN100343,2024-10-01,Current,184055.5,0,2024-10-06,Servicer_Feed
LN100575,2024-04-01,Current,474830.89,0,2024-04-03,Servicer_Feed
LN101465,2022-09-01,Current,116072.57145312904,0,2022-09-02,Servicer_Feed
LN100224,2023-09-01,Current,219988.62,0,2023-09-01,Servicer_Feed
LN100317,2024-06-01,Current,307567.8066095438,0,2024-06-03,Servicer_Feed
LN101431,2023-02-01,Current,176168.2,0,2023-02-10,Servicer_Feed
LN100942,2024-02-01,Current,229734.97,0,2024-02-06,Servicer_Feed
LN100192,2022-11-01,Current,205307.13,0,2022-11-04,Servicer_Feed
LN100639,2023-12-01,Current,140816.59,0,2023-12-02,Servicer_Feed
LN101296,2024-07-01,Current,159056.73,0,2024-07-03,Servicer_Feed
LN100508,2023-11-01,Current,351026.01,0,2023-11-03,Servicer_Feed
LN100484,2023-09-01,Current,336609.87,0,2023-09-09,Servicer_Feed
LN101740,2020-05-01,Current,204930.78,0,2020-05-07,Servicer_Feed
LN100629,2023-05-01,Current,249631.51294425747,0,2023-05-10,Servicer_Feed
LN100611,2023-10-01,Current,253765.69,0,2023-10-07,Servicer_Feed
LN101894,2022-01-01,Current,118718.97,0,2021-09-01,Servicer_Feed
LN100484,2024-08-01,Current,322822.03,0,2024-08-05,Servicer_Feed
LN100526,2024-08-01,Current,218942.38,0,2024-08-05,Servicer_Feed
LN100344,2022-03-01,Current,293437.74,0,2022-03-04,Servicer_Feed
LN101098,2022-06-01,Current,214917.75,0,2022-06-08,Servicer_Feed
LN100215,2022-08-01,Current,135039.06,0,2022-08-08,Servicer_Feed
LN100812,2024-07-01,Current,175451.49,0,2024-07-02,Servicer_Feed
LN101817,2023-02-01,Current,182538.03,0,2023-02-10,Servicer_Feed
LN101975,2024-05-01,Current,105056.75,0,2024-05-05,Servicer_Feed
LN100964,2021-03-01,Current,313313.84,0,2021-03-01,Servicer_Feed
LN100883,2022-05-01,Current,116589.73,0,2022-05-04,Servicer_Feed
LN100501,2023-06-01,Current,455804.49,0,2023-06-08,Servicer_Feed
LN101921,2021-07-01,Current,615962.73,0,2021-07-10,Servicer_Feed
LN101192,2021-08-01,Current,280069.39,0,2021-08-05,Servicer_Feed
LN100507,2022-12-01,Current,109201.49818713363,0,2022-12-06,Servicer_Feed
LN101058,2019-04-01,Current,284965.18,0,2018-12-01,Servicer_Feed
LN101582,2024-08-01,Current,269334.38,0,2024-08-10,Servicer_Feed
LN101032,2024-02-01,Current,250105.11,0,2024-02-09,Servicer_Feed
LN100509,2020-11-01,Current,402502.49,0,2020-11-07,Servicer_Feed
LN100340,2022-04-01,Current,90315.01,0,2021-12-01,Servicer_Feed
LN101811,2021-12-01,Current,615568.57,0,2021-12-01,Servicer_Feed
LN100511,2024-04-01,Current,256619.5,0,2024-04-03,Servicer_Feed
LN100465,2023-04-01,Current,89711.4411482138,0,2023-04-01,Servicer_Feed
LN100631,2020-12-01,Current,267193.99,0,2020-08-01,Servicer_Feed
LN101483,2020-03-01,Current,173793.6,0,2020-03-08,Servicer_Feed
LN101011,2024-09-01,Current,148633.27,0,2024-09-06,Servicer_Feed
LN101782,2023-11-01,Current,197711.62,0,2023-11-01,Servicer_Feed
LN101901,2021-09-01,Current,230756.57,0,2021-09-09,Servicer_Feed
LN100403,2024-10-01,Current,339506.05,0,2024-10-09,Servicer_Feed
LN100282,2022-07-01,Current,325046.81,0,2022-03-01,Servicer_Feed
LN100072,2020-07-01,Current,233618.43,0,2020-07-08,Servicer_Feed
LN100456,2023-05-01,Current,113744.6,0,2023-05-09,Servicer_Feed
LN101168,2024-06-01,Current,420315.93,0,2024-06-07,Servicer_Feed
LN101571,2022-04-01,Current,278419.53,0,2022-04-10,Servicer_Feed
LN101447,2020-04-01,Current,186086.97148262084,0,2020-04-05,Servicer_Feed
LN100734,2021-02-01,Current,139414.55,0,2021-02-10,Servicer_Feed
LN100612,2021-05-01,Current,358296.1710986137,0,2021-05-07,Servicer_Feed
LN101050,2020-01-01,Current,384937.46,0,2020-01-08,Servicer_Feed
LN100846,2023-08-01,Current,136574.83,0,2023-08-10,Servicer_Feed
LN101369,2024-02-01,Current,226871.91,0,2024-02-01,Servicer_Feed
LN100548,2021-05-01,Current,197594.08,0,2021-01-01,Servicer_Feed
LN101867,2024-12-01,Current,209443.89,0,2024-12-10,Servicer_Feed
LN101960,2023-09-01,Current,345032.41084483004,0,2023-09-05,Servicer_Feed
LN101387,2024-08-01,Current,119860.18,0,2024-08-06,Servicer_Feed
LN101720,2023-03-01,Current,83890.92,0,2023-03-06,Servicer_Feed
LN101308,2021-01-01,Current,79143.59,0,2021-01-04,Servicer_Feed
LN101251,2023-01-01,Current,261573.81,0,2023-01-05,Servicer_Feed
LN100932,2021-03-01,Current,588021.304873467,0,2021-03-01,Servicer_Feed
LN101546,2022-05-01,Current,367810.59,0,2022-05-01,Servicer_Feed
LN101415,2024-04-01,Current,151324.51,0,2024-04-01,Servicer_Feed
LN100506,2022-02-01,Current,136871.42,0,2022-02-04,Servicer_Feed
LN101771,2023-11-01,Current,153673.18,0,2023-11-09,Servicer_Feed
LN101451,2024-06-01,Current,316900.11,0,2024-02-01,Servicer_Feed
LN101700,2023-03-01,Current,329088.07,0,2023-03-09,Servicer_Feed
LN101427,2024-10-01,Current,150041.23,0,2024-10-05,Servicer_Feed
LN100287,2022-01-01,Current,162739.30311560282,0,2022-01-05,Servicer_Feed
LN101972,2020-12-01,Current,230818.88,0,2020-12-04,Servicer_Feed
LN100387,2024-02-01,Current,213364.69,0,2024-02-03,Servicer_Feed
LN101141,2023-07-01,Current,274216.44,0,2023-07-08,Servicer_Feed
LN101026,2024-03-01,Current,245412.53,0,2024-03-03,Servicer_Feed
LN100561,2022-10-01,Current,185396.07,0,2022-10-08,Servicer_Feed
LN100494,2020-05-01,Current,349745.69,0,2020-05-06,Servicer_Feed
LN101445,2021-01-01,Current,180942.08,0,2021-01-08,Servicer_Feed
LN100594,2021-06-01,Current,154742.23,0,2021-02-01,Servicer_Feed
LN100553,2019-01-01,Current,277276.91,0,2019-01-07,Servicer_Feed
LN101956,2020-04-01,Current,348627.53,0,2020-04-09,Servicer_Feed
LN100005,2021-09-01,Current,400988.9,0,2021-09-07,Servicer_Feed
LN101367,2020-04-01,Current,242034.75302456014,0,2020-04-02,Servicer_Feed
LN100644,2023-06-01,Current,154937.21,0,2023-06-09,Servicer_Feed
LN100100,2020-11-01,Current,260306.6,0,2020-11-03,Servicer_Feed
LN101071,2020-04-01,Current,154910.19813380565,0,2020-04-04,Servicer_Feed
LN101248,2023-06-01,Current,348767.49,0,2023-02-01,Servicer_Feed
LN101013,2024-02-01,Current,662897.4125611921,0,2024-02-02,Servicer_Feed
LN100588,2019-11-01,Current,370966.75,0,2019-11-09,Servicer_Feed
LN101061,2024-09-01,Current,200516.82,0,2024-09-08,Servicer_Feed
LN100020,2024-03-01,Current,48962.28,0,2024-03-03,Servicer_Feed
LN101233,2022-03-01,Current,103652.67,0,2022-03-05,Servicer_Feed
LN100094,2021-07-01,Current,297087.06816603866,0,2021-07-10,Servicer_Feed
LN100280,2021-02-01,Current,298078.8480254735,0,2021-02-03,Servicer_Feed
LN101834,2022-12-01,Current,315441.31,0,2022-12-05,Servicer_Feed
LN100691,2024-02-01,Current,264580.31,0,2024-02-05,Servicer_Feed
LN100422,2024-12-01,Current,359612.82,0,2024-12-05,Servicer_Feed
LN101518,2023-04-01,Current,154159.79,0,2023-04-01,Servicer_Feed
LN100540,2021-05-01,Current,170240.24,0,2021-05-02,Servicer_Feed
LN101664,2023-01-01,30DPD,330547.1649797861,30,2023-01-06,Servicer_Feed
LN100606,2021-04-01,Current,327961.4,0,2020-12-01,Servicer_Feed
LN100526,2023-10-01,Current,222521.38,0,2023-10-01,Servicer_Feed
LN100616,2020-12-01,Current,328099.36,0,2020-08-01,Servicer_Feed
LN101928,2024-12-01,Current,154746.72,0,2024-12-09,Servicer_Feed
LN101049,2021-01-01,Current,126695.98,0,2021-01-07,Servicer_Feed
LN101503,2022-03-01,Current,375603.56,0,2021-11-01,Servicer_Feed
LN101388,2023-12-01,Current,348566.01,0,2023-12-08,Servicer_Feed
LN100923,2024-02-01,Current,467261.5,0,2024-02-04,Servicer_Feed
LN100169,2022-11-01,Current,204159.38,0,2022-11-03,Servicer_Feed
LN100162,2023-09-01,Current,240915.46,0,2023-09-05,Servicer_Feed
LN100169,2024-05-01,Current,197805.77,0,2024-05-07,Servicer_Feed
LN101202,2022-01-01,Current,290746.97,0,2022-01-03,Servicer_Feed
LN100426,2021-04-01,Current,209335.58,0,2021-04-04,Servicer_Feed
LN100419,2023-01-01,Current,260014.04,0,2023-01-04,Servicer_Feed
LN100067,2023-03-01,Current,230426.72,0,2022-11-01,Servicer_Feed
LN100204,2020-10-01,Current,232155.9868592626,0,2020-10-10,Servicer_Feed
LN101142,2022-01-01,Prepaid,170703.63722641737,0,2022-01-05,Servicer_Feed
LN100948,2022-08-01,Current,377806.62,0,2022-08-03,Servicer_Feed
LN100118,2024-02-01,Current,335828.04,0,2024-02-06,Servicer_Feed
LN101982,2021-02-01,Current,234774.6,0,2020-10-01,Servicer_Feed
LN101831,2023-04-01,Current,368991.48,0,2022-12-01,Servicer_Feed
LN100329,2024-01-01,Current,317197.38,0,2024-01-05,Servicer_Feed
LN101559,2022-09-01,Current,87773.7355096009,0,2022-09-07,Servicer_Feed
LN101319,2020-08-01,Current,152440.93,0,2020-08-06,Servicer_Feed
LN101767,2022-01-01,Current,271373.94,0,2021-09-01,Servicer_Feed
LN100125,2019-08-01,Current,813259.07,0,2019-08-04,Servicer_Feed
LN101673,2023-08-01,Current,201005.783138023,0,2023-08-06,Servicer_Feed
LN101984,2020-10-01,Current,446805.47,0,2020-10-02,Servicer_Feed
LN100381,2019-11-01,Current,342344.14910242264,0,2019-11-04,Servicer_Feed
LN101711,2021-06-01,Current,298529.3025912741,0,2021-06-06,Servicer_Feed
LN100892,2021-08-01,Current,401790.48,0,2021-08-04,Servicer_Feed
LN101726,2022-10-01,Current,143760.33,0,2022-10-10,Servicer_Feed
LN101490,2022-02-01,Current,135784.99,0,2022-02-02,Servicer_Feed
LN101249,2022-05-01,Current,193084.63,0,2022-01-01,Servicer_Feed
LN100569,2024-02-01,Current,286736.06,0,2023-10-01,Servicer_Feed
LN100214,2022-10-01,Current,262334.3,0,2022-10-01,Servicer_Feed
LN100969,2024-04-01,Current,125244.74,0,2024-04-01,Servicer_Feed
LN101696,2020-07-01,Current,228498.9412240315,0,2020-07-09,Servicer_Feed
LN101760,2023-01-01,Current,487709.72,0,2023-01-09,Servicer_Feed
LN100715,2022-11-01,Current,357285.48,0,2022-11-10,Servicer_Feed
LN101310,2023-06-01,Prepaid,275258.17,0,2023-06-07,Servicer_Feed
LN101000,2023-08-01,Current,134848.06,0,2023-08-07,Servicer_Feed
LN101064,2022-12-01,Current,111243.81,0,2022-08-01,Servicer_Feed
LN100476,2022-08-01,Current,179434.31,0,2022-08-09,Servicer_Feed
LN100813,2020-05-01,Current,252859.82,0,2020-01-01,Servicer_Feed
LN101546,2023-01-01,Current,362927.37,0,2023-01-01,Servicer_Feed
LN101495,2024-12-01,Current,152631.35,0,2024-12-04,Servicer_Feed
LN100676,2024-09-01,Current,602892.6,0,2024-09-04,Servicer_Feed
LN100454,2024-12-01,Current,179681.47,0,2024-12-07,Servicer_Feed
LN100205,2024-03-01,Current,171990.02303263053,0,2024-03-10,Servicer_Feed
LN100650,2024-10-01,Current,481125.6,0,2024-10-08,Servicer_Feed
LN100082,2024-06-01,Current,441028.41,0,2024-06-10,Servicer_Feed
LN101982,2020-09-01,Current,238632.76,0,2020-05-01,Servicer_Feed
LN101909,2019-07-01,Current,136028.05,0,2019-07-01,Servicer_Feed
LN100868,2022-06-01,Current,288232.45,0,2022-02-01,Servicer_Feed
LN100993,2022-11-01,Current,167868.82,0,2022-11-04,Servicer_Feed
LN101160,2019-05-01,Current,436764.23,0,2019-01-01,Servicer_Feed
LN101865,2023-10-01,Current,235788.8416073404,0,2023-10-09,Servicer_Feed
LN101725,2024-08-01,Current,108309.14,0,2024-08-05,Servicer_Feed
LN101180,2023-04-01,Current,266093.83,0,2023-04-09,Servicer_Feed
LN101290,2024-09-01,Current,170364.64,0,2024-09-09,Servicer_Feed
LN100860,2024-03-01,Current,202405.39,0,2024-03-06,Servicer_Feed
LN100385,2020-06-01,Current,231201.80006606522,0,2020-06-03,Servicer_Feed
LN101047,2021-07-01,Current,233240.7,0,2021-07-03,Servicer_Feed
LN101314,2023-09-01,Current,297619.58,0,2023-09-10,Servicer_Feed
LN100288,2022-11-01,Current,299809.39,0,2022-11-10,Servicer_Feed
LN101331,2021-07-01,Current,325839.8,0,2021-07-08,Servicer_Feed
LN101837,2021-02-01,Current,232880.02,0,2021-02-01,Servicer_Feed
LN100033,2023-10-01,Current,141272.31792742212,0,2023-10-03,Servicer_Feed
LN101363,2021-04-01,Current,174759.06,0,2021-04-08,Servicer_Feed
LN101116,2020-07-01,Current,441821.9365685684,0,2020-07-03,Servicer_Feed
LN100472,2024-01-01,Current,422123.47,0,2023-09-01,Servicer_Feed
LN101158,2020-07-01,Current,232045.93,0,2020-07-09,Servicer_Feed
LN100875,2021-07-01,Current,256919.89,0,2021-07-05,Servicer_Feed
LN100471,2024-03-01,Current,236182.43,0,2024-03-05,Servicer_Feed
LN101948,2023-07-01,90DPD,124466.59,95,2023-07-06,Servicer_Feed
LN101049,2019-12-01,Current,129305.66,0,2019-12-07,Servicer_Feed
LN101928,2024-09-01,30DPD,202765.18637431116,30,2024-09-05,Servicer_Feed
LN100754,2020-07-01,Current,201251.25,0,2020-07-05,Servicer_Feed
LN100230,2023-05-01,Current,186388.2,0,2023-05-03,Servicer_Feed
LN100616,2022-06-01,Current,318978.37,0,2022-06-03,Servicer_Feed
LN100944,2019-08-01,Current,223924.71,0,2019-08-09,Servicer_Feed
LN101200,2023-07-01,Current,185617.3721933351,0,2023-07-07,Servicer_Feed
LN101632,2023-07-01,Current,71435.09,0,2023-07-08,Servicer_Feed
LN101417,2021-10-01,Prepaid,99532.55,0,2021-10-02,Servicer_Feed
LN100323,2022-10-01,Current,124750.09,0,2022-10-08,Servicer_Feed
LN100992,2021-04-01,Current,398433.8,0,2020-12-01,Servicer_Feed
LN100365,2023-12-01,Current,99178.49,0,2023-12-03,Servicer_Feed
LN100904,2022-10-01,Current,475445.93,0,2022-10-08,Servicer_Feed
LN101591,2024-01-01,Current,153343.25,0,2024-01-02,Servicer_Feed
LN100117,2024-12-01,Current,139805.56,0,2024-12-01,Servicer_Feed
LN101896,2022-05-01,Current,179594.76,0,2022-05-05,Servicer_Feed
LN100886,2023-06-01,Current,189281.86,0,2023-06-03,Servicer_Feed
LN101488,2023-02-01,Current,111966.32,0,2022-10-01,Servicer_Feed
LN100469,2022-12-01,Current,177303.15,0,2022-12-05,Servicer_Feed
LN100875,2024-07-01,Current,243033.95,0,2024-07-08,Servicer_Feed
LN100737,2021-11-01,Current,211498.8519145837,0,2021-11-03,Servicer_Feed
LN101230,2023-08-01,Current,235426.49,0,2023-08-03,Servicer_Feed
LN100117,2021-04-01,Current,168414.05,0,2021-04-08,Servicer_Feed
LN101828,2024-03-01,Current,396710.96,0,2023-11-01,Servicer_Feed
LN101625,2024-02-01,Current,103380.27635728949,0,2024-02-08,Servicer_Feed
LN100152,2022-10-01,Current,213657.49,0,2022-10-06,Servicer_Feed
LN101358,2020-10-01,Current,193325.88,0,2020-10-05,Servicer_Feed
LN100874,2022-06-01,Current,186428.34,0,2022-06-10,Servicer_Feed
LN101288,2021-08-01,Current,148535.42,0,2021-04-01,Servicer_Feed
LN100514,2024-05-01,Current,180075.67,0,2024-01-01,Servicer_Feed
LN101974,2022-11-01,Current,303464.65,0,2022-11-02,Servicer_Feed
LN101559,2024-01-01,Current,104472.5,0,2024-01-06,Servicer_Feed
LN100447,2024-08-01,Current,142255.17,0,2024-08-06,Servicer_Feed
LN101206,2022-01-01,Current,299810.54,0,2022-01-08,Servicer_Feed
LN101169,2023-04-01,Current,219333.24,0,2023-04-01,Servicer_Feed
LN100142,2022-12-01,Current,157849.27,0,2022-12-03,Servicer_Feed
LN100393,2023-02-01,Current,204377.07,0,2023-02-10,Servicer_Feed
LN100181,2021-09-01,Current,491886.58887522575,0,2021-09-03,Servicer_Feed
LN100067,2023-04-01,Current,230070.73,0,2023-04-03,Servicer_Feed
LN101265,2023-03-01,Current,313772.45,0,2023-03-09,Servicer_Feed
LN100275,2021-02-01,Current,390373.2218073785,0,2021-02-08,Servicer_Feed
LN100290,2021-09-01,Current,154276.9584839931,0,2021-09-03,Servicer_Feed
LN100553,2022-06-01,Current,261557.38,0,2022-06-01,Servicer_Feed
LN101132,2023-08-01,Current,225454.76,0,2023-08-06,Servicer_Feed
LN101097,2024-07-01,Current,306934.74,0,2024-07-01,Servicer_Feed
LN100725,2023-04-01,Current,195910.85,0,2023-04-01,Servicer_Feed
LN100009,2024-05-01,Current,150688.11,0,2024-05-02,Servicer_Feed
LN100686,2024-04-01,Current,232793.4,0,2024-04-04,Servicer_Feed
LN100401,2024-06-01,Current,123272.18,0,2024-06-09,Servicer_Feed
LN101095,2024-11-01,Current,108335.22,0,2024-11-01,Servicer_Feed
LN100163,2022-10-01,Current,328734.5,0,2022-06-01,Servicer_Feed
LN100687,2022-04-01,Current,225167.2,0,2022-04-08,Servicer_Feed
LN100491,2021-03-01,Current,191118.0,0,2021-03-01,Servicer_Feed
LN100755,2023-05-01,Current,214132.68,0,2023-05-10,Servicer_Feed
LN100211,2024-06-01,Current,197448.65,0,2024-06-05,Servicer_Feed
LN101795,2023-10-01,Current,311154.03853437485,0,2023-10-05,Servicer_Feed
LN100726,2020-12-01,Current,604673.4896793867,0,2020-12-09,Servicer_Feed
LN101452,2024-10-01,Current,181792.06,0,2024-10-10,Servicer_Feed
LN100029,2023-01-01,Current,99417.81483307586,0,2023-01-07,Servicer_Feed
LN101654,2023-04-01,Current,83100.53,0,2023-04-04,Servicer_Feed
LN101651,2021-01-01,Prepaid,482031.96634640597,0,2021-01-07,Servicer_Feed
LN101920,2023-10-01,Current,169744.25538395022,0,2023-10-09,Servicer_Feed
LN101380,2023-02-01,Current,207570.86,0,2023-02-02,Servicer_Feed
LN100110,2021-07-01,Current,478230.67,0,2021-07-05,Servicer_Feed
LN101554,2024-06-01,Current,240208.1,0,2024-06-06,Servicer_Feed
LN100996,2020-02-01,Current,189649.51,0,2020-02-04,Servicer_Feed
LN101527,2024-01-01,Current,114251.57,0,2024-01-08,Servicer_Feed
LN101689,2022-05-01,Current,138961.14,0,2022-05-05,Servicer_Feed
LN101984,2023-05-01,Current,469193.4474810052,0,2023-05-08,Servicer_Feed
LN101579,2022-07-01,Current,318488.41,0,2022-07-06,Servicer_Feed
LN101892,2023-03-01,30DPD,273187.06,30,2023-03-08,Servicer_Feed
LN101994,2024-03-01,Current,186284.23,0,2024-03-08,Servicer_Feed
LN100149,2020-07-01,Current,219265.43,0,2020-03-01,Servicer_Feed
LN101006,2023-03-01,Current,126484.73,0,2023-03-05,Servicer_Feed
LN101579,2023-02-01,Current,317361.71535421134,0,2023-02-07,Servicer_Feed
LN101380,2021-12-01,Current,218204.8,0,2021-12-10,Servicer_Feed
LN101010,2023-08-01,Current,109348.15,0,2023-04-01,Servicer_Feed
LN101569,2023-05-01,Current,221229.00823771383,0,2023-05-01,Servicer_Feed
LN100627,2024-02-01,Current,180450.94,0,2024-02-10,Servicer_Feed
LN101440,2022-09-01,Current,528982.2,0,2022-09-03,Servicer_Feed
LN100743,2023-08-01,Current,286617.3231019818,0,2023-08-09,Servicer_Feed
LN101445,2023-08-01,Current,234320.36122051682,0,2023-08-03,Servicer_Feed
LN101025,2022-04-01,Current,201859.94,0,2021-12-01,Servicer_Feed
LN100881,2022-12-01,Current,193003.02,0,2022-08-01,Servicer_Feed
LN101564,2022-07-01,Current,399583.93,0,2022-07-10,Servicer_Feed
LN101337,2023-01-01,Current,482050.7,0,2023-01-09,Servicer_Feed
LN100326,2020-01-01,Current,429319.57,0,2020-01-10,Servicer_Feed
LN100591,2020-01-01,Current,133323.64216288363,0,2020-01-04,Servicer_Feed
LN100521,2020-11-01,Current,247707.5,0,2020-11-05,Servicer_Feed
LN101314,2020-10-01,Current,450411.35328074725,0,2020-10-10,Servicer_Feed
LN101472,2022-02-01,Current,383735.81,0,2022-02-07,Servicer_Feed
LN100328,2024-08-01,Current,158453.33,0,2024-08-06,Servicer_Feed
LN100028,2024-06-01,Current,394104.4091709849,0,2024-06-07,Servicer_Feed
LN100641,2023-02-01,Current,365994.03,0,2023-02-10,Servicer_Feed
LN101672,2023-05-01,Current,346305.96,0,2023-05-07,Servicer_Feed
LN100329,2023-10-01,Current,318783.86,0,2023-10-10,Servicer_Feed
LN101228,2024-08-01,Current,506740.48,0,2024-08-02,Servicer_Feed
LN101376,2022-03-01,Current,228823.26,0,2021-11-01,Servicer_Feed
LN101451,2019-09-01,Current,347196.89,0,2019-09-10,Servicer_Feed
LN101091,2023-09-01,Current,341807.39,0,2023-05-01,Servicer_Feed
LN101944,2024-04-01,Current,160593.77,0,2023-12-01,Servicer_Feed
LN100832,2024-02-01,Current,371662.2559991156,0,2024-02-04,Servicer_Feed
LN101171,2024-02-01,Current,237979.47,0,2024-02-09,Servicer_Feed
LN100677,2021-03-01,Current,214855.39,0,2021-03-02,Servicer_Feed
LN101066,2023-07-01,Current,193543.18,0,2023-07-03,Servicer_Feed
LN101293,2024-11-01,Current,229148.93,0,2024-07-01,Servicer_Feed
LN101170,2020-05-01,Current,547479.01,0,2020-05-07,Servicer_Feed
LN101226,2024-09-01,Current,384935.28,0,2024-09-01,Servicer_Feed
LN100427,2023-10-01,Current,276010.6681609215,0,2023-10-02,Servicer_Feed
LN100651,2021-06-01,Current,206984.17,0,2021-06-10,Servicer_Feed
LN100501,2023-12-01,Current,451589.62,0,2023-08-01,Servicer_Feed
LN101476,2019-08-01,Current,123640.46,0,2019-08-08,Servicer_Feed
LN101293,2024-12-01,Current,255770.43824621328,0,2024-12-02,Servicer_Feed
LN100196,2023-08-01,Current,489263.18,0,2023-08-06,Servicer_Feed
LN100919,2023-10-01,Current,135405.2679673064,0,2023-10-04,Servicer_Feed
LN101626,2022-12-01,Current,272236.54,0,2022-12-05,Servicer_Feed
LN101685,2024-11-01,Current,185555.0,0,2024-07-01,Servicer_Feed
LN100123,2023-02-01,Current,501583.45,0,2022-10-01,Servicer_Feed
LN101816,2021-08-01,Current,158610.1,0,2021-08-10,Servicer_Feed
LN101565,2024-01-01,90DPD,210348.44,95,2023-09-01,Servicer_Feed
LN100881,2023-10-01,Current,190032.56,0,2023-10-03,Servicer_Feed
LN100313,2023-11-01,Current,270744.92,0,2023-11-05,Servicer_Feed
LN100947,2020-10-01,Current,214464.95641712836,0,2020-10-02,Servicer_Feed
LN101508,2019-11-01,Current,189155.63,0,2019-07-01,Servicer_Feed
LN101014,2024-02-01,Current,89822.96,0,2024-02-10,Servicer_Feed
LN101132,2021-05-01,Current,235719.25,0,2021-05-04,Servicer_Feed
LN101028,2022-07-01,Current,173865.34,0,2022-07-02,Servicer_Feed
LN101261,2023-12-01,Current,70033.23,0,2023-12-05,Servicer_Feed
LN101045,2021-10-01,Current,335826.89,0,2021-10-04,Servicer_Feed
LN101635,2021-07-01,Current,188823.34,0,2021-07-01,Servicer_Feed
LN101682,2023-01-01,Current,234970.88045721958,0,2023-01-05,Servicer_Feed
LN100421,2023-06-01,Current,250846.41886600424,0,2023-06-01,Servicer_Feed
LN100169,2023-12-01,Current,199587.25,0,2023-12-04,Servicer_Feed
LN100776,2024-01-01,Current,138557.83,0,2024-01-02,Servicer_Feed
LN101677,2021-01-01,Current,168157.29,0,2021-01-09,Servicer_Feed
LN101320,2023-03-01,Current,184741.69,0,2023-03-02,Servicer_Feed
LN100436,2023-01-01,Current,231710.7,0,2023-01-05,Servicer_Feed
LN101648,2023-06-01,Current,188817.5,0,2023-02-01,Servicer_Feed
LN101494,2024-08-01,Current,187133.8,0,2024-08-09,Servicer_Feed
LN100583,2022-07-01,Current,124229.65,0,2022-07-01,Servicer_Feed
LN101758,2020-05-01,Current,141864.89,0,2020-05-10,Servicer_Feed
LN100230,2024-09-01,Current,181190.69,0,2024-05-01,Servicer_Feed
LN101831,2023-12-01,Current,364277.49,0,2023-12-03,Servicer_Feed
LN101674,2021-03-01,Current,209984.04,0,2021-03-09,Servicer_Feed
LN100275,2020-05-01,Current,372859.68,0,2020-05-03,Servicer_Feed
LN101159,2020-07-01,Prepaid,173717.02,0,2020-07-06,Servicer_Feed
LN100860,2021-04-01,Current,202300.4720778179,0,2021-04-05,Servicer_Feed
LN101236,2023-11-01,Current,338743.77,0,2023-07-01,Servicer_Feed
LN101622,2024-02-01,Current,490747.69,0,2024-02-06,Servicer_Feed
LN100120,2020-09-01,Current,173533.96,0,2020-09-06,Servicer_Feed
LN100931,2024-03-01,Current,74745.85,0,2024-03-01,Servicer_Feed
LN101474,2024-05-01,Current,344635.83,0,2024-05-09,Servicer_Feed
LN101364,2024-07-01,Current,164321.86,0,2024-07-04,Servicer_Feed
LN100818,2024-01-01,Current,165094.5,0,2024-01-06,Servicer_Feed
LN101251,2023-05-01,Current,258113.83,0,2023-05-07,Servicer_Feed
LN100174,2020-11-01,Current,118781.23,0,2020-07-01,Servicer_Feed
LN100344,2024-05-01,Current,265482.07,0,2024-01-01,Servicer_Feed
LN100434,2023-07-01,Current,691733.76,0,2023-07-10,Servicer_Feed
LN101562,2021-12-01,Current,120384.44824407746,0,2021-12-10,Servicer_Feed
LN101183,2022-02-01,Current,270685.89,0,2022-02-10,Servicer_Feed
LN100886,2023-12-01,Current,187660.77,0,2023-08-01,Servicer_Feed
LN100493,2022-03-01,Current,135078.99,0,2022-03-02,Servicer_Feed
LN101691,2023-10-01,Current,298305.21,0,2023-10-06,Servicer_Feed
LN101833,2020-12-01,Current,201780.38,0,2020-12-02,Servicer_Feed
LN101906,2023-04-01,Current,441050.04,0,2023-04-07,Servicer_Feed
LN101306,2024-11-01,Current,454738.44,0,2024-11-05,Servicer_Feed
LN101886,2022-09-01,Current,271066.81,0,2022-09-05,Servicer_Feed
LN101574,2019-11-01,Current,187953.58,0,2019-11-01,Servicer_Feed
LN101514,2020-06-01,Current,204859.05,0,2020-06-09,Servicer_Feed
LN100359,2022-12-01,Current,85441.06,0,2022-12-07,Servicer_Feed
LN101888,2023-01-01,Current,235223.04,0,2023-01-06,Servicer_Feed
LN101186,2022-10-01,Current,266211.6178015428,0,2022-10-03,Servicer_Feed
LN101219,2020-10-01,Current,198934.44,0,2020-10-01,Servicer_Feed
LN101058,2020-10-01,Current,277043.29,0,2020-10-05,Servicer_Feed
LN101300,2022-02-01,Current,265533.18,0,2022-02-07,Servicer_Feed
LN100048,2024-06-01,Current,442771.44,0,2024-06-04,Servicer_Feed
LN100966,2024-07-01,Current,265467.21,0,2024-07-08,Servicer_Feed
LN101914,2023-05-01,Current,288590.31,0,2023-05-07,Servicer_Feed
LN100875,2022-04-01,Current,253308.87,0,2021-12-01,Servicer_Feed
LN101181,2020-02-01,Current,240265.19,0,2020-02-04,Servicer_Feed
LN101643,2022-07-01,Current,409008.54,0,2022-07-01,Servicer_Feed
LN100341,2020-12-01,Current,193604.58,0,2020-12-01,Servicer_Feed
LN100048,2024-08-01,Current,441312.23,0,2024-08-07,Servicer_Feed
LN100521,2024-02-01,Current,233500.74,0,2024-02-07,Servicer_Feed
LN100501,2024-01-01,Current,450884.01,0,2024-01-06,Servicer_Feed
LN100016,2024-07-01,Current,68744.18,0,2024-03-01,Servicer_Feed
LN101323,2022-09-01,Current,345670.96,0,2022-05-01,Servicer_Feed
LN100766,2021-06-01,Current,550219.92,0,2021-06-09,Servicer_Feed
LN100122,2019-02-01,Current,307930.14,0,2019-02-07,Servicer_Feed
LN100456,2021-03-01,Current,118629.72,0,2021-03-08,Servicer_Feed
LN101833,2023-11-01,Current,190805.73,0,2023-11-04,Servicer_Feed
LN101647,2020-05-01,Current,195297.07,0,2020-05-04,Servicer_Feed
LN101468,2021-08-01,Current,91792.03,0,2021-08-10,Servicer_Feed
LN100379,2023-08-01,Current,156245.13,0,2023-08-06,Servicer_Feed
LN101558,2020-10-01,Current,420989.03,0,2020-10-08,Servicer_Feed
LN100625,2024-05-01,Current,312698.53,0,2024-05-04,Servicer_Feed
LN100806,2019-07-01,Current,73657.81,0,2019-03-01,Servicer_Feed
LN100131,2023-08-01,Current,139333.69,0,2023-08-10,Servicer_Feed
LN101508,2019-08-01,Current,190037.54,0,2019-08-09,Servicer_Feed
LN101503,2020-01-01,Current,526304.2181244151,0,2020-01-06,Servicer_Feed
LN100304,2023-05-01,Current,162953.85,0,2023-05-10,Servicer_Feed
LN101661,2023-01-01,Current,258734.92,0,2023-01-09,Servicer_Feed
LN101485,2022-02-01,Current,243740.28,0,2022-02-09,Servicer_Feed
LN101615,2020-06-01,Current,269855.45,0,2020-06-03,Servicer_Feed
LN100868,2022-09-01,Current,286891.07,0,2022-09-02,Servicer_Feed
LN100539,2023-02-01,Current,63123.7,0,2023-02-07,Servicer_Feed
LN101783,2021-11-01,Current,235830.36,0,2021-07-01,Servicer_Feed
LN100302,2021-10-01,Current,131594.26,0,2021-10-07,Servicer_Feed
LN101086,2023-09-01,Current,346347.78,0,2023-09-09,Servicer_Feed
LN100103,2024-07-01,Current,508937.69663195737,0,2024-07-07,Servicer_Feed
LN100499,2024-03-01,Current,342550.84,0,2024-03-10,Servicer_Feed
LN100184,2023-09-01,Current,188648.23,0,2023-09-07,Servicer_Feed
LN100187,2023-07-01,Current,475109.7223237597,0,2023-07-07,Servicer_Feed
LN100064,2020-02-01,Current,101320.28,0,2020-02-01,Servicer_Feed
LN101452,2023-06-01,Current,186989.87,0,2023-06-06,Servicer_Feed
LN101923,2023-02-01,Current,231971.1,0,2023-02-07,Servicer_Feed
LN101864,2021-10-01,Current,307769.65,0,2021-10-04,Servicer_Feed
LN101044,2024-12-01,30DPD,221495.63,30,2024-12-10,Servicer_Feed
LN101445,2023-03-01,Current,173247.13,0,2023-03-08,Servicer_Feed
LN101562,2021-01-01,Current,161929.88,0,2021-01-07,Servicer_Feed
LN100537,2019-07-01,Current,284581.14,0,2019-07-05,Servicer_Feed
LN100875,2021-04-01,Current,258114.37,0,2021-04-02,Servicer_Feed
LN101323,2024-05-01,30DPD,335020.95,30,2024-05-04,Servicer_Feed
LN100068,2023-11-01,Current,400136.28,0,2023-11-01,Servicer_Feed
LN101660,2024-11-01,Current,385189.78,0,2024-11-09,Servicer_Feed
LN100388,2023-08-01,30DPD,186107.45,30,2023-08-03,Servicer_Feed
LN101241,2023-05-01,Current,260943.48,0,2023-05-09,Servicer_Feed
LN101837,2024-05-01,Current,218408.76,0,2024-05-01,Servicer_Feed
LN101181,2021-07-01,30DPD,234319.08,30,2021-07-09,Servicer_Feed
LN100358,2024-08-01,Current,306197.0,0,2024-08-06,Servicer_Feed
LN101811,2023-08-01,Current,594965.54,0,2023-04-01,Servicer_Feed
LN101968,2020-03-01,Current,187870.89,0,2020-03-02,Servicer_Feed
LN101527,2020-11-01,Current,121564.49,0,2020-11-05,Servicer_Feed
LN101410,2023-07-01,Default,195172.72,150,2023-07-07,Servicer_Feed
LN101251,2021-10-01,Current,249292.91,0,2024-03-01,Servicer_Feed
LN100469,2022-09-01,Current,178144.06,0,2022-09-04,Servicer_Feed
LN101738,2022-02-01,Current,196294.14,0,2022-02-06,Servicer_Feed
LN101372,2023-05-01,Current,293374.82,0,2023-05-10,Servicer_Feed
LN101224,2023-09-01,Current,145498.03,0,2023-09-09,Servicer_Feed
LN101289,2022-06-01,Current,220799.37,0,2022-02-01,Servicer_Feed
LN101074,2023-05-01,Current,407367.76,0,2023-05-10,Servicer_Feed
LN101930,2019-04-01,Current,321024.12,0,2019-04-04,Servicer_Feed
LN101390,2019-09-01,Current,640568.46,0,2019-09-02,Servicer_Feed
LN100831,2020-04-01,Current,167344.65,0,2020-04-07,Servicer_Feed
LN101446,2020-03-01,Current,187768.5,0,2020-03-02,Servicer_Feed
LN101161,2022-09-01,Current,110685.64,0,2022-09-01,Servicer_Feed
LN100014,2021-05-01,Current,270263.8,0,2021-01-01,Servicer_Feed
LN101941,2020-09-01,Current,362909.97,0,2020-09-01,Servicer_Feed
LN100028,2022-11-01,Current,346858.17,0,2022-11-07,Servicer_Feed
LN100998,2021-03-01,Current,278724.26,0,2021-03-09,Servicer_Feed
LN101529,2024-09-01,Current,389839.21,0,2024-05-01,Servicer_Feed
LN101474,2023-12-01,Current,347522.26,0,2023-12-01,Servicer_Feed
LN100450,2023-03-01,Current,464095.77,0,2023-03-10,Servicer_Feed
LN101853,2022-03-01,Current,299017.88,0,2022-03-09,Servicer_Feed
LN100096,2024-02-01,Current,131576.22,0,2023-10-01,Servicer_Feed
LN100636,2021-06-01,Current,295419.01,0,2021-06-10,Servicer_Feed
LN101352,2021-02-01,Current,143690.29,0,2020-10-01,Servicer_Feed
LN100590,2022-02-01,Current,117288.0,0,2022-02-08,Servicer_Feed
LN101255,2023-11-01,Current,199244.0,0,2023-11-05,Servicer_Feed
LN101513,2022-01-01,Current,136556.65,0,2021-09-01,Servicer_Feed
LN101367,2022-06-01,Current,248504.79,0,2022-06-09,Servicer_Feed
LN100215,2022-03-01,Current,136153.09,0,2022-03-03,Servicer_Feed
LN100018,2024-06-01,Current,114122.0417174655,0,2024-06-06,Servicer_Feed
LN100120,2020-10-01,Current,433642.2397604466,0,2020-10-03,Servicer_Feed
LN100766,2022-02-01,Current,1360012.5877357717,0,2022-02-01,Servicer_Feed
LN101538,2022-02-01,Current,614328.1785966492,0,2022-02-05,Servicer_Feed
LN100094,2019-07-01,Current,308879.96,0,2019-07-04,Servicer_Feed
LN101143,2023-05-01,Current,189288.46,0,2023-05-05,Servicer_Feed
LN101499,2023-07-01,Current,261700.68,0,2023-07-05,Servicer_Feed
LN101632,2023-03-01,Current,71912.6,0,2022-11-01,Servicer_Feed
LN100008,2022-11-01,Current,297769.26,0,2022-11-09,Servicer_Feed
LN101770,2024-11-01,Current,268111.98,0,2024-11-02,Servicer_Feed
LN100275,2021-08-01,Current,364214.43,0,2021-08-01,Servicer_Feed
LN101984,2021-09-01,Current,430877.11,0,2021-09-03,Servicer_Feed
LN101906,2022-02-01,Current,378670.0728499359,0,2022-02-06,Servicer_Feed
LN101908,2021-09-01,Current,458730.78,0,2021-09-04,Servicer_Feed
LN101308,2023-02-01,Current,76020.94,0,2022-10-01,Servicer_Feed
LN101337,2024-12-01,Current,462627.43,0,2024-12-10,Servicer_Feed
LN100831,2023-07-01,Current,157123.58,0,2023-07-09,Servicer_Feed
LN101758,2023-12-01,Current,133871.7,0,2023-12-09,Servicer_Feed
LN100463,2021-07-01,Current,222135.39,0,2021-07-08,Servicer_Feed
LN101321,2023-12-01,Current,523472.78,0,2023-12-06,Servicer_Feed
LN101867,2024-09-01,Current,211213.82,0,2024-09-04,Servicer_Feed
LN101451,2024-02-01,30DPD,318661.26,30,2024-02-04,Servicer_Feed
LN101644,2021-01-01,Current,147548.75,0,2021-01-04,Servicer_Feed
LN101289,2022-11-01,Current,218965.46,0,2022-11-03,Servicer_Feed
LN101026,2023-12-01,Current,246655.03,0,2023-12-10,Servicer_Feed
LN101068,2023-10-01,Current,101936.17,0,2023-10-02,Servicer_Feed
LN100382,2023-07-01,Prepaid,360406.73,0,2023-07-02,Servicer_Feed
LN101267,2024-09-01,Current,426909.23,0,2024-05-01,Servicer_Feed
LN101997,2022-09-01,Current,130157.95,0,2022-09-10,Servicer_Feed
LN101900,2024-03-01,Current,174986.79,0,2023-11-01,Servicer_Feed
LN101297,2020-03-01,Current,223683.77,0,2020-03-04,Servicer_Feed
LN100922,2019-12-01,Current,225432.13,0,2019-12-09,Servicer_Feed
LN100031,2024-06-01,Current,355862.6,0,2024-06-09,Servicer_Feed
LN101190,2023-10-01,Current,265417.06,0,2023-10-02,Servicer_Feed
LN101574,2022-06-01,Current,178773.59,0,2022-06-06,Servicer_Feed
LN100185,2022-07-01,Current,261410.62,0,2022-07-10,Servicer_Feed
LN101129,2024-11-01,Current,189945.652853692,0,2024-11-08,Servicer_Feed
LN100331,2022-01-01,Current,308219.27,0,2022-01-08,Servicer_Feed
LN100180,2022-12-01,Current,263651.588421103,0,2022-12-03,Servicer_Feed
LN101519,2023-06-01,Current,141196.71,0,2023-02-01,Servicer_Feed
LN101485,2021-03-01,Current,248133.25,0,2020-11-01,Servicer_Feed
LN101688,2024-04-01,Current,213177.12,0,2024-04-03,Servicer_Feed
LN101836,2019-06-01,Current,288235.37,0,2019-06-02,Servicer_Feed
LN100208,2022-09-01,Current,227178.42,0,2022-09-08,Servicer_Feed
LN100208,2020-01-01,Current,239285.45,0,2020-01-05,Servicer_Feed
LN101800,2023-12-01,Current,235353.25,0,2023-12-02,Servicer_Feed
LN101270,2023-06-01,Current,154293.41,0,2023-02-01,Servicer_Feed
LN101561,2022-05-01,Current,222076.18,0,2022-05-06,Servicer_Feed
LN100134,2023-08-01,Current,114374.18,0,2023-08-09,Servicer_Feed
LN101690,2023-12-01,Current,173603.23,0,2023-12-07,Servicer_Feed
LN100476,2023-08-01,Current,175762.16,0,2023-08-08,Servicer_Feed
LN101543,2022-07-01,Current,286105.12,0,2022-07-03,Servicer_Feed
LN100229,2020-04-01,Current,227788.7540820477,0,2020-04-03,Servicer_Feed
LN100848,2024-06-01,Current,173152.48,0,2024-06-06,Servicer_Feed
LN100959,2023-07-01,Current,454024.53,0,2023-07-03,Servicer_Feed
LN101647,2022-09-01,Current,186698.89,0,2022-05-01,Servicer_Feed
LN101691,2023-01-01,Current,302509.24,0,2023-01-08,Servicer_Feed
LN100516,2023-09-01,Current,236637.8,0,2023-05-01,Servicer_Feed
LN100925,2023-09-01,Current,263458.77,0,2023-09-02,Servicer_Feed
LN100301,2024-06-01,Current,89134.07,0,2024-06-01,Servicer_Feed
LN101278,2021-09-01,Current,152133.82,0,2021-09-01,Servicer_Feed
LN101372,2024-03-01,Current,288600.37,0,2024-03-04,Servicer_Feed
LN101268,2024-10-01,Current,326922.82,0,2024-06-01,Servicer_Feed
LN100543,2023-01-01,Current,191507.78,0,2023-01-04,Servicer_Feed
LN101965,2023-06-01,Current,135092.25,0,2023-06-02,Servicer_Feed
LN100145,2023-11-01,Current,255917.32,0,2023-11-01,Servicer_Feed
LN101536,2022-08-01,Current,156452.06,0,2022-08-06,Servicer_Feed
LN100724,2022-02-01,Current,189351.39034209066,0,2022-02-04,Servicer_Feed
LN101417,2020-11-01,Current,101126.42,0,2020-11-01,Servicer_Feed
LN101965,2023-04-01,Current,135978.5,0,2022-12-01,Servicer_Feed
LN101891,2022-05-01,Current,208364.92,0,2022-05-01,Servicer_Feed
LN101464,2023-10-01,Current,189024.77,0,2023-10-05,Servicer_Feed
LN100009,2023-10-01,Current,152351.42,0,2023-10-06,Servicer_Feed
LN100030,2022-06-01,Current,279681.87,0,2022-06-08,Servicer_Feed
LN101565,2023-04-01,Current,210684.31,0,2023-04-01,Servicer_Feed
LN100407,2020-11-01,Current,218859.86,0,2020-11-01,Servicer_Feed
LN100205,2020-12-01,Current,224657.2,0,2020-12-08,Servicer_Feed
LN100519,2024-06-01,Current,326872.466452522,0,2024-06-07,Servicer_Feed
LN100426,2023-08-01,Current,189265.73,0,2023-04-01,Servicer_Feed
LN101267,2024-02-01,Current,430287.3,0,2024-02-03,Servicer_Feed
LN101957,2022-05-01,Current,323465.92,0,2022-05-06,Servicer_Feed
LN101831,2022-07-01,Current,374236.49,0,2022-07-03,Servicer_Feed
LN100375,2024-08-01,Current,206452.89,0,2024-08-10,Servicer_Feed
LN101674,2021-04-01,Current,209659.63,0,2021-04-08,Servicer_Feed
LN101464,2024-06-01,Current,186445.14,0,2024-06-10,Servicer_Feed
LN100460,2021-04-01,Current,183440.77,0,2021-04-05,Servicer_Feed
LN101080,2021-11-01,Current,284375.49,0,2021-11-05,Servicer_Feed
LN101594,2022-08-01,Current,209015.98,0,2022-08-05,Servicer_Feed
LN100769,2023-04-01,Current,216921.25,0,2022-12-01,Servicer_Feed
LN100626,2023-05-01,Current,211815.61,0,2023-05-06,Servicer_Feed
LN101561,2023-02-01,Current,245013.3218061052,0,2023-02-05,Servicer_Feed
LN101413,2024-08-01,Current,296013.81,0,2024-08-05,Servicer_Feed
LN100487,2024-04-01,Current,366333.02,0,2024-04-09,Servicer_Feed
LN100695,2024-04-01,Current,339331.52410469856,0,2024-04-02,Servicer_Feed
LN100778,2023-12-01,Current,292866.02,0,2023-12-04,Servicer_Feed
LN100465,2022-01-01,Current,126910.7,0,2022-01-01,Servicer_Feed
LN101198,2020-12-01,Current,127915.83,0,2020-12-04,Servicer_Feed
LN100142,2022-02-01,Current,160391.81,0,2021-10-01,Servicer_Feed
LN101013,2023-02-01,Current,269966.14,0,2023-02-07,Servicer_Feed
LN100367,2024-03-01,Current,263871.92,0,2024-03-07,Servicer_Feed
LN101065,2023-12-01,Current,371852.61,0,2023-08-01,Servicer_Feed
LN101869,2022-12-01,Current,263863.57,0,2022-08-01,Servicer_Feed
LN101833,2020-10-01,Current,202409.74,0,2020-06-01,Servicer_Feed
LN100404,2023-07-01,Current,331643.14571797295,0,2023-07-03,Servicer_Feed
LN100695,2022-12-01,Current,262567.67,0,2022-12-08,Servicer_Feed
LN100563,2024-06-01,Current,223146.91,0,2024-06-07,Servicer_Feed
LN101112,2020-08-01,Current,563255.7785693578,0,2020-08-06,Servicer_Feed
LN100275,2021-01-01,Current,445798.7855494843,0,2021-01-02,Servicer_Feed
LN101682,2024-10-01,30DPD,179511.37,30,2024-10-03,Servicer_Feed
LN100708,2024-11-01,Current,127653.42,0,2024-11-05,Servicer_Feed
LN100282,2020-02-01,Current,337091.25,0,2020-02-03,Servicer_Feed
LN101496,2023-08-01,Current,186404.45,0,2023-04-01,Servicer_Feed
LN101258,2023-04-01,Current,290773.85,0,2023-04-06,Servicer_Feed
LN100701,2022-12-01,Current,121314.9574437886,0,2022-12-08,Servicer_Feed
LN101464,2021-12-01,Current,195974.82,0,2021-08-01,Servicer_Feed
LN101409,2021-12-01,Current,292818.57,0,2021-08-01,Servicer_Feed
LN101231,2024-03-01,Current,107013.47,0,2024-03-06,Servicer_Feed
LN100451,2024-07-01,Current,240225.2032546053,0,2024-07-08,Servicer_Feed
LN100452,2024-12-01,Current,88634.11,0,2024-12-03,Servicer_Feed
LN101956,2024-09-01,Current,318895.35,0,2024-05-01,Servicer_Feed
LN101143,2024-06-01,Current,185599.46,0,2024-06-09,Servicer_Feed
LN100514,2023-12-01,Current,181574.73,0,2023-12-03,Servicer_Feed
LN100746,2022-02-01,Current,427958.65,0,2022-02-05,Servicer_Feed
LN100122,2024-09-01,Current,276266.83,0,2024-09-01,Servicer_Feed
LN100949,2023-05-01,Current,144587.31,0,2023-05-04,Servicer_Feed
LN100530,2023-01-01,Current,213276.97731265533,0,2023-01-10,Servicer_Feed
LN100732,2024-02-01,Current,347581.03,0,2024-02-07,Servicer_Feed
LN101725,2023-08-01,Current,110406.06,0,2023-08-02,Servicer_Feed
LN100503,2021-03-01,Current,288962.13,0,2020-11-01,Servicer_Feed
LN100540,2023-11-01,Current,162290.12,0,2023-11-08,Servicer_Feed
LN101250,2022-11-01,Current,228885.83,0,2022-07-01,Servicer_Feed
LN100385,2021-07-01,Current,188078.43,0,2021-07-05,Servicer_Feed
LN100365,2022-08-01,Current,101717.22,0,2022-04-01,Servicer_Feed
LN100271,2021-04-01,Current,648379.58,0,2021-04-02,Servicer_Feed
LN100266,2024-04-01,Current,199641.02768323317,0,2024-04-05,Servicer_Feed
LN100326,2022-06-01,Current,410135.51,0,2022-06-03,Servicer_Feed
LN101809,2023-10-01,Current,405115.51,0,2023-10-10,Servicer_Feed
LN101652,2021-10-01,Current,122024.28,0,2021-10-08,Servicer_Feed
LN101853,2024-01-01,Current,277968.52,0,2024-01-02,Servicer_Feed
LN100797,2020-12-01,Current,268524.96,0,2020-12-05,Servicer_Feed
LN101851,2023-09-01,Current,182665.64,0,2023-09-02,Servicer_Feed
LN101561,2021-11-01,Current,224293.12,0,2021-11-06,Servicer_Feed
LN101457,2023-01-01,Current,207876.51,0,2023-01-09,Servicer_Feed
LN100655,2022-08-01,Current,659009.237894512,0,2022-08-05,Servicer_Feed
LN101060,2022-12-01,Current,151092.06,0,2022-12-01,Servicer_Feed
LN101001,2020-12-01,Current,296198.5791746777,0,2020-12-08,Servicer_Feed
LN100092,2020-06-01,Current,71165.29339786232,0,2020-06-05,Servicer_Feed
LN100736,2021-12-01,Current,246523.84,0,2021-12-07,Servicer_Feed
LN101801,2023-05-01,Prepaid,137627.39,0,2023-05-09,Servicer_Feed
LN100586,2023-06-01,Current,255452.34449395628,0,2023-06-07,Servicer_Feed
LN100766,2021-07-01,Current,549372.24,0,2021-07-10,Servicer_Feed
LN100476,2023-01-01,Current,177911.79,0,2023-01-08,Servicer_Feed
LN100833,2023-11-01,Current,274133.62,0,2023-11-02,Servicer_Feed
LN100767,2022-08-01,Current,290830.3371089642,0,2022-08-04,Servicer_Feed
LN100146,2024-09-01,Current,171867.64,0,2024-09-02,Servicer_Feed
LN100094,2023-12-01,Current,282842.76,0,2023-12-09,Servicer_Feed
LN100631,2019-11-01,Current,272666.1,0,2019-11-09,Servicer_Feed
LN100994,2024-02-01,Current,312667.2225124267,0,2024-02-08,Servicer_Feed
LN101869,2022-04-01,Current,267381.61,0,2021-12-01,Servicer_Feed
LN100110,2024-01-01,Current,455179.61,0,2024-01-04,Servicer_Feed
LN101907,2022-03-01,Current,370025.9461957045,0,2022-03-01,Servicer_Feed
LN101165,2021-10-01,Current,293314.2795928637,0,2021-10-04,Servicer_Feed
LN101953,2024-06-01,Current,159046.37,0,2024-02-01,Servicer_Feed
LN100731,2024-07-01,Current,214243.66,0,2024-07-06,Servicer_Feed
LN101074,2021-03-01,Current,619154.2889803068,0,2021-03-07,Servicer_Feed
LN100456,2020-08-01,Current,119917.02,0,2020-04-01,Servicer_Feed
LN100863,2024-05-01,Current,440166.21,0,2024-05-02,Servicer_Feed
LN100494,2023-05-01,Current,418968.12065538135,0,2023-05-05,Servicer_Feed
LN101847,2023-07-01,Current,265660.83,0,2023-07-05,Servicer_Feed
LN100315,2022-07-01,Current,236857.68,0,2022-03-01,Servicer_Feed
LN100922,2021-03-01,Current,261582.25826332517,0,2021-03-05,Servicer_Feed
LN100146,2024-11-01,Current,170248.65,0,2024-07-01,Servicer_Feed
LN100343,2022-11-01,30DPD,189436.26,30,2022-07-01,Servicer_Feed
LN100652,2020-05-01,Current,154244.63,0,2020-05-10,Servicer_Feed
LN101198,2024-01-01,Current,120385.12,0,2024-01-05,Servicer_Feed
LN101846,2022-03-01,Current,308042.64,0,2022-03-07,Servicer_Feed
LN100225,2021-11-01,Current,342422.52662558673,0,2021-11-07,Servicer_Feed
LN100637,2022-09-01,Current,326322.26,0,2022-09-03,Servicer_Feed
LN101513,2019-03-01,Current,157952.58938593458,0,2019-03-05,Servicer_Feed
LN101975,2023-05-01,Current,107072.95,0,2023-05-05,Servicer_Feed
LN101210,2021-11-01,Current,196421.8,0,2021-11-01,Servicer_Feed
LN101146,2023-10-01,Current,210357.41,0,2023-10-09,Servicer_Feed
LN101192,2024-06-01,Current,265368.52,0,2024-06-04,Servicer_Feed
LN101834,2020-10-01,Current,328788.43,0,2020-10-10,Servicer_Feed
LN101089,2024-10-01,Current,322507.32618784945,0,2024-10-07,Servicer_Feed
LN101428,2024-02-01,Current,204937.23,0,2023-10-01,Servicer_Feed
LN101640,2024-04-01,Current,232662.24,0,2024-04-08,Servicer_Feed
LN100204,2023-11-01,Current,175992.99,0,2023-11-06,Servicer_Feed
LN101081,2022-11-01,Current,425741.82,0,2022-07-01,Servicer_Feed
LN100113,2022-08-01,Current,189165.41192063544,0,2022-08-08,Servicer_Feed
LN100094,2020-05-01,Current,404727.8752017633,0,2020-05-09,Servicer_Feed
LN100372,2024-10-01,Current,383000.14,0,2024-10-05,Servicer_Feed
LN101604,2023-01-01,Current,155375.22,0,2022-09-01,Servicer_Feed
LN101748,2021-04-01,Current,284912.51,0,2021-04-06,Servicer_Feed
LN100717,2023-04-01,Current,175979.1465049091,0,2023-04-10,Servicer_Feed
LN100553,2023-07-01,Current,255644.26,0,2023-07-10,Servicer_Feed
LN101488,2023-06-01,Current,111177.63,0,2023-06-04,Servicer_Feed
LN100726,2019-11-01,Current,304710.7380224562,0,2019-11-08,Servicer_Feed
LN100342,2024-11-01,Current,374781.2508573774,0,2024-11-04,Servicer_Feed
LN101342,2022-08-01,Current,362975.62,0,2022-08-07,Servicer_Feed
LN100024,2023-06-01,30DPD,268157.91,30,2023-06-03,Servicer_Feed
LN100572,2024-03-01,Current,361302.1,0,2024-03-09,Servicer_Feed
LN100137,2023-11-01,Current,146443.8,0,2023-11-01,Servicer_Feed
LN101713,2021-11-01,Current,485122.66,0,2021-11-06,Servicer_Feed
LN101452,2020-09-01,Current,197354.02,0,2020-09-02,Servicer_Feed
LN101290,2024-07-01,Current,170943.62,0,2024-07-01,Servicer_Feed
LN101408,2021-10-01,Current,71939.55,0,2021-06-01,Servicer_Feed
LN101960,2024-07-01,Current,304338.43,0,2024-07-07,Servicer_Feed
LN101670,2019-12-01,Current,299460.37,0,2019-12-02,Servicer_Feed
LN101025,2022-02-01,Current,202480.75,0,2021-10-01,Servicer_Feed
LN101290,2022-07-01,Current,177471.48,0,2022-07-09,Servicer_Feed
LN100117,2023-12-01,Current,148054.94,0,2023-12-05,Servicer_Feed
LN100459,2024-06-01,Current,381200.3,0,2024-06-03,Servicer_Feed
LN101513,2020-08-01,Current,140425.76,0,2020-08-07,Servicer_Feed
LN100662,2023-04-01,Current,201363.0,0,2023-04-06,Servicer_Feed
LN101987,2022-12-01,Current,312023.62,0,2022-12-05,Servicer_Feed
LN101205,2024-10-01,Current,148168.7,0,2024-10-05,Servicer_Feed
LN100871,2022-06-01,Current,118555.22,0,2022-06-04,Servicer_Feed
LN101963,2024-07-01,Current,232928.23,0,2024-07-01,Servicer_Feed
LN101824,2024-08-01,Current,565300.66,0,2024-08-03,Servicer_Feed
LN100828,2019-01-01,Current,363046.04,0,2019-01-10,Servicer_Feed
LN101250,2020-02-01,Current,241229.14,0,2020-02-06,Servicer_Feed
LN100314,2024-04-01,Current,208583.96081469048,0,2024-04-10,Servicer_Feed
LN101717,2024-09-01,Current,263096.24,0,2024-09-03,Servicer_Feed
LN101416,2023-05-01,Current,178826.58,0,2023-01-01,Servicer_Feed
LN101351,2023-04-01,Current,210616.07,0,2023-04-05,Servicer_Feed
LN101014,2024-12-01,Current,88239.32,0,2024-12-10,Servicer_Feed
LN100013,2022-07-01,Current,103625.65,0,2022-07-05,Servicer_Feed
LN101304,2023-11-01,Current,654458.96,0,2023-11-04,Servicer_Feed
LN101441,2024-01-01,30DPD,486641.65,30,2024-01-01,Servicer_Feed
LN101652,2024-07-01,Current,108761.88,0,2024-07-09,Servicer_Feed
LN101920,2024-01-01,Current,237353.16,0,2024-01-09,Servicer_Feed
LN100480,2019-08-01,Current,233333.48,0,2019-08-06,Servicer_Feed
LN100745,2020-07-01,Current,208033.66,0,2020-03-01,Servicer_Feed
LN100481,2023-11-01,Current,341441.67,0,2023-11-05,Servicer_Feed
LN101791,2023-01-01,Current,361510.81,0,2023-01-04,Servicer_Feed
LN100536,2024-05-01,Current,315875.67,0,2024-05-07,Servicer_Feed
LN101862,2022-08-01,Current,617680.5538595362,0,2022-08-04,Servicer_Feed
LN101004,2021-07-01,Current,302670.43,0,2021-03-01,Servicer_Feed
LN100552,2023-12-01,Current,329536.47,0,2023-12-07,Servicer_Feed
LN101490,2019-11-01,Current,141892.09,0,2019-11-01,Servicer_Feed
LN101445,2024-09-01,Current,167751.87,0,2024-09-06,Servicer_Feed
LN100423,2024-05-01,Current,170693.31,0,2024-05-06,Servicer_Feed
LN100502,2024-03-01,Current,182920.01,0,2024-03-06,Servicer_Feed
LN101068,2022-11-01,Current,106656.6,0,2022-11-04,Servicer_Feed
LN101935,2024-04-01,Current,316762.32,0,2024-04-09,Servicer_Feed
LN100238,2022-08-01,Current,389683.27,0,2022-08-03,Servicer_Feed
LN100235,2024-11-01,Current,77026.02,0,2024-11-07,Servicer_Feed
LN101813,2024-07-01,Current,182318.53,0,2024-07-02,Servicer_Feed
LN100064,2020-06-01,Current,100692.95,0,2020-06-01,Servicer_Feed
LN100533,2021-06-01,Current,206346.45,0,2021-06-10,Servicer_Feed
LN101597,2024-12-01,Current,377537.47,0,2024-12-10,Servicer_Feed
LN101239,2019-11-01,Current,352933.25,0,2019-11-09,Servicer_Feed
LN100076,2024-08-01,Current,197595.91,0,2024-04-01,Servicer_Feed
LN100545,2024-07-01,Current,201242.64170708347,0,2024-07-07,Servicer_Feed
LN101667,2020-05-01,Current,249986.41,0,2020-05-10,Servicer_Feed
LN100849,2024-12-01,Current,139817.95,0,2024-12-10,Servicer_Feed
LN101561,2021-05-01,Current,226492.27,0,2021-05-03,Servicer_Feed
LN100491,2023-11-01,Current,181042.35,0,2023-11-03,Servicer_Feed
LN100613,2024-10-01,Current,258610.72,0,2024-10-08,Servicer_Feed
LN101268,2020-09-01,Current,354470.36,0,2020-09-09,Servicer_Feed
LN100526,2024-03-01,Current,220737.82,0,2023-11-01,Servicer_Feed
LN101483,2020-04-01,Current,173244.25,0,2020-04-09,Servicer_Feed
LN101034,2024-03-01,Current,212677.39,0,2024-03-05,Servicer_Feed
LN101696,2023-01-01,Current,163076.94,0,2023-01-05,Servicer_Feed
LN100433,2020-06-01,Current,155138.7,0,2020-06-02,Servicer_Feed
LN101127,2022-08-01,Current,182395.31,0,2022-08-05,Servicer_Feed
LN100852,2022-09-01,Current,350116.2,0,2022-09-10,Servicer_Feed
LN100533,2020-07-01,Current,214214.98,0,2020-07-06,Servicer_Feed
LN100406,2019-04-01,Current,255709.82,0,2019-04-02,Servicer_Feed
LN100457,2021-10-01,Current,460761.46,0,2021-06-01,Servicer_Feed
LN100456,2024-05-01,Current,111431.15,0,2024-05-07,Servicer_Feed
LN100490,2023-06-01,Current,170130.1,0,2023-06-05,Servicer_Feed
LN100391,2024-09-01,Current,121857.34079595337,0,2024-09-03,Servicer_Feed
LN101125,2022-10-01,Current,266369.65,0,2022-10-03,Servicer_Feed
LN100282,2021-06-01,30DPD,331716.68,30,2021-06-06,Servicer_Feed
LN100021,2020-04-01,Current,143821.94,0,2024-12-07,Servicer_Feed
LN101389,2023-08-01,Current,174600.86,0,2023-08-08,Servicer_Feed
LN100363,2023-03-01,Current,205636.87,0,2023-03-09,Servicer_Feed
LN101882,2021-03-01,Current,285878.58,0,2021-03-09,Servicer_Feed
LN100372,2022-07-01,Current,291322.6326916168,0,2022-07-06,Servicer_Feed
LN101235,2021-01-01,Current,169057.82,0,2021-01-02,Servicer_Feed
LN100451,2023-02-01,Current,219396.29,0,2023-02-09,Servicer_Feed
LN100422,2024-04-01,Current,364159.46,0,2023-12-01,Servicer_Feed
LN100249,2024-07-01,Current,236979.99,0,2024-07-05,Servicer_Feed
LN101335,2022-05-01,Current,400617.0,0,2022-05-10,Servicer_Feed
LN101800,2024-06-01,Current,230753.86,0,2024-06-06,Servicer_Feed
LN101393,2023-08-01,Current,205192.53,0,2023-08-09,Servicer_Feed
LN100122,2022-03-01,Current,291471.36,0,2022-03-10,Servicer_Feed
LN100645,2020-05-01,Current,327540.51,0,2020-05-09,Servicer_Feed
LN101923,2024-11-01,Current,562163.1549379944,0,2024-11-09,Servicer_Feed
LN101175,2021-02-01,Current,176389.07,0,2021-02-03,Servicer_Feed
LN100013,2021-04-01,Current,106219.74,0,2021-04-05,Servicer_Feed
LN101942,2024-10-01,Current,150148.59,0,2024-10-01,Servicer_Feed
LN100271,2021-07-01,Current,645265.54,0,2021-07-07,Servicer_Feed
LN100467,2023-10-01,Current,275362.82,0,2023-10-04,Servicer_Feed
LN101248,2024-12-01,Current,338371.18,0,2024-12-09,Servicer_Feed
LN100251,2024-07-01,Current,252397.99,0,2024-03-01,Servicer_Feed
LN101898,2024-02-01,Current,295263.3697435376,0,2024-02-07,Servicer_Feed
LN100945,2024-02-01,30DPD,174451.23,30,2024-02-02,Servicer_Feed
LN101468,2023-02-01,Current,86384.78,0,2023-02-04,Servicer_Feed
LN100632,2020-07-01,Current,306020.28,0,2020-07-03,Servicer_Feed
LN101114,2021-01-01,Current,354124.56,0,2021-01-09,Servicer_Feed
LN100090,2024-03-01,Current,128411.79,0,2024-03-09,Servicer_Feed
LN100677,2023-07-01,Current,204822.23,0,2023-03-01,Servicer_Feed
LN100500,2023-09-01,Current,754396.0448103537,0,2023-09-06,Servicer_Feed
LN101063,2023-01-01,Current,218217.7,0,2023-01-01,Servicer_Feed
LN100162,2024-08-01,Current,231673.27,0,2024-08-03,Servicer_Feed
LN100081,2021-07-01,Current,237950.87,0,2021-07-01,Servicer_Feed
LN100866,2021-06-01,Current,426386.11,0,2021-02-01,Servicer_Feed
LN100462,2022-05-01,Current,413723.13,0,2022-05-07,Servicer_Feed
LN101713,2021-01-01,Current,493052.84,0,2021-01-07,Servicer_Feed
LN100384,2023-01-01,Current,324509.71163898986,0,2023-01-08,Servicer_Feed
LN101134,2023-11-01,Current,119493.01,0,2023-11-02,Servicer_Feed
LN101593,2022-05-01,Current,396956.31,0,2022-05-01,Servicer_Feed
LN101948,2023-04-01,90DPD,124466.59,95,2023-04-09,Servicer_Feed
LN100341,2023-09-01,Current,461887.2751650482,0,2023-09-09,Servicer_Feed
LN101351,2024-02-01,Current,203506.74,0,2024-02-03,Servicer_Feed
LN100182,2024-06-01,30DPD,214278.59,30,2024-06-06,Servicer_Feed
LN100229,2021-01-01,Current,278181.32,0,2021-01-06,Servicer_Feed
LN101538,2021-03-01,Current,528228.07,0,2020-11-01,Servicer_Feed
LN100014,2021-09-01,60DPD,270263.8,60,2021-09-04,Servicer_Feed
LN100627,2024-03-01,Current,180157.3,0,2024-03-09,Servicer_Feed
LN101262,2023-10-01,60DPD,375188.14,60,2023-10-09,Servicer_Feed
LN100921,2024-03-01,Current,203642.33,0,2024-03-08,Servicer_Feed
LN100690,2023-12-01,Current,179848.95,0,2023-12-06,Servicer_Feed
LN100290,2023-01-01,Current,156379.37,0,2023-01-09,Servicer_Feed
LN100311,2020-04-01,Current,287536.32,0,2020-04-05,Servicer_Feed
LN100607,2023-10-01,Current,273712.6818587098,0,2023-10-09,Servicer_Feed
LN101760,2024-03-01,Current,476365.59,0,2023-11-01,Servicer_Feed
LN101418,2022-09-01,Current,170528.37,0,2022-09-04,Servicer_Feed
LN101774,2023-03-01,Current,226548.54,0,2023-03-09,Servicer_Feed
LN100142,2023-05-01,Current,156565.36,0,2023-05-05,Servicer_Feed
LN100937,2024-03-01,Current,156801.53,0,2024-03-10,Servicer_Feed
LN101980,2021-09-01,Current,218151.43,0,2021-09-09,Servicer_Feed
LN100763,2024-04-01,Current,147521.78,0,2023-12-01,Servicer_Feed
LN101354,2022-01-01,Current,233426.48,0,2022-01-05,Servicer_Feed
LN100018,2023-06-01,Current,161119.09,0,2023-06-09,Servicer_Feed
LN101620,2023-09-01,Current,81569.71,0,2023-09-03,Servicer_Feed
LN101409,2021-11-01,Current,293297.25,0,2021-11-01,Servicer_Feed
LN100647,2024-08-01,Current,137763.29,0,2024-08-02,Servicer_Feed
LN101889,2020-12-01,Current,221749.47,0,2020-08-01,Servicer_Feed
LN100129,2024-06-01,Current,222405.06,0,2024-06-01,Servicer_Feed
LN100832,2024-01-01,Current,177519.4,0,2024-01-02,Servicer_Feed
LN100138,2021-08-01,Current,537438.87,0,2021-08-08,Servicer_Feed
LN101699,2021-09-01,Current,140964.7275275306,0,2021-09-03,Servicer_Feed
LN100146,2021-08-01,Current,199856.32,0,2021-08-01,Servicer_Feed
LN100460,2020-05-01,Current,202185.56314362143,0,2020-05-07,Servicer_Feed
LN100230,2022-06-01,Current,189893.72,0,2022-06-08,Servicer_Feed
LN101268,2020-07-01,Current,355557.47,0,2020-07-06,Servicer_Feed
LN100829,2024-11-01,Current,152045.91,0,2024-11-01,Servicer_Feed
LN101893,2020-08-01,Current,228393.49,0,2020-04-01,Servicer_Feed
LN101505,2020-09-01,Current,429910.38,0,2020-09-09,Servicer_Feed
LN100186,2023-05-01,Current,359065.64,0,2023-05-07,Servicer_Feed
LN101325,2021-09-01,Current,123450.29319863844,0,2021-09-06,Servicer_Feed
LN100788,2024-07-01,Current,239511.8667919294,0,2024-07-02,Servicer_Feed
LN100091,2024-04-01,Current,148080.76281769152,0,2024-04-04,Servicer_Feed
LN100991,2024-03-01,Current,245898.62087497168,0,2024-03-01,Servicer_Feed
LN100866,2024-02-01,Current,404750.2,0,2024-02-08,Servicer_Feed
LN100421,2023-05-01,Current,288034.28,0,2023-05-03,Servicer_Feed
LN101225,2019-06-01,Current,570775.92,0,2019-02-01,Servicer_Feed
LN100879,2024-07-01,Current,282551.20401808573,0,2024-07-05,Servicer_Feed
LN100735,2023-02-01,Current,726251.6416295858,0,2023-02-01,Servicer_Feed
LN100060,2021-03-01,Current,152173.57,0,2021-03-03,Servicer_Feed
LN100690,2023-05-01,Current,181911.0,0,2023-05-04,Servicer_Feed
LN101652,2021-01-01,Current,113065.70305038802,0,2021-01-08,Servicer_Feed
LN100620,2022-08-01,Current,190906.5,0,2022-08-03,Servicer_Feed
LN100642,2021-12-01,Current,313016.35,0,2021-12-03,Servicer_Feed
LN101377,2024-07-01,Current,244009.02,0,2024-07-02,Servicer_Feed
LN100849,2020-12-01,Current,166345.43,0,2020-08-01,Servicer_Feed
LN100612,2022-09-01,Current,288255.27,0,2022-05-01,Servicer_Feed
LN101652,2024-05-01,Current,144064.70844237146,0,2024-05-02,Servicer_Feed
LN100455,2023-01-01,Current,177091.89,0,2022-09-01,Servicer_Feed
LN100883,2023-03-01,Current,114697.92,0,2023-03-10,Servicer_Feed
LN100893,2021-08-01,Current,269217.85,0,2021-08-01,Servicer_Feed
LN100138,2021-04-01,Current,540967.03,0,2021-04-01,Servicer_Feed
LN100567,2024-06-01,Current,236349.84,0,2024-02-01,Servicer_Feed
LN101513,2022-04-01,Current,135864.53,0,2022-04-06,Servicer_Feed
LN100187,2020-01-01,Current,391266.14,0,2020-01-07,Servicer_Feed
LN100338,2024-04-01,Current,221712.29,0,2024-04-08,Servicer_Feed
LN101909,2019-04-01,Current,136660.47,0,2019-04-10,Servicer_Feed
LN100722,2024-09-01,Current,304896.08,0,2024-09-04,Servicer_Feed
LN101362,2023-06-01,Current,140087.83,0,2023-06-05,Servicer_Feed
LN101351,2022-06-01,Current,217534.25,0,2022-06-06,Servicer_Feed
LN100061,2023-12-01,Current,128388.98347478568,0,2023-12-05,Servicer_Feed
LN101909,2020-11-01,Current,132613.6,0,2020-11-06,Servicer_Feed
LN100558,2024-12-01,Current,206877.71086538164,0,2024-12-03,Servicer_Feed
LN101542,2022-03-01,Current,275348.27,0,2022-03-10,Servicer_Feed
LN101102,2022-08-01,Current,417575.8,0,2022-08-10,Servicer_Feed
LN101553,2023-03-01,Current,223823.2665535941,0,2023-03-01,Servicer_Feed
LN101830,2023-10-01,Current,247979.86,0,2023-10-03,Servicer_Feed
LN101868,2024-08-01,Current,370146.37,0,2024-08-01,Servicer_Feed
LN100729,2021-03-01,Current,102425.92,0,2020-11-01,Servicer_Feed
LN101614,2023-04-01,Current,123215.43,0,2022-12-01,Servicer_Feed
LN101474,2022-02-01,Current,358817.27,0,2022-02-10,Servicer_Feed
LN101013,2022-12-01,60DPD,270387.42,60,2022-12-04,Servicer_Feed
LN100608,2022-10-01,Current,165244.69,0,2022-10-01,Servicer_Feed
LN100444,2024-08-01,30DPD,353180.5,30,2024-08-07,Servicer_Feed
LN100602,2024-12-01,Current,260098.56,0,2024-12-08,Servicer_Feed
LN101511,2022-03-01,Current,355395.8535245026,0,2022-03-01,Servicer_Feed
LN100023,2023-11-01,30DPD,170665.34,30,2023-11-07,Servicer_Feed
LN101799,2022-02-01,Current,344283.77,0,2022-02-09,Servicer_Feed
LN100552,2019-04-01,Current,408242.9318817471,0,2019-04-03,Servicer_Feed
LN100966,2024-10-01,Current,265017.96,0,2024-10-04,Servicer_Feed
LN101400,2022-10-01,Current,161331.8342445395,0,2022-10-03,Servicer_Feed
LN101503,2022-08-01,Current,372502.62,0,2022-08-05,Servicer_Feed
LN100410,2020-09-01,Current,208817.87,0,2020-09-10,Servicer_Feed
LN100466,2020-08-01,Current,184248.11,0,2020-08-08,Servicer_Feed
LN100475,2021-08-01,Current,787536.42,0,2021-08-07,Servicer_Feed
LN100041,2024-11-01,Current,124938.88391865024,0,2024-11-03,Servicer_Feed
LN100367,2024-07-01,Current,262025.03,0,2024-03-01,Servicer_Feed
LN100079,2022-07-01,Current,316631.64,0,2022-07-03,Servicer_Feed
LN101414,2024-02-01,Current,203677.09,0,2024-02-04,Servicer_Feed
LN101748,2023-08-01,Current,272149.9,0,2023-08-03,Servicer_Feed
LN100138,2024-08-01,Current,504785.53,0,2024-08-08,Servicer_Feed
LN101798,2024-11-01,Current,115096.06,0,2024-11-08,Servicer_Feed
LN100156,2023-11-01,Current,288437.32,0,2023-11-04,Servicer_Feed
LN101987,2024-04-01,Current,304681.46,0,2023-12-01,Servicer_Feed
LN101652,2022-06-01,Current,118836.05,0,2022-06-07,Servicer_Feed
LN101766,2022-05-01,Current,214438.55,0,2022-05-03,Servicer_Feed
LN100175,2022-05-01,Current,720356.41,0,2022-05-05,Servicer_Feed
LN100506,2022-06-01,Current,135989.22,0,2022-06-01,Servicer_Feed
LN100120,2024-08-01,Current,170294.0217508247,0,2024-08-04,Servicer_Feed
LN101707,2021-01-01,Current,221257.76,0,2021-01-10,Servicer_Feed
LN101122,2022-08-01,Current,220072.45,0,2022-08-08,Servicer_Feed
LN101902,2024-03-01,Prepaid,344099.82,0,2024-03-03,Servicer_Feed
LN100166,2024-01-01,Current,120865.99,0,2024-01-03,Servicer_Feed
LN101441,2024-07-01,30DPD,480392.45,30,2024-07-09,Servicer_Feed
LN101490,2022-05-01,Current,135092.53,0,2022-01-01,Servicer_Feed
LN100314,2022-01-01,Current,159213.28101700087,0,2022-01-02,Servicer_Feed
LN100472,2022-04-01,Current,437039.12,0,2021-12-01,Servicer_Feed
LN100742,2020-11-01,Current,165011.7308797265,0,2020-11-01,Servicer_Feed
LN100152,2024-02-01,Current,208169.2,0,2024-02-09,Servicer_Feed
LN100012,2022-08-01,Current,202820.74,0,2022-04-01,Servicer_Feed
LN100792,2024-04-01,Current,142208.21,0,2024-04-10,Servicer_Feed
LN100329,2023-07-01,Current,320363.9,0,2023-07-06,Servicer_Feed
LN101321,2024-11-01,Current,661809.5011681227,0,2024-11-03,Servicer_Feed
LN100947,2023-05-01,Current,187424.16390655714,0,2023-05-04,Servicer_Feed
LN101248,2021-10-01,Current,360029.35,0,2021-10-03,Servicer_Feed
LN100849,2021-10-01,Current,182839.3562943124,0,2021-10-10,Servicer_Feed
LN101983,2022-09-01,Current,196861.88,0,2022-05-01,Servicer_Feed
LN100267,2024-02-01,Current,116388.93,0,2024-02-08,Servicer_Feed
LN101571,2022-03-01,Current,278864.1,0,2022-03-07,Servicer_Feed
LN100642,2024-05-01,Current,222676.2366873163,0,2024-05-03,Servicer_Feed
LN101994,2024-05-01,Current,185705.01,0,2024-05-03,Servicer_Feed
LN100422,2023-10-01,Current,367539.18,0,2023-10-04,Servicer_Feed
LN101520,2024-07-01,Current,156151.01,0,2024-07-09,Servicer_Feed
LN100540,2024-10-01,Current,130950.1492625267,0,2024-10-06,Servicer_Feed
LN100546,2023-06-01,Current,609653.4202274489,0,2023-06-05,Servicer_Feed
LN101566,2021-09-01,Current,101245.51,0,2021-09-01,Servicer_Feed
LN100002,2022-03-01,Current,433379.7454611709,0,2022-03-05,Servicer_Feed
LN100545,2020-09-01,Current,223970.31,0,2020-09-09,Servicer_Feed
LN100298,2023-10-01,Current,226830.34,0,2023-06-01,Servicer_Feed
LN100909,2024-05-01,Current,274673.25,0,2024-01-01,Servicer_Feed
LN100221,2023-08-01,Current,183486.36,0,2023-08-02,Servicer_Feed
LN101363,2020-08-01,Current,176962.24,0,2020-08-02,Servicer_Feed
LN100778,2024-04-01,Current,290978.34,0,2024-04-04,Servicer_Feed
LN100363,2022-12-01,Current,206623.5,0,2022-12-10,Servicer_Feed
LN100048,2024-07-01,Current,442042.33,0,2024-07-04,Servicer_Feed
LN100993,2024-07-01,Current,161962.66,0,2024-07-06,Servicer_Feed
LN101677,2022-05-01,Current,180153.21376709413,0,2022-05-07,Servicer_Feed
LN100472,2024-12-01,Prepaid,414867.24,0,2024-12-01,Servicer_Feed
LN100078,2021-04-01,Current,170596.39125455587,0,2021-04-10,Servicer_Feed
LN100072,2019-08-01,Current,237637.4,0,2019-08-03,Servicer_Feed
LN101089,2021-06-01,Current,413186.18,0,2021-06-09,Servicer_Feed
LN101248,2022-06-01,Current,453002.8192377067,0,2022-06-07,Servicer_Feed
LN100968,2023-07-01,Current,182184.54,0,2023-07-02,Servicer_Feed
LN100122,2020-01-01,Current,304141.79,0,2020-01-09,Servicer_Feed
LN100204,2021-10-01,Current,183681.64,0,2021-10-08,Servicer_Feed
LN100717,2023-11-01,Current,198341.68,0,2023-11-09,Servicer_Feed
LN101169,2021-09-01,Current,226227.86,0,2021-09-01,Servicer_Feed
LN100996,2024-06-01,Current,173745.48,0,2024-06-02,Servicer_Feed
LN101358,2022-06-01,Current,180482.64,0,2022-02-01,Servicer_Feed
LN100639,2023-10-01,Current,141266.0,0,2023-10-05,Servicer_Feed
LN101198,2020-06-01,Current,129103.01,0,2020-02-01,Servicer_Feed
LN100639,2023-03-01,Current,142829.79,0,2023-03-08,Servicer_Feed
LN101483,2020-02-01,Current,174341.53,0,2020-02-06,Servicer_Feed
LN101570,2024-02-01,30DPD,389316.3947576341,30,2024-02-10,Servicer_Feed
LN100943,2022-06-01,Current,116682.85145256738,0,2022-06-05,Servicer_Feed
LN100477,2021-02-01,Current,167512.8799421359,0,2021-02-08,Servicer_Feed
LN101380,2023-03-01,Current,206794.24,0,2023-03-09,Servicer_Feed
LN101516,2019-08-01,Current,499503.58,0,2019-08-09,Servicer_Feed
LN100622,2023-10-01,Current,255861.55,0,2023-10-06,Servicer_Feed
LN101546,2023-08-01,Current,324018.6412836008,0,2023-08-06,Servicer_Feed
LN100317,2023-06-01,Current,401487.38,0,2023-06-10,Servicer_Feed
LN101812,2024-04-01,Current,341277.8,0,2024-04-03,Servicer_Feed
LN101901,2021-03-01,Current,232979.47,0,2021-03-01,Servicer_Feed
LN100476,2022-05-01,Current,180342.78,0,2022-01-01,Servicer_Feed
LN101696,2022-10-01,Current,173237.6993357165,0,2022-10-10,Servicer_Feed
LN101345,2024-07-01,60DPD,242801.85,60,2024-07-03,Servicer_Feed
LN100922,2019-06-01,Current,229693.77,0,2019-02-01,Servicer_Feed
LN100728,2024-03-01,Current,215462.5,0,2024-03-10,Servicer_Feed
LN101536,2022-09-01,Current,156209.67,0,2022-09-07,Servicer_Feed
LN100767,2022-12-01,Current,281195.31,0,2022-08-01,Servicer_Feed
LN100454,2021-10-01,Current,188623.13,0,2021-10-10,Servicer_Feed
LN101189,2023-06-01,Current,138458.97,0,2023-06-02,Servicer_Feed
LN101127,2023-07-01,Current,229633.23736489294,0,2023-07-07,Servicer_Feed
LN101245,2020-02-01,Current,271462.4306024614,0,2020-02-03,Servicer_Feed
LN100466,2020-01-01,Current,236609.32200131504,0,2020-01-07,Servicer_Feed
LN101854,2020-04-01,Current,342529.93,0,2020-04-10,Servicer_Feed
LN100796,2022-09-01,Current,274388.41,0,2022-09-09,Servicer_Feed
LN100668,2019-10-01,Current,262100.07,0,2019-10-10,Servicer_Feed
LN101961,2022-11-01,Current,245310.67,0,2022-07-01,Servicer_Feed
LN101169,2023-12-01,Current,216376.67,0,2023-12-04,Servicer_Feed
LN100939,2024-03-01,90DPD,127512.61,95,2024-03-09,Servicer_Feed
LN101922,2021-03-01,Current,219417.42,0,2021-03-07,Servicer_Feed
LN100485,2023-11-01,Current,234498.8,0,2023-11-02,Servicer_Feed
LN101004,2024-02-01,Current,234269.7826327875,0,2024-02-01,Servicer_Feed
LN101409,2023-06-01,Current,284090.03,0,2023-06-01,Servicer_Feed
LN100121,2021-06-01,Current,168185.79,0,2021-06-06,Servicer_Feed
LN101696,2021-11-01,Current,171544.15,0,2021-11-06,Servicer_Feed
LN101251,2023-02-01,Current,260712.33,0,2022-10-01,Servicer_Feed
LN100076,2021-11-01,Current,227195.1,0,2021-11-04,Servicer_Feed
LN101320,2024-07-01,Current,175037.83,0,2024-07-10,Servicer_Feed
LN100465,2022-04-01,Current,126306.45,0,2022-04-05,Servicer_Feed
LN101559,2022-01-01,Current,108774.96,0,2022-01-06,Servicer_Feed
LN101116,2019-01-01,Current,340979.71,0,2019-01-07,Servicer_Feed
LN100858,2023-05-01,Current,78813.03,0,2023-05-08,Servicer_Feed
LN100257,2023-02-01,Current,304426.98,0,2023-02-06,Servicer_Feed
LN100828,2020-02-01,Current,355780.49,0,2020-02-06,Servicer_Feed
LN100694,2022-07-01,Current,229037.42,0,2022-07-08,Servicer_Feed
LN100589,2024-05-01,Current,163961.21,0,2024-05-03,Servicer_Feed
LN101507,2022-01-01,Current,367022.71277085546,0,2022-01-07,Servicer_Feed
LN101007,2019-08-01,Current,520369.13,0,2019-08-02,Servicer_Feed
LN101349,2023-06-01,Current,372542.05,0,2023-06-08,Servicer_Feed
LN100045,2023-10-01,Current,165280.82,0,2023-10-01,Servicer_Feed
LN101336,2022-11-01,Current,160556.36,0,2022-07-01,Servicer_Feed
LN100616,2021-04-01,Current,326090.53,0,2021-04-04,Servicer_Feed
LN101344,2019-12-01,Current,416704.2284151901,0,2019-12-02,Servicer_Feed
LN100753,2019-12-01,Current,298228.92,0,2019-12-10,Servicer_Feed
LN100809,2023-07-01,Current,200011.49,0,2023-03-01,Servicer_Feed
LN101837,2021-08-01,Current,230702.15,0,2021-08-01,Servicer_Feed
LN101611,2021-09-01,Current,87134.78,0,2021-09-01,Servicer_Feed
LN101195,2019-01-01,Current,203778.9,0,2019-01-05,Servicer_Feed
LN100114,2021-08-01,Current,371162.91,0,2021-08-08,Servicer_Feed
LN100195,2023-11-01,Current,212810.08,0,2023-11-08,Servicer_Feed
LN101956,2020-06-01,Current,347543.53,0,2020-06-07,Servicer_Feed
LN101016,2024-02-01,Current,107421.86,0,2024-02-01,Servicer_Feed
LN100530,2019-09-01,Current,220679.28789704753,0,2019-09-10,Servicer_Feed
LN100867,2021-05-01,Current,461381.7,0,2021-05-05,Servicer_Feed
LN100057,2024-05-01,Current,486310.9,0,2024-05-06,Servicer_Feed
LN100902,2024-12-01,Current,173145.33,0,2024-12-06,Servicer_Feed
LN100997,2024-08-01,Current,211369.53,0,2024-08-04,Servicer_Feed
LN101232,2023-11-01,Current,512189.01,0,2023-11-07,Servicer_Feed
LN101895,2023-01-01,Current,193719.07,0,2022-09-01,Servicer_Feed
LN101290,2022-02-01,Current,178864.52,0,2022-02-04,Servicer_Feed
LN101909,2021-12-01,Current,129785.47,0,2021-12-01,Servicer_Feed
LN101403,2024-06-01,Current,178520.39,0,2024-06-02,Servicer_Feed
LN101540,2022-01-01,Current,149643.9,0,2022-01-09,Servicer_Feed
LN100721,2023-01-01,Current,352516.67036437686,0,2023-01-04,Servicer_Feed
LN101411,2020-09-01,Current,384723.98,0,2020-09-01,Servicer_Feed
LN100872,2024-11-01,Current,198324.72,0,2024-11-10,Servicer_Feed
LN100425,2023-11-01,Current,101518.05,0,2023-11-05,Servicer_Feed
LN100404,2023-11-01,Current,272274.09,0,2023-11-09,Servicer_Feed
LN101763,2021-07-01,Current,204936.28,0,2021-07-06,Servicer_Feed
LN101335,2022-02-01,Current,402469.12,0,2022-02-03,Servicer_Feed
LN101477,2021-03-01,Current,90660.34,0,2021-03-07,Servicer_Feed
LN100808,2024-02-01,Current,233683.18,0,2023-10-01,Servicer_Feed
LN100202,2020-10-01,Current,258984.0,0,2020-10-08,Servicer_Feed
LN101280,2024-10-01,Current,142948.53,0,2024-10-03,Servicer_Feed
LN101674,2023-06-01,30DPD,201746.31,30,2023-02-01,Servicer_Feed
LN100690,2023-10-01,Current,180440.07,0,2023-06-01,Servicer_Feed
LN101679,2024-10-01,Current,161805.12,0,2024-10-08,Servicer_Feed
LN100138,2022-06-01,Current,528534.37,0,2022-06-02,Servicer_Feed
LN101180,2024-04-01,Current,260827.8,0,2024-04-01,Servicer_Feed
LN101306,2023-05-01,Current,481831.41,0,2023-05-01,Servicer_Feed
LN100034,2020-04-01,Current,292306.03,0,2020-04-04,Servicer_Feed
LN101948,2021-07-01,Current,126298.96,0,2021-07-07,Servicer_Feed
LN101985,2024-11-01,Current,381448.687223778,0,2024-11-03,Servicer_Feed
LN100146,2024-05-01,Current,175068.75,0,2024-05-03,Servicer_Feed
LN100219,2023-11-01,Current,167497.61448438282,0,2023-11-06,Servicer_Feed
LN100301,2024-12-01,Current,87442.27,0,2024-08-01,Servicer_Feed
LN100627,2023-08-01,Current,182204.6,0,2023-08-03,Servicer_Feed
LN101156,2023-06-01,Current,332947.49,0,2023-02-01,Servicer_Feed
LN100977,2023-10-01,Current,54884.84,0,2023-10-02,Servicer_Feed
LN100041,2024-06-01,Current,149213.09,0,2024-02-01,Servicer_Feed
LN101474,2024-10-01,Current,341729.48,0,2024-10-06,Servicer_Feed
LN101078,2024-09-01,Current,295134.56,0,2024-09-04,Servicer_Feed
LN101224,2024-04-01,Current,143808.95,0,2024-04-02,Servicer_Feed
LN101875,2023-07-01,Current,132590.43,0,2023-03-01,Servicer_Feed
LN101189,2024-08-01,Current,129859.77,0,2024-04-01,Servicer_Feed
LN100414,2023-04-01,Current,194065.17737453184,0,2023-04-08,Servicer_Feed
LN100444,2023-06-01,Current,360561.62,0,2023-06-10,Servicer_Feed
LN100083,2024-07-01,Current,261738.8,0,2024-07-07,Servicer_Feed
LN101071,2023-11-01,Current,205708.95,0,2023-11-04,Servicer_Feed
LN100405,2022-03-01,Current,238304.42,0,2022-03-06,Servicer_Feed
LN101827,2024-02-01,Current,298756.24,0,2024-02-04,Servicer_Feed
LN101840,2022-09-01,Current,354873.61,0,2022-05-01,Servicer_Feed
LN101862,2024-07-01,Current,461736.08,0,2024-03-01,Servicer_Feed
LN101236,2019-04-01,Current,414972.64,0,2018-12-01,Servicer_Feed
LN101656,2021-11-01,Current,420080.98,0,2021-11-02,Servicer_Feed
LN101481,2022-09-01,Current,191199.78,0,2022-09-10,Servicer_Feed
LN100834,2024-07-01,Current,232805.58,0,2024-07-08,Servicer_Feed
LN101802,2021-07-01,Current,466290.7313093674,0,2021-07-06,Servicer_Feed
LN101328,2022-05-01,Current,236196.73,0,2022-05-04,Servicer_Feed
LN100534,2023-06-01,Current,143354.3,0,2023-06-10,Servicer_Feed
LN100260,2024-04-01,Current,339094.92,0,2023-12-01,Servicer_Feed
LN100820,2023-05-01,Current,300183.1,0,2023-05-04,Servicer_Feed
LN100766,2021-10-01,Current,546822.76,0,2021-10-06,Servicer_Feed
LN101841,2021-01-01,Current,163202.57,0,2020-09-01,Servicer_Feed
LN100594,2019-08-01,Current,166517.85,0,2019-04-01,Servicer_Feed
LN100165,2023-07-01,Current,303834.09,0,2023-07-06,Servicer_Feed
LN100194,2022-06-01,Current,334053.11,0,2022-02-01,Servicer_Feed
LN100327,2019-11-01,Current,413486.35,0,2019-11-10,Servicer_Feed
LN101389,2022-03-01,Current,245488.7968656152,0,2022-03-06,Servicer_Feed
LN100096,2023-12-01,Current,131984.3,0,2023-12-09,Servicer_Feed
LN101003,2023-09-01,Current,636984.78,0,2023-05-01,Servicer_Feed
LN101750,2024-05-01,Current,227702.34,0,2024-05-06,Servicer_Feed
LN100260,2024-11-01,Current,335328.74,0,2024-11-08,Servicer_Feed
LN100156,2023-10-01,Current,289464.46,0,2023-10-10,Servicer_Feed
LN100798,2023-10-01,Current,489100.39,0,2023-10-10,Servicer_Feed
LN100778,2024-07-01,Current,289555.99,0,2024-07-10,Servicer_Feed
LN101358,2022-01-01,Current,183762.18,0,2022-01-10,Servicer_Feed
LN100606,2021-06-01,Current,326890.19,0,2021-06-01,Servicer_Feed
LN100438,2023-11-01,Current,109168.24,0,2023-07-01,Servicer_Feed
LN101307,2022-08-01,Current,197199.1,0,2022-08-08,Servicer_Feed
LN100788,2023-10-01,Current,233843.19,0,2023-06-01,Servicer_Feed
LN101990,2021-02-01,Current,148862.72006729184,0,2021-02-09,Servicer_Feed
LN101221,2021-08-01,Current,252464.96,0,2021-08-07,Servicer_Feed
LN100700,2020-08-01,Current,142928.56,0,2020-08-10,Servicer_Feed
LN100100,2024-05-01,Current,224962.27,0,2024-05-01,Servicer_Feed
LN100982,2023-12-01,Current,373592.44,0,2023-12-08,Servicer_Feed
LN101935,2024-11-01,Current,309698.03,0,2024-07-01,Servicer_Feed
LN100568,2024-08-01,Current,221430.1404855677,0,2024-08-04,Servicer_Feed
LN100712,2021-01-01,Current,290711.23,0,2021-01-02,Servicer_Feed
LN100459,2020-12-01,Current,322865.05318982934,0,2020-12-08,Servicer_Feed
LN100942,2023-12-01,Current,182986.8261077876,0,2023-12-06,Servicer_Feed
LN100809,2022-04-01,Current,204885.33,0,2022-04-10,Servicer_Feed
LN101505,2020-04-01,Current,433265.75,0,2020-04-04,Servicer_Feed
LN100225,2021-07-01,Current,260335.43,0,2021-03-01,Servicer_Feed
LN100724,2024-05-01,Current,225710.52,0,2024-05-10,Servicer_Feed
LN100282,2024-03-01,Current,313647.11,0,2024-03-10,Servicer_Feed
LN100252,2023-09-01,Current,189446.7,0,2023-09-02,Servicer_Feed
LN101784,2023-07-01,Current,198820.76,0,2023-07-09,Servicer_Feed
LN101554,2021-12-01,Current,266467.79,0,2021-12-02,Servicer_Feed
LN100601,2024-07-01,Current,193703.94,0,2024-07-01,Servicer_Feed
LN101254,2023-11-01,Current,265564.9,0,2023-07-01,Servicer_Feed
LN101044,2023-07-01,Current,233426.48,0,2023-03-01,Servicer_Feed
LN101482,2023-01-01,Current,232583.1209262228,0,2023-01-06,Servicer_Feed
LN101977,2024-06-01,Current,157740.14,0,2024-06-02,Servicer_Feed
LN100990,2024-09-01,Current,657108.94,0,2024-09-08,Servicer_Feed
LN101452,2024-03-01,Current,184080.88,0,2024-03-09,Servicer_Feed
LN101402,2022-04-01,Current,338303.60092738335,0,2022-04-06,Servicer_Feed
LN101170,2021-05-01,Current,557261.0830181437,0,2021-05-05,Servicer_Feed
LN101593,2023-07-01,Current,376303.34,0,2023-07-08,Servicer_Feed
LN101395,2022-08-01,Current,178029.92,0,2022-08-02,Servicer_Feed
LN100561,2023-12-01,Current,181017.62,0,2023-12-01,Servicer_Feed
LN101358,2024-04-01,Current,165429.26,0,2024-04-09,Servicer_Feed
LN100983,2024-11-01,Current,485218.48,0,2024-11-02,Servicer_Feed
LN101755,2024-04-01,Current,323336.08,0,2024-04-02,Servicer_Feed
LN100545,2020-12-01,Current,222919.1,0,2020-08-01,Servicer_Feed
LN100963,2022-09-01,Current,418608.91,0,2022-09-06,Servicer_Feed
LN100270,2021-10-01,Current,237143.19,0,2021-10-05,Servicer_Feed
LN101549,2022-05-01,Current,341701.65,0,2022-05-06,Servicer_Feed
LN100657,2024-01-01,Current,354731.11,0,2024-01-09,Servicer_Feed
LN100324,2020-10-01,Current,209511.32,0,2020-10-08,Servicer_Feed
LN100402,2020-05-01,Current,118870.55,0,2020-05-07,Servicer_Feed
LN100192,2022-05-01,Current,207279.12,0,2022-05-01,Servicer_Feed
LN101834,2023-08-01,Current,311240.69,0,2023-04-01,Servicer_Feed
LN100494,2024-06-01,Current,321589.75,0,2024-06-05,Servicer_Feed
LN101049,2024-01-01,Current,119227.61,0,2024-01-08,Servicer_Feed
LN100655,2019-10-01,Current,625586.76,0,2019-10-08,Servicer_Feed
LN100383,2024-05-01,Current,296351.001215952,0,2024-05-07,Servicer_Feed
LN101077,2022-07-01,Current,348658.14,0,2022-07-03,Servicer_Feed
LN100728,2024-12-01,Current,286004.0205183938,0,2024-12-01,Servicer_Feed
LN100918,2024-06-01,Current,57395.67,0,2024-02-01,Servicer_Feed
LN101482,2024-02-01,Current,175556.71,0,2024-02-07,Servicer_Feed
LN101610,2024-04-01,Current,286483.17,0,2023-12-01,Servicer_Feed
LN101148,2023-05-01,Current,209686.33,0,2023-05-01,Servicer_Feed
LN100544,2024-10-01,Current,323214.26,0,2024-10-07,Servicer_Feed
LN101615,2019-12-01,Current,272367.01,0,2019-12-07,Servicer_Feed
LN101569,2024-11-01,Current,194364.91,0,2024-11-08,Servicer_Feed
LN100425,2022-11-01,Current,113445.38507426159,0,2022-11-07,Servicer_Feed
LN101303,2024-12-01,Current,145971.45,0,2024-12-06,Servicer_Feed
LN101195,2021-04-01,Current,186377.0,0,2020-12-01,Servicer_Feed
LN100299,2024-01-01,Current,205200.89,0,2023-09-01,Servicer_Feed
LN100626,2020-07-01,Current,222036.0,0,2020-03-01,Servicer_Feed
LN101685,2024-09-01,Current,186209.88,0,2024-09-08,Servicer_Feed
LN100134,2023-09-01,Current,114198.46,0,2023-09-09,Servicer_Feed
LN100019,2022-12-01,Current,155022.51,0,2022-12-01,Servicer_Feed
LN100921,2024-02-01,Current,204295.6,0,2023-10-01,Servicer_Feed
LN101360,2022-05-01,Current,112197.05,0,2022-05-02,Servicer_Feed
LN101505,2020-11-01,Current,428562.21,0,2020-07-01,Servicer_Feed
LN100635,2023-05-01,30DPD,416775.1486180346,30,2023-05-09,Servicer_Feed
LN100942,2024-09-01,Current,227107.61,0,2024-09-07,Servicer_Feed
LN101779,2023-12-01,Current,422649.9,0,2023-12-09,Servicer_Feed
LN101146,2020-08-01,Current,223658.73,0,2020-08-03,Servicer_Feed
LN101894,2022-05-01,Current,111517.0877522038,0,2022-05-09,Servicer_Feed
LN100634,2021-10-01,Current,251533.34,0,2021-10-06,Servicer_Feed
LN100625,2023-01-01,Current,320610.79,0,2023-01-06,Servicer_Feed
LN100037,2024-10-01,Current,151479.17,0,2024-10-06,Servicer_Feed
LN100349,2024-11-01,Current,231437.86,0,2024-11-07,Servicer_Feed
LN101725,2022-10-01,Current,112128.91,0,2022-06-01,Servicer_Feed
LN101989,2023-04-01,Current,585945.47,0,2023-04-02,Servicer_Feed
LN100615,2019-09-01,Current,148909.11,0,2023-11-05,Servicer_Feed
LN101717,2024-11-01,Prepaid,262659.07,0,2024-11-10,Servicer_Feed
LN100338,2023-07-01,Current,224900.43,0,2023-07-01,Servicer_Feed
LN101670,2021-05-01,Current,291536.39,0,2021-05-04,Servicer_Feed
LN101512,2021-03-01,30DPD,190721.05,30,2021-03-08,Servicer_Feed
LN100877,2024-08-01,Current,158318.37773833034,0,2024-08-06,Servicer_Feed
LN101573,2024-01-01,Current,152146.87096000093,0,2024-01-03,Servicer_Feed
LN101255,2024-02-01,Current,198314.13,0,2024-02-09,Servicer_Feed
LN101028,2023-02-01,Current,171797.05,0,2023-02-02,Servicer_Feed
LN101753,2024-02-01,Current,142981.83,0,2024-02-09,Servicer_Feed
LN100298,2023-12-01,Current,226121.04,0,2023-12-04,Servicer_Feed
LN100555,2023-05-01,Current,175420.42,0,2023-01-01,Servicer_Feed
LN101846,2024-07-01,Current,279912.92,0,2024-07-04,Servicer_Feed
LN101543,2023-09-01,Current,287464.8989486172,0,2023-09-03,Servicer_Feed
LN101648,2024-11-01,Current,231537.39224579977,0,2024-11-02,Servicer_Feed
LN101884,2019-08-01,Current,407154.79,0,2019-08-08,Servicer_Feed
LN100001,2021-01-01,Current,153027.05,0,2021-01-09,Servicer_Feed
LN101273,2022-05-01,Current,372808.4,0,2022-05-02,Servicer_Feed
LN101968,2024-11-01,30DPD,170870.87,30,2024-11-09,Servicer_Feed
LN100726,2022-02-01,Current,236067.97,0,2022-02-09,Servicer_Feed
LN101730,2024-06-01,Current,210761.72,0,2024-06-08,Servicer_Feed
LN100142,2022-10-01,Current,158360.45,0,2022-10-04,Servicer_Feed
LN100631,2024-05-01,Current,249299.05,0,2024-05-09,Servicer_Feed
LN101901,2021-01-01,Current,233716.59,0,2020-09-01,Servicer_Feed
LN101664,2022-09-01,Current,237593.25,0,2022-09-09,Servicer_Feed
LN101965,2022-12-01,Current,137736.98,0,2022-08-01,Servicer_Feed
LN101055,2024-03-01,Current,205849.2,0,2024-03-02,Servicer_Feed
LN101615,2022-01-01,Current,291812.04966165853,0,2022-01-01,Servicer_Feed
LN100491,2020-05-01,Current,194178.48,0,2020-05-10,Servicer_Feed
LN101956,2021-10-01,Current,338769.75,0,2021-10-03,Servicer_Feed
LN100067,2022-12-01,Current,231492.02,0,2022-12-10,Servicer_Feed
LN101799,2021-01-01,Current,351395.79,0,2021-01-05,Servicer_Feed
LN100190,2020-10-01,Current,225461.97,0,2020-06-01,Servicer_Feed
LN100365,2023-09-01,Current,99658.53,0,2023-09-06,Servicer_Feed
LN100883,2021-06-01,Current,118642.13,0,2021-06-05,Servicer_Feed
LN100066,2021-03-01,Current,125072.64,0,2021-03-09,Servicer_Feed
LN101559,2023-09-01,Current,105199.56,0,2023-09-07,Servicer_Feed
LN100320,2023-09-01,Current,231071.08,0,2023-09-09,Servicer_Feed
LN100923,2020-06-01,Current,503070.16,0,2020-06-04,Servicer_Feed
LN100342,2023-12-01,Current,392347.2,0,2023-12-08,Servicer_Feed
LN100965,2022-07-01,Current,238270.48,0,2022-07-05,Servicer_Feed
LN100565,2020-01-01,Current,396234.39,0,2020-01-03,Servicer_Feed
LN101159,2020-04-01,Current,174269.82,0,2019-12-01,Servicer_Feed
LN100963,2022-01-01,Current,424311.08,0,2022-01-09,Servicer_Feed
LN101732,2023-08-01,Current,156162.79,0,2023-08-07,Servicer_Feed
LN101160,2019-07-01,Current,435425.12,0,2019-07-05,Servicer_Feed
LN100909,2022-09-01,Current,608726.4051909605,0,2022-09-09,Servicer_Feed
LN101262,2023-04-01,Current,301992.6599369912,0,2023-04-05,Servicer_Feed
LN100799,2021-10-01,Current,288775.19,0,2021-10-09,Servicer_Feed
LN100787,2023-10-01,Current,196398.51,0,2023-10-01,Servicer_Feed
LN100077,2024-07-01,Current,123761.5,0,2024-07-10,Servicer_Feed
LN101942,2022-05-01,Current,165237.7,0,2022-05-08,Servicer_Feed
LN101473,2024-12-01,Current,463255.49,0,2024-12-07,Servicer_Feed
LN101033,2020-11-01,Current,262808.31,0,2020-11-09,Servicer_Feed
LN101064,2022-10-01,Current,111609.44,0,2022-10-06,Servicer_Feed
LN101089,2024-08-01,Current,388397.25,0,2024-08-08,Servicer_Feed
LN101189,2021-08-01,Current,151153.78,0,2021-04-01,Servicer_Feed
LN100875,2024-09-01,Current,242192.67,0,2024-09-08,Servicer_Feed
LN101727,2024-03-01,Current,401305.16649235954,0,2024-03-04,Servicer_Feed
LN101884,2024-08-01,Current,368219.51,0,2024-04-01,Servicer_Feed
LN101524,2024-08-01,Current,137907.13,0,2024-04-01,Servicer_Feed
LN101399,2024-03-01,60DPD,253652.48,60,2023-11-01,Servicer_Feed
LN100720,2024-03-01,Current,470055.13,0,2024-03-04,Servicer_Feed
LN100460,2023-12-01,Current,173682.11,0,2023-12-04,Servicer_Feed
LN100608,2022-12-01,Current,164667.23,0,2022-12-03,Servicer_Feed
LN101752,2024-09-01,30DPD,214761.02,30,2024-09-10,Servicer_Feed
LN100545,2024-11-01,Current,206243.39,0,2024-11-10,Servicer_Feed
LN100302,2022-11-01,Current,128853.28,0,2022-11-06,Servicer_Feed
LN101690,2021-05-01,Current,183119.93,0,2021-05-10,Servicer_Feed
LN101900,2023-01-01,Current,179219.37,0,2023-01-10,Servicer_Feed
LN100885,2023-09-01,Current,194656.57,0,2023-09-04,Servicer_Feed
LN100615,2020-03-01,Current,137342.9017472019,0,2020-03-04,Servicer_Feed
LN101167,2024-03-01,Current,194613.61,0,2024-03-07,Servicer_Feed
LN101672,2023-04-01,Current,347373.31,0,2023-04-01,Servicer_Feed
LN100187,2020-07-01,Current,387607.05,0,2020-07-02,Servicer_Feed
LN100185,2020-10-01,Current,203886.02917685753,0,2020-10-04,Servicer_Feed
LN101371,2022-11-01,Current,211003.28,0,2022-11-08,Servicer_Feed
LN101489,2024-03-01,Current,276078.76,0,2023-11-01,Servicer_Feed
LN100344,2022-12-01,Current,284016.17,0,2022-12-01,Servicer_Feed
LN101896,2022-11-01,Current,176042.96,0,2022-11-03,Servicer_Feed
LN100589,2023-09-01,Current,166022.35,0,2023-09-04,Servicer_Feed
LN101602,2020-06-01,Current,171164.91,0,2020-06-03,Servicer_Feed
LN101347,2024-07-01,Current,191774.11,0,2024-07-07,Servicer_Feed
LN101500,2024-04-01,Current,261985.84,0,2024-04-04,Servicer_Feed
LN100240,2020-02-01,Current,204626.9,0,2020-02-03,Servicer_Feed
LN101799,2022-12-01,Current,338730.12,0,2022-12-02,Servicer_Feed
LN101712,2024-12-01,Current,211507.48,0,2024-12-05,Servicer_Feed
LN100470,2024-01-01,Current,219166.53944302772,0,2024-01-07,Servicer_Feed
LN101902,2023-02-01,Current,350742.27,0,2023-02-08,Servicer_Feed
LN101254,2024-07-01,Current,303848.91459556366,0,2024-07-03,Servicer_Feed
LN101095,2022-11-01,Current,112681.07,0,2022-11-05,Servicer_Feed
LN101131,2022-07-01,Current,379638.94,0,2022-03-01,Servicer_Feed
LN100874,2023-10-01,Current,181246.14,0,2023-06-01,Servicer_Feed
LN100636,2022-03-01,Current,287023.2,0,2022-03-10,Servicer_Feed
LN100342,2022-10-01,Current,401927.58,0,2022-06-01,Servicer_Feed
LN100859,2023-04-01,Current,276279.6458035183,0,2023-04-04,Servicer_Feed
LN100225,2023-03-01,Current,251648.46,0,2022-11-01,Servicer_Feed
LN101236,2021-04-01,Current,383240.96,0,2021-04-04,Servicer_Feed
LN100668,2023-02-01,Current,246045.78,0,2022-10-01,Servicer_Feed
LN100021,2023-08-01,Current,147907.56,0,2023-08-01,Servicer_Feed
LN100185,2019-04-01,Current,278519.54,0,2019-04-07,Servicer_Feed
LN101813,2022-04-01,Current,190192.01,0,2022-04-01,Servicer_Feed
LN101611,2021-08-01,Current,87427.99,0,2021-08-05,Servicer_Feed
LN101577,2023-12-01,Current,302556.21,0,2023-12-01,Servicer_Feed
LN101582,2024-10-01,Current,267183.99,0,2024-06-01,Servicer_Feed
LN101518,2020-05-01,Current,163101.18,0,2020-01-01,Servicer_Feed
LN100484,2024-03-01,Current,329147.8,0,2024-03-01,Servicer_Feed
LN100402,2020-12-01,Current,117554.11,0,2020-12-08,Servicer_Feed
LN101391,2024-01-01,Current,208293.41,0,2023-09-01,Servicer_Feed
LN101795,2023-05-01,Current,333347.98,0,2023-05-03,Servicer_Feed
LN101165,2021-05-01,Current,277184.6572443275,0,2021-05-06,Servicer_Feed
LN101675,2022-01-01,Current,211498.85028677594,0,2022-01-05,Servicer_Feed
LN101212,2022-07-01,Current,121089.7,0,2022-07-03,Servicer_Feed
LN100939,2023-02-01,Current,128709.5,0,2022-10-01,Servicer_Feed
LN101235,2021-08-01,Current,117543.60970311136,0,2021-08-01,Servicer_Feed
LN100938,2023-03-01,Current,293252.53,0,2023-03-09,Servicer_Feed
LN100201,2022-04-01,Current,302807.16,0,2022-04-08,Servicer_Feed
LN100871,2024-01-01,Current,114983.75,0,2023-09-01,Servicer_Feed
LN101555,2023-04-01,Current,310921.39,0,2023-04-02,Servicer_Feed
LN100188,2023-05-01,Current,369003.62,0,2023-01-01,Servicer_Feed
LN100993,2024-04-01,Current,296142.14770573593,0,2024-04-08,Servicer_Feed
LN100080,2021-10-01,Current,332750.25,0,2021-10-03,Servicer_Feed
LN100076,2022-01-01,Current,225492.38,0,2022-01-03,Servicer_Feed
LN101777,2024-07-01,Current,239789.79137245734,0,2024-07-01,Servicer_Feed
LN100599,2022-09-01,Current,171053.43228454937,0,2022-09-08,Servicer_Feed
LN101029,2021-10-01,Current,301012.51,0,2021-10-02,Servicer_Feed
LN101438,2023-01-01,Current,378821.97,0,2023-01-08,Servicer_Feed
LN101037,2022-03-01,Current,253181.28,0,2022-03-09,Servicer_Feed
LN101710,2023-08-01,Current,225212.04,0,2023-08-03,Servicer_Feed
LN100235,2022-01-01,Current,81462.74,0,2022-01-08,Servicer_Feed
LN100505,2022-01-01,Current,225745.5,0,2022-01-07,Servicer_Feed
LN100911,2024-01-01,Current,193644.0,0,2024-01-09,Servicer_Feed
LN100878,2023-01-01,Current,181082.27,0,2023-01-02,Servicer_Feed
LN100491,2020-02-01,Current,195088.96,0,2020-02-05,Servicer_Feed
LN101385,2021-01-01,Current,305381.44,0,2022-03-08,Servicer_Feed
LN101215,2021-08-01,Current,411408.59,0,2021-08-03,Servicer_Feed
LN101077,2022-12-01,Current,345965.58,0,2022-12-06,Servicer_Feed
LN100655,2021-11-01,30DPD,603229.33,30,2021-11-03,Servicer_Feed
LN100828,2022-08-01,Current,338530.79,0,2022-08-04,Servicer_Feed
LN100079,2023-09-01,Current,309783.97,0,2023-09-03,Servicer_Feed
LN101232,2022-04-01,Current,527773.61,0,2022-04-03,Servicer_Feed
LN100872,2024-08-01,Current,200614.73,0,2024-08-06,Servicer_Feed
LN100400,2024-11-01,Current,108450.98,0,2024-11-09,Servicer_Feed
LN100965,2024-05-01,Current,280950.1294842664,0,2024-05-10,Servicer_Feed
LN101758,2020-06-01,Current,141644.48,0,2020-06-02,Servicer_Feed
LN100873,2023-02-01,Current,124501.87,0,2023-02-08,Servicer_Feed
LN101848,2023-04-01,Current,359772.65,0,2023-04-07,Servicer_Feed
LN101980,2023-07-01,Current,294122.22778582596,0,2023-07-04,Servicer_Feed
LN100092,2019-09-01,Current,63018.09,0,2019-09-09,Servicer_Feed
LN101219,2020-08-01,Current,199553.16,0,2020-08-09,Servicer_Feed
LN100248,2024-05-01,Current,208237.09,0,2024-01-01,Servicer_Feed
LN100302,2021-08-01,Current,132011.81,0,2021-08-03,Servicer_Feed
LN100434,2022-12-01,Current,699304.07,0,2022-12-01,Servicer_Feed
LN101945,2022-11-01,Current,139380.49,0,2022-11-08,Servicer_Feed
LN101063,2022-05-01,Current,221008.74,0,2022-05-01,Servicer_Feed
LN100486,2022-08-01,Current,261724.26,0,2022-04-01,Servicer_Feed
LN100810,2024-07-01,Current,255271.2305984544,0,2024-07-03,Servicer_Feed
LN100704,2023-04-01,Current,192037.62339275645,0,2023-04-02,Servicer_Feed
LN100138,2020-01-01,Current,554033.39,0,2020-01-09,Servicer_Feed
LN100227,2023-04-01,Current,301005.46,0,2023-04-04,Servicer_Feed
LN101340,2024-02-01,Current,214456.4,0,2024-02-07,Servicer_Feed
LN100467,2024-07-01,Current,271425.51,0,2024-07-05,Servicer_Feed
LN101886,2024-07-01,Current,261673.99,0,2024-07-03,Servicer_Feed
LN101348,2023-01-01,Current,189243.65,0,2023-01-09,Servicer_Feed
LN100239,2022-01-01,Prepaid,78702.74,0,2022-01-06,Servicer_Feed
LN101243,2020-07-01,Current,201291.77,0,2020-07-03,Servicer_Feed
LN101663,2022-09-01,Current,104790.54,0,2022-09-07,Servicer_Feed
LN101485,2022-12-01,Current,206819.69351706834,0,2022-12-02,Servicer_Feed
LN101560,2023-12-01,Current,153277.23,0,2023-12-01,Servicer_Feed
LN100401,2024-04-01,Current,123655.58,0,2024-04-02,Servicer_Feed
LN101579,2024-12-01,Current,302787.7,0,2024-08-01,Servicer_Feed
LN100242,2022-11-01,Current,346430.37481157086,0,2022-11-04,Servicer_Feed
LN100394,2023-02-01,Current,111513.71,0,2023-02-04,Servicer_Feed
LN100711,2024-04-01,Current,145830.8,0,2024-04-01,Servicer_Feed
LN100232,2022-07-01,Current,125870.09089375965,0,2022-07-02,Servicer_Feed
LN100951,2023-05-01,Current,198004.16,0,2023-05-01,Servicer_Feed
LN101372,2022-07-01,Current,298086.52,0,2022-07-07,Servicer_Feed
LN101305,2024-02-01,30DPD,294000.9,30,2024-02-09,Servicer_Feed
LN101302,2022-08-01,Current,66698.23,0,2022-04-01,Servicer_Feed
LN100283,2021-08-01,Current,160427.98151928815,0,2021-08-01,Servicer_Feed
LN100486,2021-04-01,Current,288985.9188271335,0,2021-04-05,Servicer_Feed
LN101945,2022-02-01,Current,195161.19789749396,0,2022-02-05,Servicer_Feed
LN100290,2019-09-01,Current,179841.29,0,2019-09-08,Servicer_Feed
LN100702,2022-08-01,Current,240882.2,0,2022-04-01,Servicer_Feed
LN100117,2019-10-01,Current,179023.03,0,2019-10-09,Servicer_Feed
LN101576,2021-07-01,Current,134436.51920021264,0,2021-07-08,Servicer_Feed
LN101256,2021-07-01,Current,292453.75,0,2021-07-03,Servicer_Feed
LN100037,2023-06-01,Current,201325.46865898866,0,2023-06-02,Servicer_Feed
LN101654,2021-10-01,Current,85653.76,0,2021-10-08,Servicer_Feed
LN101503,2024-09-01,Current,356669.11,0,2024-09-01,Servicer_Feed
LN101968,2024-04-01,Current,172791.63,0,2024-04-10,Servicer_Feed
LN100195,2024-06-01,Current,210347.01,0,2024-06-02,Servicer_Feed
LN101926,2021-10-01,Current,257940.37,0,2021-10-02,Servicer_Feed
LN101926,2024-01-01,Current,235276.87,0,2024-01-07,Servicer_Feed
LN101236,2020-05-01,Current,398041.56,0,2020-05-08,Servicer_Feed
LN100474,2023-02-01,Current,166183.19,0,2023-02-07,Servicer_Feed
LN101694,2023-06-01,Current,236114.49,0,2023-06-04,Servicer_Feed
LN101613,2021-03-01,Current,287365.33,0,2021-03-03,Servicer_Feed
LN100765,2024-12-01,Current,589482.43,0,2024-12-02,Servicer_Feed
LN100689,2023-10-01,Current,159632.53,0,2023-10-06,Servicer_Feed
LN101253,2022-08-01,Current,640655.8918641203,0,2022-08-06,Servicer_Feed
LN100215,2020-07-01,Current,140536.66,0,2020-07-09,Servicer_Feed
LN100885,2023-10-01,Current,194316.7,0,2023-10-07,Servicer_Feed
LN100263,2022-09-01,Current,182097.77,0,2022-09-10,Servicer_Feed
LN101647,2022-02-01,Current,188878.42,0,2021-10-01,Servicer_Feed
LN100563,2024-05-01,Current,223500.15,0,2024-05-08,Servicer_Feed
LN100292,2021-05-01,Current,156538.36,0,2021-01-01,Servicer_Feed
LN100630,2022-03-01,Current,110625.2,0,2022-03-10,Servicer_Feed
LN100380,2023-01-01,Current,170447.75,0,2023-01-03,Servicer_Feed
LN100657,2021-07-01,Current,372806.29,0,2021-07-07,Servicer_Feed
LN101073,2019-09-01,30DPD,77695.2,30,2019-09-08,Servicer_Feed
LN100768,2024-08-01,Current,198260.23,0,2024-08-07,Servicer_Feed
LN100055,2024-01-01,Current,199383.36,0,2023-09-01,Servicer_Feed
LN100766,2022-01-01,Current,544263.52,0,2021-09-01,Servicer_Feed
LN100385,2020-03-01,Current,198496.38143843226,0,2020-03-09,Servicer_Feed
LN100766,2022-03-01,Current,542551.87,0,2022-03-08,Servicer_Feed
LN100257,2024-01-01,90DPD,301091.16,95,2024-01-10,Servicer_Feed
LN100714,2023-12-01,Current,333170.73,0,2023-12-06,Servicer_Feed
LN101628,2022-03-01,Current,217609.99081049525,0,2022-03-03,Servicer_Feed
LN100600,2023-03-01,Current,158949.86368694511,0,2023-03-10,Servicer_Feed
LN100640,2021-08-01,Current,100110.28,0,2021-04-01,Servicer_Feed
LN100015,2023-02-01,Current,118038.94,0,2023-02-07,Servicer_Feed
LN100137,2022-11-01,Current,149214.0,0,2022-11-08,Servicer_Feed
LN100235,2023-10-01,Current,78855.0,0,2023-10-09,Servicer_Feed
LN100442,2020-03-01,Current,81624.74,0,2020-03-02,Servicer_Feed
LN100050,2022-11-01,Current,360758.86,0,2022-07-01,Servicer_Feed
LN100486,2020-12-01,Current,270250.55,0,2020-12-03,Servicer_Feed
LN100925,2023-03-01,Current,265938.77,0,2023-03-04,Servicer_Feed
LN100533,2021-01-01,Current,209952.96,0,2020-09-01,Servicer_Feed
LN101330,2024-01-01,Current,118770.38,0,2024-01-08,Servicer_Feed
LN101272,2023-09-01,Current,296186.44,0,2023-09-01,Servicer_Feed
LN100493,2022-06-01,Current,134455.63,0,2022-06-08,Servicer_Feed
LN101980,2021-03-01,Current,220222.68,0,2021-03-04,Servicer_Feed
LN101140,2020-06-01,Current,354111.2,0,2020-06-06,Servicer_Feed
LN101402,2022-05-01,Current,336546.31,0,2022-05-04,Servicer_Feed
LN100565,2019-10-01,Current,398092.27,0,2019-10-03,Servicer_Feed
LN101520,2022-11-01,Current,161208.04,0,2022-11-07,Servicer_Feed
LN101200,2019-05-01,Current,153656.07,0,2019-05-06,Servicer_Feed
LN101899,2021-09-01,Current,189550.74,0,2021-09-10,Servicer_Feed
LN100739,2024-10-01,Current,141022.18,0,2024-10-08,Servicer_Feed
LN101060,2022-04-01,Current,153018.95,0,2022-04-07,Servicer_Feed
LN101244,2020-05-01,Current,161597.19,0,2020-05-08,Servicer_Feed
LN100702,2023-12-01,Current,234748.29,0,2023-12-05,Servicer_Feed
LN101315,2022-12-01,Current,177484.69,0,2022-12-04,Servicer_Feed
LN101015,2021-07-01,Current,298967.46,0,2021-03-01,Servicer_Feed
LN100286,2023-11-01,Current,293795.17,0,2023-07-01,Servicer_Feed
LN100208,2023-12-01,Current,222101.59,0,2023-12-08,Servicer_Feed
LN101272,2022-03-01,Current,304754.72,0,2022-03-07,Servicer_Feed
LN100250,2023-01-01,Current,121085.16,0,2023-01-09,Servicer_Feed
LN101556,2023-08-01,Current,259499.7,0,2023-08-01,Servicer_Feed
LN101745,2019-10-01,Current,177828.98,0,2019-10-10,Servicer_Feed
LN100334,2024-05-01,Current,171945.92,0,2024-05-08,Servicer_Feed
LN100360,2022-05-01,Current,263903.22,0,2022-05-02,Servicer_Feed
LN101279,2024-04-01,Current,185632.66,0,2023-12-01,Servicer_Feed
LN100256,2022-05-01,Current,187679.61,0,2022-05-07,Servicer_Feed
LN100839,2024-06-01,Current,322138.88,0,2024-06-06,Servicer_Feed
LN100865,2023-11-01,Current,204190.47,0,2023-07-01,Servicer_Feed
LN100626,2022-05-01,Current,216105.22,0,2022-05-07,Servicer_Feed
LN100841,2024-01-01,Current,255386.99,0,2024-01-05,Servicer_Feed
LN100615,2022-06-01,Current,159151.81,0,2022-06-10,Servicer_Feed
LN100615,2023-12-01,Current,148288.65,0,2023-08-01,Servicer_Feed
LN100468,2020-06-01,Current,127124.44,0,2020-06-07,Servicer_Feed
LN100816,2024-06-01,Current,201142.82,0,2024-06-10,Servicer_Feed
LN100226,2021-08-01,Current,254629.37,0,2021-04-01,Servicer_Feed
LN101249,2022-12-01,Current,188214.23,0,2022-12-09,Servicer_Feed
LN100186,2023-12-01,Current,355089.12,0,2023-12-10,Servicer_Feed
LN101179,2024-12-01,Current,250011.47687882124,0,2024-12-10,Servicer_Feed
LN100279,2022-07-01,Current,198053.1,0,2022-07-01,Servicer_Feed
LN100895,2023-03-01,Current,256071.93,0,2022-11-01,Servicer_Feed
LN100251,2020-04-01,Current,274856.24,0,2020-04-07,Servicer_Feed
LN101309,2024-03-01,Current,136313.43,0,2023-11-01,Servicer_Feed
LN100462,2023-01-01,Current,408557.68,0,2022-09-01,Servicer_Feed
LN100543,2023-10-01,30DPD,189156.78,30,2023-10-02,Servicer_Feed
LN101236,2021-10-01,Current,374967.49,0,2021-06-01,Servicer_Feed
LN101626,2024-08-01,Current,263341.38,0,2024-08-02,Servicer_Feed
LN101758,2020-08-01,Current,141202.81,0,2020-08-05,Servicer_Feed
LN101893,2022-12-01,Current,208652.35,0,2022-12-04,Servicer_Feed
LN100379,2023-02-01,Current,157741.52,0,2023-02-07,Servicer_Feed
LN100524,2020-02-01,Current,235188.97,0,2020-02-10,Servicer_Feed
LN101072,2022-08-01,Current,157360.42929104884,0,2022-08-10,Servicer_Feed
LN100191,2023-12-01,30DPD,74540.12,30,2023-12-06,Servicer_Feed
LN100007,2019-05-01,Current,623499.03,0,2019-05-08,Servicer_Feed
LN101743,2024-11-01,Current,213887.42,0,2024-11-04,Servicer_Feed
LN100896,2024-08-01,Current,334408.69,0,2024-08-01,Servicer_Feed
LN101471,2023-10-01,Current,235121.53,0,2023-10-04,Servicer_Feed
LN101340,2024-01-01,Current,240931.18203138676,0,2024-01-01,Servicer_Feed
LN101448,2021-10-01,Current,115569.07185246178,0,2021-10-09,Servicer_Feed
LN101932,2024-04-01,Current,388402.75,0,2024-04-10,Servicer_Feed
LN100798,2024-02-01,Current,482082.22,0,2024-02-04,Servicer_Feed
LN100215,2021-07-01,Current,137920.19,0,2021-07-08,Servicer_Feed
LN101121,2024-07-01,Current,267571.0,0,2024-07-04,Servicer_Feed
LN101773,2024-09-01,Current,213162.03,0,2024-09-01,Servicer_Feed
LN101437,2020-08-01,Current,181021.43,0,2020-08-04,Servicer_Feed
LN100674,2023-09-01,Current,377046.5139321578,0,2023-09-09,Servicer_Feed
LN100510,2023-10-01,Current,193878.78,0,2023-10-05,Servicer_Feed
LN101372,2023-09-01,Current,291472.72,0,2023-05-01,Servicer_Feed
LN101518,2021-07-01,Current,159573.86,0,2021-07-01,Servicer_Feed
LN101136,2020-05-01,Current,177529.11,0,2020-05-06,Servicer_Feed
LN100163,2024-05-01,Current,318773.96,0,2024-05-08,Servicer_Feed
LN101263,2021-07-01,Current,272281.25,0,2021-07-08,Servicer_Feed
LN100513,2023-01-01,Current,107136.52,0,2022-09-01,Servicer_Feed
LN101976,2022-04-01,Prepaid,356047.68,0,2021-12-01,Servicer_Feed
LN100414,2024-09-01,Current,196607.44,0,2024-09-07,Servicer_Feed
LN101936,2023-12-01,Current,165080.57,0,2023-08-01,Servicer_Feed
LN100423,2024-10-01,Current,169329.13,0,2024-06-01,Servicer_Feed
LN101290,2024-02-01,Current,172094.15,0,2023-10-01,Servicer_Feed
LN100661,2023-06-01,Current,136048.96585438892,0,2023-06-05,Servicer_Feed
LN100552,2021-02-01,Current,392740.58499010117,0,2021-02-06,Servicer_Feed
LN101948,2021-10-01,Current,125690.6,0,2021-10-09,Servicer_Feed
LN101169,2022-04-01,Current,223707.98,0,2022-04-04,Servicer_Feed
LN100488,2024-02-01,Current,138384.88,0,2023-10-01,Servicer_Feed
LN101942,2023-01-01,Current,161573.87,0,2023-01-02,Servicer_Feed
LN100635,2023-11-01,60DPD,298993.93,60,2023-11-10,Servicer_Feed
LN101261,2024-10-01,Current,67578.86,0,2024-06-01,Servicer_Feed
LN101833,2022-06-01,Current,185533.6932449198,0,2022-06-06,Servicer_Feed
LN101408,2021-07-01,Current,72663.79,0,2021-03-01,Servicer_Feed
LN101345,2024-05-01,30DPD,214824.5983037339,30,2024-05-03,Servicer_Feed
LN101684,2024-03-01,Current,187861.37,0,2024-03-07,Servicer_Feed
LN100160,2024-05-01,Current,77403.43,0,2024-05-01,Servicer_Feed
LN101984,2020-02-01,Current,401018.99903344724,0,2020-02-03,Servicer_Feed
LN100994,2023-09-01,Current,355317.02,0,2023-05-01,Servicer_Feed
LN100564,2022-05-01,Current,527960.39,0,2022-01-01,Servicer_Feed
LN101776,2023-06-01,Current,243779.02,0,2023-06-10,Servicer_Feed
LN101099,2022-08-01,Current,276612.07,0,2022-04-01,Servicer_Feed
LN101026,2024-11-01,Current,242073.72,0,2024-11-08,Servicer_Feed
LN101397,2023-06-01,Current,282608.12,0,2023-06-01,Servicer_Feed
LN100463,2021-09-01,Current,221450.51,0,2021-09-01,Servicer_Feed
LN101670,2024-10-01,Current,271656.56,0,2024-10-06,Servicer_Feed
LN100004,2023-06-01,Current,292206.34,0,2023-06-08,Servicer_Feed
LN101390,2019-06-01,Current,643546.6,0,2019-02-01,Servicer_Feed
LN100539,2020-07-01,Current,70211.25,0,2020-07-10,Servicer_Feed
LN100882,2023-04-01,Current,154326.67,0,2023-04-01,Servicer_Feed
LN100772,2023-10-01,Current,410402.8,0,2023-10-02,Servicer_Feed
LN101068,2023-05-01,Current,104103.53,0,2023-05-02,Servicer_Feed
LN101503,2023-06-01,Current,366236.47,0,2023-06-09,Servicer_Feed
LN100422,2024-09-01,Current,361323.29,0,2024-05-01,Servicer_Feed
LN101763,2021-03-01,Current,206213.06,0,2021-03-10,Servicer_Feed
LN100929,2023-07-01,Current,253703.42,0,2023-07-06,Servicer_Feed
LN100380,2024-01-01,Current,192879.41139311215,0,2024-01-06,Servicer_Feed
LN101367,2021-10-01,Current,250542.65,0,2021-06-01,Servicer_Feed
LN100373,2024-02-01,Default,363007.97,150,2024-02-08,Servicer_Feed
LN101808,2024-10-01,Current,446976.15,0,2024-10-06,Servicer_Feed
LN100208,2023-07-01,Current,223285.43,0,2023-03-01,Servicer_Feed
LN101159,2020-03-01,Current,174545.68,0,2020-03-02,Servicer_Feed
LN100409,2024-01-01,Current,280658.59,0,2024-01-01,Servicer_Feed
LN101486,2022-03-01,Current,195324.71,0,2022-03-10,Servicer_Feed
LN100066,2020-07-01,Current,128490.72,0,2020-07-05,Servicer_Feed
LN101675,2024-09-01,Current,189373.29,0,2024-05-01,Servicer_Feed
LN101320,2023-12-01,Current,179336.12,0,2023-12-03,Servicer_Feed
LN100262,2024-05-01,Current,235090.83,0,2024-05-06,Servicer_Feed
LN101982,2020-05-01,Current,241682.91,0,2020-01-01,Servicer_Feed
LN101574,2022-07-01,Current,178471.05,0,2022-03-01,Servicer_Feed
LN100434,2024-07-01,Current,678595.83,0,2024-03-01,Servicer_Feed
LN101588,2021-02-01,Current,320345.4,0,2021-02-07,Servicer_Feed
LN100314,2023-02-01,Current,153884.0,0,2023-02-10,Servicer_Feed
LN100809,2022-09-01,Current,203271.35,0,2022-09-02,Servicer_Feed
LN100126,2021-08-01,Current,619822.1580908414,0,2021-08-01,Servicer_Feed
LN100415,2022-12-01,Current,213943.41,0,2022-12-10,Servicer_Feed
LN100293,2024-10-01,Current,329980.52,0,2024-10-01,Servicer_Feed
LN100868,2022-01-01,Current,290456.8,0,2021-09-01,Servicer_Feed
LN100208,2023-04-01,Current,224459.13,0,2023-04-06,Servicer_Feed
LN100616,2022-12-01,Current,315890.29,0,2022-12-05,Servicer_Feed
LN101399,2024-12-01,Current,260615.55092402274,0,2024-12-02,Servicer_Feed
LN101087,2024-10-01,Current,141841.43,0,2024-10-06,Servicer_Feed
LN101350,2021-11-01,Current,358161.01,0,2021-11-10,Servicer_Feed
LN101963,2023-03-01,Current,238960.83,0,2022-11-01,Servicer_Feed
LN101867,2023-07-01,Current,223234.69,0,2023-07-09,Servicer_Feed
LN101027,2022-04-01,Current,475897.33,0,2022-04-10,Servicer_Feed
LN100685,2023-10-01,Current,258746.32,0,2023-10-05,Servicer_Feed
LN101161,2021-05-01,Current,113407.48,0,2021-05-01,Servicer_Feed
LN100249,2019-04-01,Current,342963.7470375809,0,2019-04-06,Servicer_Feed
LN100575,2023-04-01,Current,483761.84,0,2023-04-09,Servicer_Feed
LN100015,2024-03-01,60DPD,115254.18,60,2024-03-07,Servicer_Feed
LN101960,2023-03-01,Current,243683.76235002175,0,2023-03-01,Servicer_Feed
LN101433,2024-08-01,Current,422701.2838117407,0,2024-08-03,Servicer_Feed
LN100729,2024-08-01,Current,95557.75,0,2024-04-01,Servicer_Feed
LN101058,2023-10-01,Current,260614.49,0,2023-10-10,Servicer_Feed
LN100236,2024-12-01,Current,375611.33,0,2024-12-06,Servicer_Feed
LN101518,2023-09-01,Current,116753.51399336001,0,2023-09-08,Servicer_Feed
LN100490,2023-03-01,Current,171021.54,0,2023-03-07,Servicer_Feed
LN100681,2022-06-01,Current,213943.41,0,2022-02-01,Servicer_Feed
LN100963,2020-11-01,Current,433441.69,0,2020-11-08,Servicer_Feed
LN101089,2022-11-01,Current,401967.12,0,2022-11-04,Servicer_Feed
LN100525,2021-07-01,Current,210379.09438352296,0,2021-07-04,Servicer_Feed
LN100227,2024-02-01,Current,296652.55,0,2023-10-01,Servicer_Feed
LN100436,2024-01-01,Current,227206.17,0,2024-01-04,Servicer_Feed
LN101403,2022-11-01,Current,183984.13,0,2022-11-06,Servicer_Feed
LN101427,2022-04-01,Current,157547.38,0,2022-04-09,Servicer_Feed
LN100350,2023-07-01,Current,1177443.8309263736,0,2023-07-03,Servicer_Feed
LN101713,2023-06-01,Current,331860.6350133904,0,2023-06-05,Servicer_Feed
LN101849,2024-03-01,Current,249612.0,0,2024-03-10,Servicer_Feed
LN101662,2024-02-01,Current,97701.2,0,2024-02-02,Servicer_Feed
LN101007,2019-03-01,Current,524396.23,0,2019-03-08,Servicer_Feed
LN100809,2022-07-01,Current,203918.19,0,2022-07-03,Servicer_Feed
LN101756,2024-10-01,Current,361612.76,0,2024-10-01,Servicer_Feed
LN101331,2024-10-01,Current,304656.07,0,2024-10-05,Servicer_Feed
LN101470,2019-12-01,Current,206330.23,0,2019-12-09,Servicer_Feed
LN100175,2024-10-01,Current,694188.01,0,2024-10-08,Servicer_Feed
LN101827,2022-11-01,Current,423910.3991777339,0,2022-11-10,Servicer_Feed
LN100663,2022-10-01,Current,165789.63,0,2022-10-01,Servicer_Feed
LN100020,2019-12-01,Current,59083.8,0,2019-08-01,Servicer_Feed
LN100143,2019-12-01,Current,229831.31,0,2019-12-10,Servicer_Feed
LN101587,2022-09-01,Current,165093.0,0,2022-05-01,Servicer_Feed
LN100502,2022-11-01,Current,193816.39,0,2022-11-04,Servicer_Feed
LN100729,2020-12-01,Current,102924.6,0,2020-12-04,Servicer_Feed
LN100449,2023-12-01,Current,221881.76,0,2023-12-07,Servicer_Feed
LN100696,2020-02-01,Current,213447.21,0,2020-05-07,Servicer_Feed
LN100000,2024-02-01,Current,280112.21,0,2024-02-10,Servicer_Feed
LN101966,2024-09-01,Current,143371.34,0,2024-05-01,Servicer_Feed
LN100456,2022-12-01,Current,114697.25,0,2022-12-03,Servicer_Feed
LN100998,2020-12-01,Current,280042.4,0,2020-12-04,Servicer_Feed
LN101652,2023-08-01,Current,113473.69,0,2023-08-05,Servicer_Feed
LN101205,2023-11-01,Current,153713.88,0,2023-11-08,Servicer_Feed
LN101140,2023-11-01,Current,331417.84,0,2023-07-01,Servicer_Feed
LN101343,2023-04-01,60DPD,336166.18,60,2023-04-10,Servicer_Feed
LN100389,2022-03-01,Current,521128.54,0,2022-03-08,Servicer_Feed
LN101780,2022-12-01,Current,123057.74,0,2022-12-05,Servicer_Feed
LN101728,2021-09-01,Current,215415.99,0,2021-09-06,Servicer_Feed
LN100754,2023-03-01,Current,208878.52591803067,0,2023-03-03,Servicer_Feed
LN100916,2022-11-01,Current,187349.48,0,2022-07-01,Servicer_Feed
LN100373,2023-06-01,Current,381960.66469375184,0,2023-06-05,Servicer_Feed
LN100719,2024-07-01,Current,346994.32256532984,0,2024-07-06,Servicer_Feed
LN101026,2022-12-01,Current,212739.3448352266,0,2022-12-07,Servicer_Feed
LN101998,2021-02-01,Current,417501.71559427184,0,2021-02-09,Servicer_Feed
LN101171,2022-12-01,Current,242676.1,0,2022-12-04,Servicer_Feed
LN100734,2021-06-01,Current,137477.25,0,2021-06-03,Servicer_Feed
LN100459,2022-08-01,Current,416965.43,0,2022-08-06,Servicer_Feed
LN100331,2024-10-01,Current,291843.34,0,2024-10-08,Servicer_Feed
LN100993,2019-04-01,Current,180025.3,0,2019-04-06,Servicer_Feed
LN100348,2024-04-01,Current,146501.86,0,2024-04-03,Servicer_Feed
LN101780,2021-08-01,Current,126235.46,0,2021-08-02,Servicer_Feed
LN100498,2022-11-01,Current,239357.63,0,2022-07-01,Servicer_Feed
LN101231,2022-08-01,Current,115527.51,0,2022-08-09,Servicer_Feed
LN100227,2022-09-01,Current,304347.15,0,2022-09-10,Servicer_Feed
LN100118,2022-07-01,Current,347024.66,0,2022-07-09,Servicer_Feed
LN100804,2023-06-01,Current,241489.78,0,2023-06-08,Servicer_Feed
LN101400,2024-05-01,Current,164482.13,0,2024-05-03,Servicer_Feed
LN101378,2024-05-01,Current,167481.32,0,2024-05-08,Servicer_Feed
LN101123,2024-06-01,Current,405270.8764953869,0,2024-06-07,Servicer_Feed
LN101472,2022-11-01,Current,293639.65940937446,0,2022-11-10,Servicer_Feed
LN101222,2022-06-01,Current,218271.66,0,2022-06-03,Servicer_Feed
LN101773,2024-02-01,Current,215688.8,0,2024-02-02,Servicer_Feed
LN101987,2022-09-01,Current,313474.28,0,2022-09-10,Servicer_Feed
LN101711,2023-06-01,Current,316716.86,0,2023-02-01,Servicer_Feed
LN101200,2023-09-01,30DPD,141173.79,30,2023-05-01,Servicer_Feed
LN101216,2024-02-01,Current,286989.69,0,2024-02-07,Servicer_Feed
LN100831,2024-04-01,Current,154686.87,0,2024-04-05,Servicer_Feed
LN100796,2022-08-01,Current,224221.62330102263,0,2022-08-08,Servicer_Feed
LN100460,2024-09-01,Current,162204.4198357471,0,2024-09-09,Servicer_Feed
LN100525,2020-08-01,Current,212528.94,0,2020-08-05,Servicer_Feed
LN101870,2022-06-01,Current,109964.68,0,2022-02-01,Servicer_Feed
LN100353,2022-10-01,Current,590820.2405415326,0,2022-10-08,Servicer_Feed
LN100792,2022-09-01,Current,146949.48,0,2022-09-07,Servicer_Feed
LN100279,2021-12-01,Current,200264.59,0,2021-12-10,Servicer_Feed
LN101496,2024-02-01,Current,182380.32,0,2024-02-01,Servicer_Feed
LN101921,2022-01-01,Current,609910.74,0,2022-01-08,Servicer_Feed
LN100974,2019-12-01,Current,383737.76,0,2019-12-07,Servicer_Feed
LN100986,2020-06-01,Current,417690.78,0,2020-06-08,Servicer_Feed
LN100997,2023-10-01,Current,214855.82,0,2023-06-01,Servicer_Feed
LN101049,2021-06-01,Current,125680.48,0,2021-06-04,Servicer_Feed
LN101331,2024-03-01,Current,308648.46,0,2023-11-01,Servicer_Feed
LN101967,2024-10-01,Current,172227.29,0,2024-10-07,Servicer_Feed
LN101655,2023-10-01,Current,212549.95,0,2023-10-05,Servicer_Feed
LN101758,2021-08-01,Current,138528.68,0,2021-04-01,Servicer_Feed
LN100776,2022-01-01,Current,110170.99950848905,0,2022-01-02,Servicer_Feed
LN100604,2021-08-01,Current,254311.95,0,2021-08-02,Servicer_Feed
LN100136,2020-09-01,Current,189470.43,0,2020-09-09,Servicer_Feed
LN100836,2022-12-01,Current,223194.53,0,2022-12-03,Servicer_Feed
LN100490,2023-02-01,Current,171317.85,0,2023-02-06,Servicer_Feed
LN100998,2021-07-01,Current,276958.78,0,2021-03-01,Servicer_Feed
LN100046,2022-05-01,Current,95692.46,0,2022-01-01,Servicer_Feed
LN101776,2024-04-01,Current,211071.05186076104,0,2024-04-03,Servicer_Feed
LN100170,2023-11-01,Current,159845.03,0,2023-11-01,Servicer_Feed
LN100616,2024-01-01,Current,309113.16,0,2024-01-04,Servicer_Feed
LN100767,2024-05-01,Current,263464.56,0,2024-05-08,Servicer_Feed
LN100945,2021-11-01,Current,182422.57,0,2021-11-06,Servicer_Feed
LN100161,2019-03-01,Current,358625.8794183833,0,2019-03-07,Servicer_Feed
LN101648,2023-05-01,Current,189144.64,0,2023-05-07,Servicer_Feed
LN100565,2022-03-01,Current,379823.08,0,2022-03-08,Servicer_Feed
LN100633,2024-07-01,Current,78996.13,0,2024-07-06,Servicer_Feed
LN101505,2020-07-01,Current,431255.09,0,2020-03-01,Servicer_Feed
LN101276,2023-07-01,Current,214513.79,0,2023-11-09,Servicer_Feed
LN101161,2024-08-01,Current,106390.02,0,2024-04-01,Servicer_Feed
LN101770,2024-01-01,Current,273003.63,0,2023-09-01,Servicer_Feed
LN100990,2023-01-01,Current,678500.81,0,2023-01-08,Servicer_Feed
LN101494,2024-01-01,Current,189482.19,0,2023-09-01,Servicer_Feed
LN101495,2020-09-01,Current,186713.52,0,2020-09-04,Servicer_Feed
LN101590,2024-10-01,Current,196908.18,0,2024-10-01,Servicer_Feed
LN101810,2023-02-01,Current,243935.3,0,2022-10-01,Servicer_Feed
LN100049,2021-05-01,Current,189019.98116867893,0,2021-05-04,Servicer_Feed
LN100372,2023-07-01,Current,392558.89,0,2023-07-08,Servicer_Feed
LN101358,2023-05-01,Current,173089.91,0,2023-05-07,Servicer_Feed
LN101853,2023-04-01,Current,286157.09,0,2023-04-02,Servicer_Feed
LN100420,2024-06-01,Current,253157.48,0,2024-06-06,Servicer_Feed
LN100720,2023-07-01,Current,625629.8836365404,0,2023-07-04,Servicer_Feed
LN100766,2022-10-01,Current,411161.71986306336,0,2022-10-05,Servicer_Feed
LN101671,2023-07-01,Current,989479.1797060379,0,2023-07-07,Servicer_Feed
LN101332,2022-10-01,Current,386648.32,0,2022-10-05,Servicer_Feed
LN100598,2024-01-01,Current,129991.04,0,2024-01-07,Servicer_Feed
LN101802,2023-06-01,90DPD,527367.43,95,2023-06-06,Servicer_Feed
LN101307,2023-08-01,Current,193558.52,0,2023-08-10,Servicer_Feed
LN101293,2021-10-01,Current,243845.04,0,2021-10-07,Servicer_Feed
LN101016,2023-02-01,Current,109590.67,0,2022-10-01,Servicer_Feed
LN100344,2020-01-01,Current,347552.78930771264,0,2024-06-08,Servicer_Feed
LN101145,2023-08-01,Current,365441.69,0,2023-04-01,Servicer_Feed
LN100945,2020-04-01,Current,188071.94,0,2019-12-01,Servicer_Feed
LN101694,2023-12-01,Current,233931.12,0,2023-12-10,Servicer_Feed
LN101008,2023-03-01,60DPD,321309.72,60,2022-11-01,Servicer_Feed
LN100403,2023-07-01,Current,359629.66,0,2023-07-09,Servicer_Feed
LN101677,2022-03-01,Current,164371.75,0,2022-03-04,Servicer_Feed
LN100964,2021-01-01,Current,314305.13,0,2021-01-04,Servicer_Feed
LN101750,2023-09-01,Current,237076.16647671073,0,2023-09-01,Servicer_Feed
LN101024,2022-11-01,Current,242801.11,0,2022-07-01,Servicer_Feed
LN100852,2021-12-01,Current,361069.7,0,2021-08-01,Servicer_Feed
LN100235,2020-03-01,Current,84386.86,0,2020-03-08,Servicer_Feed
LN101629,2024-10-01,Current,347990.27,0,2024-10-09,Servicer_Feed
LN100886,2021-04-01,Current,197510.05,0,2020-12-01,Servicer_Feed
LN100767,2024-12-01,Current,255873.84,0,2024-12-01,Servicer_Feed
LN101263,2019-12-01,Current,280542.01,0,2019-12-02,Servicer_Feed
LN101841,2023-02-01,Current,150334.17,0,2023-02-01,Servicer_Feed
LN101907,2020-10-01,Current,411787.59,0,2020-10-10,Servicer_Feed
LN101693,2024-01-01,Current,229201.27,0,2024-01-07,Servicer_Feed
LN101750,2023-01-01,Current,233128.22,0,2023-01-02,Servicer_Feed
LN101847,2021-05-01,Current,324074.0792374443,0,2021-05-10,Servicer_Feed
LN100031,2024-08-01,Current,354746.64,0,2024-08-10,Servicer_Feed
LN100976,2024-05-01,Current,150705.24,0,2024-05-02,Servicer_Feed
LN100770,2020-01-01,Current,272967.17,0,2020-01-01,Servicer_Feed
LN101014,2022-06-01,Current,92770.65,0,2022-06-03,Servicer_Feed
LN101171,2019-10-01,Current,258304.9,0,2019-10-01,Servicer_Feed
LN100329,2023-06-01,Current,410113.91677416064,0,2023-06-10,Servicer_Feed
LN101007,2019-11-01,Current,716251.1145176288,0,2019-11-01,Servicer_Feed
LN101390,2020-05-01,Current,601187.7173190194,0,2020-05-04,Servicer_Feed
LN101916,2021-08-01,Current,515599.21,0,2021-04-01,Servicer_Feed
LN100275,2024-03-01,Current,345791.93,0,2024-03-07,Servicer_Feed
LN101552,2024-02-01,Current,207581.8056807056,0,2024-02-01,Servicer_Feed
LN100232,2024-10-01,Current,119757.16311444744,0,2024-10-03,Servicer_Feed
LN101297,2020-02-01,Current,265254.138669432,0,2020-02-02,Servicer_Feed
LN101825,2022-07-01,Current,229098.69867632812,0,2022-07-06,Servicer_Feed
LN100444,2024-02-01,Current,356034.21,0,2024-02-10,Servicer_Feed
LN101898,2021-08-01,Current,232623.32,0,2021-04-01,Servicer_Feed
LN100893,2022-06-01,Current,312810.49373160565,0,2022-06-03,Servicer_Feed
LN100612,2022-02-01,Current,291464.66,0,2022-02-03,Servicer_Feed
LN101060,2021-08-01,Current,154926.19,0,2021-08-03,Servicer_Feed
LN101433,2023-03-01,Current,288670.37762660545,0,2023-03-08,Servicer_Feed
LN100679,2021-02-01,Current,164349.22,0,2020-10-01,Servicer_Feed
LN100268,2021-11-01,Current,378542.3,0,2021-11-02,Servicer_Feed
LN101254,2022-05-01,Current,263008.93,0,2024-05-04,Servicer_Feed
LN101520,2024-08-01,Current,155894.64,0,2024-08-05,Servicer_Feed
LN100394,2022-06-01,Current,114619.12,0,2022-06-08,Servicer_Feed
LN100553,2022-07-01,Current,261106.42,0,2022-07-05,Servicer_Feed
LN100128,2023-11-01,Current,188645.08,0,2023-11-02,Servicer_Feed
LN101373,2022-05-01,Current,302367.12,0,2022-05-05,Servicer_Feed
LN100123,2024-01-01,Current,492931.27,0,2024-01-09,Servicer_Feed
LN100459,2023-04-01,Current,404260.05,0,2023-04-06,Servicer_Feed
LN101576,2019-12-01,Current,196320.93,0,2019-12-09,Servicer_Feed
LN100389,2022-08-01,Current,516773.87,0,2022-08-06,Servicer_Feed
LN100576,2023-03-01,Current,269961.04,0,2022-11-01,Servicer_Feed
LN100420,2023-08-01,Current,261729.04,0,2023-08-05,Servicer_Feed
LN101234,2024-02-01,Current,112666.04,0,2024-02-02,Servicer_Feed
LN100996,2022-04-01,Current,181839.83,0,2022-04-06,Servicer_Feed
LN101189,2023-12-01,Current,134828.59,0,2023-12-04,Servicer_Feed
LN101339,2024-08-01,Current,190226.37,0,2024-08-05,Servicer_Feed
LN100746,2021-06-01,Current,433307.91,0,2021-02-01,Servicer_Feed
LN101064,2023-08-01,Current,109771.33,0,2023-08-08,Servicer_Feed
LN101851,2022-08-01,Current,190624.96,0,2022-08-09,Servicer_Feed
LN101205,2024-01-01,Current,152717.94,0,2023-09-01,Servicer_Feed
LN100728,2020-12-01,Current,230384.38,0,2020-12-07,Servicer_Feed
LN100260,2024-05-01,Current,338558.99,0,2024-05-03,Servicer_Feed
LN100898,2024-10-01,Current,220943.89,0,2024-10-03,Servicer_Feed
LN100087,2022-03-01,Current,333686.0701977694,0,2022-03-10,Servicer_Feed
LN101776,2023-07-01,Current,243368.99,0,2023-03-01,Servicer_Feed
LN101863,2022-07-01,Current,370162.29,0,2022-07-01,Servicer_Feed
LN101834,2024-04-01,Current,306993.17,0,2023-12-01,Servicer_Feed
LN101536,2024-03-01,Current,151792.69,0,2024-03-10,Servicer_Feed
LN101049,2021-11-01,Current,124658.22,0,2021-11-05,Servicer_Feed
LN101258,2023-03-01,Current,291865.86,0,2023-03-09,Servicer_Feed
LN101989,2022-06-01,Current,595639.03,0,2022-06-02,Servicer_Feed
LN100488,2024-03-01,Current,138169.26,0,2024-03-02,Servicer_Feed
LN100180,2022-08-01,Current,250060.2284856195,0,2022-08-03,Servicer_Feed
LN101410,2023-01-01,Current,195781.46,0,2022-09-01,Servicer_Feed
LN100455,2021-12-01,Current,178518.7833838171,0,2021-12-09,Servicer_Feed
LN100455,2021-02-01,Current,190820.68,0,2021-02-02,Servicer_Feed
LN101657,2022-03-01,Current,153896.12071730942,0,2022-03-03,Servicer_Feed
LN100149,2021-02-01,Current,216911.63,0,2021-02-01,Servicer_Feed
LN101959,2022-01-01,Current,379797.07,0,2022-01-01,Servicer_Feed
LN101274,2024-05-01,Prepaid,392190.71,0,2024-05-01,Servicer_Feed
LN100326,2023-08-01,60DPD,403085.35,60,2023-08-01,Servicer_Feed
LN101071,2020-06-01,Current,246020.670149219,0,2020-06-08,Servicer_Feed
LN101966,2022-08-01,Current,149992.6,0,2022-08-01,Servicer_Feed
LN101029,2021-09-01,Current,301493.15,0,2021-09-01,Servicer_Feed
LN101297,2022-04-01,Current,214677.25,0,2022-04-02,Servicer_Feed
LN101533,2024-05-01,Current,241836.89,0,2024-05-09,Servicer_Feed
LN100695,2024-07-01,Current,254199.4,0,2024-07-04,Servicer_Feed
LN100417,2023-05-01,Current,195712.59046172444,0,2023-05-02,Servicer_Feed
LN100501,2024-11-01,Current,443777.55,0,2024-11-01,Servicer_Feed
LN101535,2024-11-01,Current,74325.0,0,2024-11-05,Servicer_Feed
LN100358,2023-08-01,Current,312397.99,0,2023-04-01,Servicer_Feed
LN101706,2021-07-01,Current,255974.08,0,2021-07-05,Servicer_Feed
LN101387,2021-12-01,Current,126228.59,0,2021-08-01,Servicer_Feed
LN101755,2024-10-01,Current,316119.79,0,2024-10-03,Servicer_Feed
LN101346,2020-07-01,Current,185797.26,0,2020-07-03,Servicer_Feed
LN100021,2020-07-01,Current,157019.78,0,2020-07-08,Servicer_Feed
LN101874,2020-11-01,Current,500703.13557769405,0,2020-11-05,Servicer_Feed
LN100392,2022-05-01,Current,247498.44,0,2022-05-01,Servicer_Feed
LN100185,2024-06-01,Current,250877.6,0,2024-06-03,Servicer_Feed
LN100924,2022-12-01,Current,250930.61,0,2022-08-01,Servicer_Feed
LN100009,2024-04-01,Current,150926.64,0,2024-04-04,Servicer_Feed
LN100680,2024-08-01,Current,362678.72,0,2024-04-01,Servicer_Feed
LN100979,2019-09-01,Current,154290.66,0,2019-09-06,Servicer_Feed
LN101281,2024-02-01,Current,499629.33,0,2024-02-09,Servicer_Feed
LN100445,2020-11-01,Current,299622.52,0,2020-11-02,Servicer_Feed
LN101505,2020-01-01,Current,435268.81,0,2020-01-04,Servicer_Feed
LN101118,2019-07-01,Current,260996.66,0,2019-07-01,Servicer_Feed
LN101108,2023-09-01,Current,277693.87,0,2023-05-01,Servicer_Feed
LN101968,2024-07-01,Current,171833.44,0,2024-07-09,Servicer_Feed
LN100483,2023-12-01,Current,373856.63,0,2023-12-01,Servicer_Feed
LN100579,2020-06-01,Current,251175.41,0,2020-06-02,Servicer_Feed
LN101403,2022-08-01,Current,184834.72,0,2022-04-01,Servicer_Feed
LN100812,2024-08-01,Current,174720.44,0,2024-04-01,Servicer_Feed
LN100653,2022-12-01,Current,143096.86,0,2022-12-03,Servicer_Feed
LN100227,2024-03-01,Current,296165.51,0,2024-03-05,Servicer_Feed
LN101745,2019-12-01,Current,176696.8,0,2019-12-02,Servicer_Feed
LN101250,2022-04-01,Current,222917.2213482288,0,2022-04-03,Servicer_Feed
LN100626,2022-09-01,Current,214683.14,0,2022-09-10,Servicer_Feed
LN101803,2023-05-01,Current,526647.12,0,2023-05-08,Servicer_Feed
LN101366,2023-12-01,Current,156362.07,0,2023-12-05,Servicer_Feed
LN100849,2021-07-01,Current,162699.04,0,2021-07-02,Servicer_Feed
LN101325,2023-07-01,Current,152625.03307260395,0,2023-07-09,Servicer_Feed
LN101249,2021-01-01,Current,160492.0281924621,0,2021-01-09,Servicer_Feed
LN100717,2021-12-01,Current,205736.13,0,2021-08-01,Servicer_Feed
LN101632,2021-08-01,Current,80482.50026029992,0,2021-08-06,Servicer_Feed
LN100983,2023-12-01,Current,493937.66,0,2023-12-01,Servicer_Feed
LN101257,2019-06-01,Current,360364.87,0,2019-06-06,Servicer_Feed
LN100565,2024-05-01,Current,362809.82,0,2024-05-10,Servicer_Feed
LN101494,2021-03-01,Current,200566.45,0,2021-03-04,Servicer_Feed
LN101326,2023-06-01,Current,350381.34,0,2023-06-10,Servicer_Feed
LN101049,2020-07-01,Current,127905.86,0,2020-07-07,Servicer_Feed
LN100493,2022-10-01,Current,133620.79,0,2022-10-06,Servicer_Feed
LN100979,2021-05-01,Current,149491.69,0,2021-05-08,Servicer_Feed
LN100684,2024-04-01,Current,186246.0,0,2024-04-09,Servicer_Feed
LN101490,2020-11-01,Current,139204.9,0,2020-11-07,Servicer_Feed
LN100001,2023-06-01,Current,138618.45,0,2023-06-08,Servicer_Feed
LN101530,2021-01-01,Current,164958.9851041545,0,2021-01-03,Servicer_Feed
LN101896,2021-08-01,Current,184817.28,0,2021-08-07,Servicer_Feed
LN101221,2023-06-01,Current,272018.6445592331,0,2023-06-03,Servicer_Feed
LN101307,2023-12-01,Current,190041.67999090924,0,2023-12-01,Servicer_Feed
LN101156,2024-09-01,Current,325585.82,0,2024-09-05,Servicer_Feed
LN101799,2020-10-01,Current,353020.35,0,2020-10-03,Servicer_Feed
LN101772,2024-12-01,Current,135543.32,0,2024-12-03,Servicer_Feed
LN100420,2024-02-01,Current,333493.78532734903,0,2024-02-08,Servicer_Feed
LN101185,2021-01-01,Current,235840.14,0,2021-01-02,Servicer_Feed
LN100528,2019-10-01,Current,143889.33,0,2019-10-07,Servicer_Feed
LN101324,2024-02-01,Current,155597.6,0,2024-02-03,Servicer_Feed
LN100465,2021-01-01,Current,129304.55,0,2021-01-03,Servicer_Feed
LN100715,2023-03-01,Current,355002.65,0,2023-03-06,Servicer_Feed
LN101563,2024-11-01,Current,187640.04,0,2024-11-06,Servicer_Feed
LN101736,2022-05-01,Current,142705.87,0,2022-05-03,Servicer_Feed
LN100902,2022-05-01,Current,193113.31,0,2022-05-05,Servicer_Feed
LN101161,2024-02-01,Current,107524.14,0,2024-02-10,Servicer_Feed
LN100208,2023-09-01,30DPD,222893.08,30,2023-09-07,Servicer_Feed
LN100943,2022-08-01,Current,85740.72,0,2022-08-04,Servicer_Feed
LN101327,2024-12-01,Current,341147.83,0,2024-12-07,Servicer_Feed
LN100087,2022-01-01,Current,316016.54,0,2021-09-01,Servicer_Feed
LN100138,2021-02-01,Current,542724.07,0,2021-02-10,Servicer_Feed
LN101957,2022-03-01,Current,344076.1383014095,0,2022-03-01,Servicer_Feed
LN100758,2021-12-01,Current,248545.86,0,2021-08-01,Servicer_Feed
LN100470,2024-08-01,Current,188171.95,0,2024-08-06,Servicer_Feed
LN101693,2024-07-01,Current,569087.6512577389,0,2024-07-09,Servicer_Feed
LN100137,2024-07-01,Current,172817.43179242435,0,2024-07-06,Servicer_Feed
LN100076,2020-08-01,Current,239648.01,0,2020-08-06,Servicer_Feed
LN100081,2021-01-01,Current,240165.5,0,2020-09-01,Servicer_Feed
LN100727,2024-03-01,Prepaid,115711.6000504204,0,2024-03-03,Servicer_Feed
LN101711,2023-11-01,Current,419141.80401793506,0,2023-11-03,Servicer_Feed
LN100349,2023-09-01,Current,236539.07,0,2023-09-01,Servicer_Feed
LN100310,2023-05-01,Current,236469.24,0,2023-05-04,Servicer_Feed
LN101555,2023-05-01,Current,310421.38,0,2023-01-01,Servicer_Feed
LN101543,2024-06-01,Current,274828.59,0,2024-06-01,Servicer_Feed
LN100307,2023-06-01,Current,253614.47,0,2023-06-01,Servicer_Feed
LN100661,2024-01-01,Current,173875.52,0,2024-01-04,Servicer_Feed
LN100389,2022-10-01,Current,515023.58,0,2022-10-09,Servicer_Feed
LN100726,2019-07-01,Current,248190.02,0,2019-07-06,Servicer_Feed
LN101450,2022-02-01,Current,488006.37,0,2021-10-01,Servicer_Feed
LN100892,2024-12-01,Current,349711.06,0,2024-12-03,Servicer_Feed
LN100494,2023-10-01,Current,326321.97,0,2023-10-04,Servicer_Feed
LN100460,2024-10-01,Current,170539.38,0,2024-10-02,Servicer_Feed
LN100473,2023-02-01,Current,200572.06,0,2023-02-05,Servicer_Feed
LN101771,2024-04-01,Current,152448.59,0,2024-04-10,Servicer_Feed
LN100098,2023-06-01,Current,304024.33637040673,0,2023-06-09,Servicer_Feed
LN100555,2024-07-01,Prepaid,171351.7,0,2024-07-02,Servicer_Feed
LN100251,2023-05-01,Current,258721.51,0,2023-05-04,Servicer_Feed
LN101363,2020-06-01,Current,177509.53,0,2020-06-02,Servicer_Feed
LN101475,2024-06-01,Current,242135.51,0,2024-06-04,Servicer_Feed
LN100658,2020-02-01,Current,204541.79,0,2020-02-06,Servicer_Feed
LN100825,2024-07-01,Current,147741.41,0,2024-07-10,Servicer_Feed
LN101968,2023-01-01,Current,177518.85,0,2023-01-01,Servicer_Feed
LN101985,2021-12-01,Current,301298.61,0,2021-12-05,Servicer_Feed
LN101037,2024-04-01,Current,293151.7685474309,0,2024-04-01,Servicer_Feed
LN100118,2023-07-01,Current,339988.2,0,2023-03-01,Servicer_Feed
LN101640,2024-02-01,Current,233396.24,0,2024-02-01,Servicer_Feed
LN101109,2023-01-01,Current,336858.12616912986,0,2023-01-04,Servicer_Feed
LN100915,2023-08-01,Current,133594.4,0,2023-04-01,Servicer_Feed
LN100944,2021-02-01,Current,217574.88,0,2020-10-01,Servicer_Feed
LN100112,2024-03-01,Current,361447.89,0,2024-03-05,Servicer_Feed
LN101145,2024-06-01,Current,460941.8370014595,0,2024-06-07,Servicer_Feed
LN100798,2023-05-01,Current,443357.7443995407,0,2023-05-10,Servicer_Feed
LN100371,2020-08-01,Current,201107.5,0,2020-08-03,Servicer_Feed
LN101221,2023-10-01,Current,241947.37,0,2023-10-06,Servicer_Feed
LN101960,2022-02-01,Current,319719.33,0,2022-02-06,Servicer_Feed
LN100046,2022-06-01,Current,95533.93,0,2022-02-01,Servicer_Feed
LN101773,2022-05-01,Current,205218.39780946553,0,2022-05-03,Servicer_Feed
LN100530,2021-01-01,Current,125697.17122445704,0,2021-01-10,Servicer_Feed
LN101917,2023-01-01,60DPD,109928.87,60,2023-01-09,Servicer_Feed
LN101989,2023-10-01,Current,580065.86,0,2023-06-01,Servicer_Feed
LN101654,2019-12-01,Current,88692.25,0,2019-08-01,Servicer_Feed
LN101062,2024-09-01,30DPD,407032.2180055899,30,2024-09-05,Servicer_Feed
LN100185,2020-08-01,Current,271607.26,0,2020-08-03,Servicer_Feed
LN100990,2024-07-01,Current,659391.47,0,2024-07-04,Servicer_Feed
LN100072,2020-06-01,Current,233986.12,0,2020-06-08,Servicer_Feed
LN101268,2022-06-01,Current,393178.3124623066,0,2022-06-07,Servicer_Feed
LN101184,2024-07-01,Current,703142.0,0,2024-07-02,Servicer_Feed
LN100631,2021-06-01,Current,264637.25,0,2021-06-05,Servicer_Feed
LN100686,2022-10-01,Current,239945.88,0,2022-06-01,Servicer_Feed
LN101233,2020-05-01,Current,107463.76,0,2020-01-01,Servicer_Feed
LN101301,2019-04-01,Current,158371.9,0,2019-04-06,Servicer_Feed
LN101810,2024-01-01,Current,239304.99,0,2024-01-09,Servicer_Feed
LN100157,2022-06-01,Current,212797.66,0,2022-06-06,Servicer_Feed
LN101109,2020-10-01,Current,318255.59,0,2020-10-01,Servicer_Feed
LN100885,2022-09-01,Current,230211.52968538355,0,2022-09-07,Servicer_Feed
LN100923,2024-03-01,Current,466421.65,0,2024-03-02,Servicer_Feed
LN100807,2022-12-01,Current,247786.65,0,2022-12-06,Servicer_Feed
LN100235,2023-11-01,Current,78715.54,0,2023-11-09,Servicer_Feed
LN101470,2019-03-01,Current,209238.05,0,2019-03-10,Servicer_Feed
LN101547,2022-01-01,Current,210333.02,0,2022-01-04,Servicer_Feed
LN101907,2021-05-01,Current,1006929.9735981103,0,2021-01-01,Servicer_Feed
LN100469,2022-11-01,Current,177583.81,0,2022-11-01,Servicer_Feed
LN100546,2019-05-01,Current,354995.18,0,2019-05-07,Servicer_Feed
LN101184,2022-03-01,Current,735916.53,0,2022-03-05,Servicer_Feed
LN101899,2023-09-01,Current,182355.24,0,2023-09-09,Servicer_Feed
LN100505,2022-10-01,Current,206483.54206295425,0,2022-10-01,Servicer_Feed
LN100360,2020-05-01,Current,215583.46307326792,0,2020-05-01,Servicer_Feed
LN101958,2022-12-01,Prepaid,172741.63,0,2022-12-02,Servicer_Feed
LN100552,2020-03-01,Current,392022.09,0,2020-03-10,Servicer_Feed
LN101449,2024-12-01,Current,265991.3,0,2024-12-03,Servicer_Feed
LN101845,2020-11-01,Current,323344.9,0,2020-11-01,Servicer_Feed
LN101629,2022-02-01,Current,366479.71,0,2022-02-05,Servicer_Feed
LN100120,2023-08-01,Current,165306.69,0,2023-04-01,Servicer_Feed
LN101937,2024-03-01,Current,172706.0,0,2023-11-01,Servicer_Feed
LN101426,2024-05-01,Current,218850.38420108883,0,2024-05-09,Servicer_Feed
LN100249,2022-07-01,Current,245997.78,0,2022-07-10,Servicer_Feed
LN101512,2021-01-01,Current,191366.76,0,2020-09-01,Servicer_Feed
LN101781,2023-04-01,Current,130308.02,0,2022-12-01,Servicer_Feed
LN100076,2019-06-01,Current,250810.74,0,2019-06-04,Servicer_Feed
LN100521,2023-09-01,Current,235524.17,0,2023-09-04,Servicer_Feed
LN101157,2019-10-01,Current,234260.9,0,2019-10-09,Servicer_Feed
LN101745,2020-04-01,Current,174414.43,0,2019-12-01,Servicer_Feed
LN100187,2020-10-01,Current,385766.88,0,2020-06-01,Servicer_Feed
LN100039,2022-02-01,Current,293548.52261908335,0,2022-02-08,Servicer_Feed
LN101162,2024-12-01,Current,233280.34,0,2024-12-01,Servicer_Feed
LN101741,2023-06-01,Current,325059.90146750427,0,2023-06-02,Servicer_Feed
LN101397,2021-10-01,Current,292425.46,0,2021-06-01,Servicer_Feed
LN101331,2020-10-01,Current,290184.8781875248,0,2020-10-09,Servicer_Feed
LN101579,2023-09-01,Current,310989.75,0,2023-09-08,Servicer_Feed
LN100285,2024-01-01,Current,99849.32,0,2024-01-07,Servicer_Feed
LN101393,2023-11-01,Prepaid,186209.1861403616,0,2023-11-01,Servicer_Feed
LN100562,2020-07-01,Current,211553.0,0,2020-07-09,Servicer_Feed
LN101724,2022-06-01,Current,278207.259466644,0,2022-06-04,Servicer_Feed
LN100867,2023-12-01,Current,440106.34,0,2023-12-09,Servicer_Feed
LN100933,2024-02-01,Current,470859.96,0,2024-02-07,Servicer_Feed
LN101200,2022-06-01,Current,144687.86,0,2022-06-05,Servicer_Feed
LN101378,2024-02-01,Current,169167.4,0,2024-02-07,Servicer_Feed
LN101804,2024-06-01,Current,89688.42,0,2024-06-02,Servicer_Feed
LN101172,2024-01-01,30DPD,230703.57,30,2024-01-02,Servicer_Feed
LN100775,2023-12-01,Current,320467.48,0,2023-12-09,Servicer_Feed
LN100553,2022-04-01,Current,262457.4,0,2022-04-05,Servicer_Feed
LN101540,2022-03-01,Current,148728.26,0,2022-03-10,Servicer_Feed
LN101200,2019-03-01,Current,154128.63,0,2019-03-02,Servicer_Feed
LN100354,2022-03-01,Current,504655.4777155783,0,2022-03-07,Servicer_Feed
LN101419,2021-08-01,Current,118953.13,0,2021-08-01,Servicer_Feed
LN100748,2024-07-01,Current,210536.18,0,2024-07-08,Servicer_Feed
LN100543,2023-02-01,Current,191215.2,0,2022-10-01,Servicer_Feed
LN100074,2021-08-01,Current,283297.57,0,2021-08-01,Servicer_Feed
LN101918,2024-01-01,Current,158870.28,0,2024-01-01,Servicer_Feed
LN100379,2024-04-01,Current,154231.51,0,2024-04-10,Servicer_Feed
LN100530,2020-07-01,Current,166444.75,0,2020-03-01,Servicer_Feed
LN101372,2024-10-01,Current,341445.02091405366,0,2024-10-09,Servicer_Feed
LN100405,2024-06-01,Current,228251.73,0,2024-02-01,Servicer_Feed
LN100172,2020-03-01,Current,256039.73,0,2020-03-09,Servicer_Feed
LN100183,2024-09-01,Current,514954.09,0,2024-05-01,Servicer_Feed
LN101447,2021-01-01,Current,169707.93,0,2021-01-10,Servicer_Feed
LN100831,2022-02-01,Current,161643.92,0,2022-02-09,Servicer_Feed
LN101615,2023-11-01,Current,252150.68,0,2023-11-02,Servicer_Feed
LN100552,2023-09-01,Current,333997.11,0,2023-09-07,Servicer_Feed
LN100290,2022-08-01,Current,134477.55245553207,0,2022-08-09,Servicer_Feed
LN100546,2021-07-01,Current,325157.39,0,2021-07-05,Servicer_Feed
LN101040,2022-08-01,Current,200483.8,0,2022-04-01,Servicer_Feed
LN100728,2023-04-01,Current,245547.73727060287,0,2023-04-03,Servicer_Feed
LN101730,2023-05-01,Current,220293.94,0,2023-05-04,Servicer_Feed
LN101387,2022-07-01,Current,137042.51642093356,0,2022-07-02,Servicer_Feed
LN100594,2024-01-01,Current,137852.65,0,2024-01-04,Servicer_Feed
LN100060,2024-01-01,Current,143910.34,0,2024-01-03,Servicer_Feed
LN101810,2021-12-01,Current,249726.44,0,2021-12-08,Servicer_Feed
LN100979,2023-08-01,Current,142805.48,0,2023-08-05,Servicer_Feed
LN101250,2024-02-01,Current,222906.54,0,2024-02-04,Servicer_Feed
LN101685,2022-10-01,Current,193610.18,0,2022-10-05,Servicer_Feed
LN101745,2023-04-01,Current,154696.20742360354,0,2023-04-09,Servicer_Feed
LN101408,2021-03-01,Current,73620.35,0,2021-03-06,Servicer_Feed
LN100872,2022-12-01,Current,215368.24,0,2022-12-01,Servicer_Feed
LN100008,2022-05-01,Current,403656.138034179,0,2022-05-04,Servicer_Feed
LN100491,2020-07-01,Current,193569.56,0,2020-07-03,Servicer_Feed
LN101936,2021-07-01,Current,172899.93,0,2021-07-01,Servicer_Feed
LN101772,2022-01-01,Current,152634.78,0,2022-01-01,Servicer_Feed
LN101354,2022-05-01,Current,230301.24,0,2022-05-01,Servicer_Feed
LN100287,2019-08-01,Current,171847.91,0,2019-04-01,Servicer_Feed
LN101272,2021-12-01,Current,306163.65,0,2021-08-01,Servicer_Feed
LN101505,2022-02-01,60DPD,401970.9980917897,60,2022-02-07,Servicer_Feed
LN101930,2021-05-01,Current,308984.52,0,2021-01-01,Servicer_Feed
LN100242,2022-03-01,Current,316455.96,0,2022-03-05,Servicer_Feed
LN101966,2022-10-01,Current,149471.75,0,2022-10-09,Servicer_Feed
LN101877,2024-08-01,Current,341907.6835817294,0,2024-08-02,Servicer_Feed
LN100371,2021-07-01,Current,197638.45,0,2021-07-04,Servicer_Feed
LN101844,2024-07-01,Current,232446.86304224163,0,2024-07-05,Servicer_Feed
LN100342,2020-10-01,Current,417930.67,0,2020-06-01,Servicer_Feed
LN101081,2024-03-01,Current,299372.2111458879,0,2024-03-02,Servicer_Feed
LN100977,2021-06-01,Current,57490.34,0,2021-06-03,Servicer_Feed
LN101506,2022-06-01,Current,267649.78,0,2022-06-07,Servicer_Feed
LN100915,2023-05-01,Current,134224.39,0,2023-05-08,Servicer_Feed
LN101066,2023-05-01,Current,194224.08,0,2023-05-01,Servicer_Feed
LN100127,2022-02-01,Current,296689.55,0,2022-02-06,Servicer_Feed
LN101500,2021-02-01,Current,278754.81,0,2021-02-01,Servicer_Feed
LN100211,2024-07-01,Current,196802.24,0,2024-07-07,Servicer_Feed
LN101639,2022-05-01,Current,218109.31,0,2022-05-04,Servicer_Feed
LN101202,2023-04-01,Current,283810.65,0,2023-04-01,Servicer_Feed
LN100448,2024-10-01,Current,398324.03,0,2024-10-08,Servicer_Feed
LN101568,2024-11-01,Current,219279.76,0,2024-10-01,Servicer_Feed
LN100282,2022-01-01,Current,327842.45,0,2022-01-05,Servicer_Feed
LN100836,2022-02-01,Current,226707.3,0,2022-02-06,Servicer_Feed
LN101597,2023-11-01,Current,385996.34,0,2023-11-02,Servicer_Feed
LN101226,2024-11-01,Current,383619.36,0,2024-11-03,Servicer_Feed
LN100751,2023-10-01,Current,151340.47204000803,0,2023-10-08,Servicer_Feed
LN101188,2019-12-01,Current,431814.78,0,2019-12-09,Servicer_Feed
LN101804,2024-02-01,Current,90245.61,0,2024-02-07,Servicer_Feed
LN101956,2023-08-01,Current,326392.77,0,2023-04-01,Servicer_Feed
LN100078,2021-05-01,Current,161413.95,0,2021-05-01,Servicer_Feed
LN100185,2024-10-01,Current,249008.69,0,2024-10-06,Servicer_Feed
LN101098,2020-08-01,Current,222519.46,0,2020-08-10,Servicer_Feed
LN101600,2023-08-01,Current,388910.59,0,2023-08-02,Servicer_Feed
LN100456,2023-08-01,Current,113169.87,0,2023-08-08,Servicer_Feed
LN100127,2023-04-01,Current,290181.76,0,2023-04-01,Servicer_Feed
LN100247,2020-10-01,Current,191100.02,0,2020-10-07,Servicer_Feed
LN100719,2024-06-01,Current,323775.32,0,2024-06-05,Servicer_Feed
LN100955,2023-02-01,Current,265693.47722100635,0,2023-02-07,Servicer_Feed
LN100991,2024-07-01,Current,231742.14,0,2024-07-03,Servicer_Feed
LN100287,2023-11-01,Current,361850.0071542802,0,2023-11-04,Servicer_Feed
LN100589,2024-07-01,Current,152334.70388560853,0,2024-07-01,Servicer_Feed
LN101004,2023-03-01,Current,282064.85,0,2023-03-05,Servicer_Feed
LN100882,2023-03-01,Current,154600.96,0,2023-03-10,Servicer_Feed
LN101253,2023-12-01,Current,461725.62,0,2023-12-09,Servicer_Feed
LN100945,2024-05-01,Current,173821.59,0,2024-01-01,Servicer_Feed
LN101032,2024-09-01,Current,248137.13,0,2024-05-01,Servicer_Feed
LN100336,2022-01-01,Current,98488.5,0,2021-09-01,Servicer_Feed
LN100329,2024-04-01,Current,315604.39,0,2024-04-10,Servicer_Feed
LN100858,2021-09-01,Current,81403.58,0,2021-09-03,Servicer_Feed
LN100529,2023-12-01,Current,112908.37,0,2023-12-08,Servicer_Feed
LN101234,2024-11-01,Current,110902.21,0,2024-11-03,Servicer_Feed
LN100653,2022-05-01,Current,144808.9,0,2022-05-03,Servicer_Feed
LN100875,2024-02-01,Current,245126.8,0,2023-10-01,Servicer_Feed
LN100181,2023-02-01,Current,400902.38,0,2022-10-01,Servicer_Feed
LN101510,2023-08-01,Current,379565.58,0,2023-08-02,Servicer_Feed
LN100357,2024-02-01,Current,315884.67,0,2024-02-10,Servicer_Feed
LN100855,2024-06-01,Current,199993.96,0,2024-06-10,Servicer_Feed
LN100389,2019-12-01,Current,539088.3,0,2019-12-02,Servicer_Feed
LN100652,2024-07-01,Current,141788.4,0,2024-03-01,Servicer_Feed
LN101480,2022-10-01,30DPD,154410.45,30,2022-10-04,Servicer_Feed
LN101901,2022-11-01,Current,225874.52,0,2022-11-06,Servicer_Feed
LN100240,2022-09-01,Current,183970.62,0,2022-09-10,Servicer_Feed
LN101864,2023-09-01,Current,296612.84,0,2023-09-02,Servicer_Feed
LN101114,2022-12-01,Current,341396.81,0,2022-12-09,Servicer_Feed
LN100192,2023-04-01,Current,156659.57232148893,0,2023-04-01,Servicer_Feed
LN100291,2022-06-01,Current,182561.3,0,2022-02-01,Servicer_Feed
LN101870,2023-05-01,Current,108012.15,0,2023-05-01,Servicer_Feed
LN100076,2022-02-01,Current,224637.06,0,2022-02-04,Servicer_Feed
LN101490,2021-01-01,Current,151436.27313840232,0,2021-01-09,Servicer_Feed
LN100631,2022-02-01,Current,261196.48,0,2022-02-03,Servicer_Feed
LN101833,2023-10-01,Current,223656.2359658218,0,2023-10-02,Servicer_Feed
LN100090,2024-04-01,Current,128213.4,0,2024-04-10,Servicer_Feed
LN100296,2024-12-01,Current,261057.15,0,2024-12-09,Servicer_Feed
LN100570,2021-01-01,Current,187074.7,0,2021-01-06,Servicer_Feed
LN100083,2022-01-01,Current,198094.60806734656,0,2022-01-04,Servicer_Feed
LN100381,2024-12-01,Current,176769.52391718232,0,2024-12-04,Servicer_Feed
LN100484,2022-02-01,Current,355836.1,0,2022-02-08,Servicer_Feed
LN101300,2021-07-01,Current,268472.59,0,2021-07-07,Servicer_Feed
LN101191,2020-03-01,Current,202805.46,0,2020-02-10,Servicer_Feed
LN101600,2023-12-01,Current,386522.78,0,2023-08-01,Servicer_Feed
LN101479,2020-12-01,Current,421856.3,0,2020-12-03,Servicer_Feed
LN101166,2022-01-01,Current,224385.29,0,2021-09-01,Servicer_Feed
LN100113,2023-07-01,Current,179483.28,0,2023-07-07,Servicer_Feed
LN101321,2024-02-01,Current,521792.89,0,2024-02-04,Servicer_Feed
LN101661,2022-08-01,Current,226678.1127766516,0,2022-08-04,Servicer_Feed
LN101689,2022-11-01,Current,137676.16,0,2022-11-03,Servicer_Feed
LN101402,2022-06-01,Current,335304.03,0,2022-06-02,Servicer_Feed
LN100030,2024-11-01,Current,266956.64,0,2024-11-04,Servicer_Feed
LN101620,2019-07-01,Current,98248.18,0,2019-07-01,Servicer_Feed
LN101170,2021-12-01,Current,530745.0,0,2021-08-01,Servicer_Feed
LN101976,2021-04-01,Current,362542.18,0,2021-04-07,Servicer_Feed
LN101030,2023-10-01,Current,149633.59,0,2023-10-05,Servicer_Feed
LN100127,2022-05-01,Current,295304.9,0,2022-05-05,Servicer_Feed
LN100289,2024-12-01,Current,222159.82,0,2024-12-06,Servicer_Feed
LN101470,2023-03-01,Current,193320.17,0,2023-03-08,Servicer_Feed
LN100717,2024-10-01,Current,195054.45,0,2024-10-06,Servicer_Feed
LN100853,2023-07-01,Current,337890.69,0,2023-07-07,Servicer_Feed
LN101486,2024-06-01,Current,176594.78,0,2024-02-01,Servicer_Feed
LN101008,2023-01-01,30DPD,321309.72,30,2023-01-01,Servicer_Feed
LN100060,2022-10-01,Current,147602.53,0,2022-10-04,Servicer_Feed
LN101040,2024-10-01,Current,191983.08,0,2024-06-01,Servicer_Feed
LN101081,2024-09-01,Current,470402.5326139815,0,2024-09-09,Servicer_Feed
LN101614,2022-10-01,Current,124452.95,0,2022-10-05,Servicer_Feed
LN100966,2021-12-01,Current,348070.25477376935,0,2021-12-07,Servicer_Feed
LN101595,2022-04-01,Current,181564.11,0,2022-04-05,Servicer_Feed
LN101748,2022-10-01,Current,276763.22,0,2022-10-01,Servicer_Feed
LN101813,2024-04-01,Current,183283.03,0,2024-04-08,Servicer_Feed
LN101673,2024-02-01,Current,210251.05,0,2023-10-01,Servicer_Feed
LN101222,2021-04-01,Current,223253.82,0,2020-12-01,Servicer_Feed
LN101058,2021-11-01,Current,221917.35467210627,0,2021-11-04,Servicer_Feed
LN100528,2020-04-01,Current,142536.02,0,2020-04-06,Servicer_Feed
LN101062,2021-11-01,Current,441839.73471945967,0,2021-11-09,Servicer_Feed
LN100019,2023-11-01,Current,152356.02,0,2023-11-04,Servicer_Feed
LN100852,2023-06-01,Current,338874.82,0,2023-06-04,Servicer_Feed
LN101140,2024-12-01,Current,323755.75,0,2024-12-01,Servicer_Feed
LN101500,2023-07-01,Current,270582.57012981246,0,2023-07-01,Servicer_Feed
LN101709,2020-05-01,Current,252255.81,0,2020-05-01,Servicer_Feed
LN100620,2021-05-01,Current,195490.76,0,2021-05-09,Servicer_Feed
LN100182,2022-05-01,Current,222220.38,0,2022-05-04,Servicer_Feed
LN100331,2022-10-01,Current,303824.85,0,2022-06-01,Servicer_Feed
LN100658,2020-06-01,Current,203260.94,0,2020-06-08,Servicer_Feed
LN100022,2023-12-01,Current,198527.83,0,2023-12-02,Servicer_Feed
LN101659,2023-05-01,Current,248822.07,0,2023-05-01,Servicer_Feed
LN101769,2022-03-01,Current,361010.2470044267,0,2022-03-03,Servicer_Feed
LN100927,2022-05-01,Current,334547.17,0,2022-05-06,Servicer_Feed
LN100943,2021-04-01,Current,87948.32,0,2021-04-04,Servicer_Feed
LN100670,2024-04-01,Current,156269.13,0,2024-04-02,Servicer_Feed
LN101250,2022-12-01,Current,228491.19,0,2022-12-05,Servicer_Feed
LN100008,2021-11-01,Current,310139.32,0,2021-11-04,Servicer_Feed
LN101322,2022-06-01,Current,358924.19,0,2022-02-01,Servicer_Feed
LN100712,2024-09-01,Current,269582.85,0,2024-09-02,Servicer_Feed
LN100855,2024-10-01,Current,154741.41551584884,0,2024-10-05,Servicer_Feed
LN100935,2024-03-01,Prepaid,121927.11,0,2024-03-07,Servicer_Feed
LN100247,2020-09-01,Current,191408.75,0,2020-09-01,Servicer_Feed
LN100728,2024-04-01,Current,215068.79,0,2024-04-05,Servicer_Feed
LN100631,2024-10-01,Current,247044.58,0,2024-10-02,Servicer_Feed
LN101548,2023-05-01,Current,153003.56,0,2023-01-01,Servicer_Feed
LN101101,2024-02-01,Current,217736.39048636868,0,2024-02-03,Servicer_Feed
LN101634,2021-11-01,Prepaid,226060.19,0,2021-11-05,Servicer_Feed
LN100297,2024-02-01,Current,470628.268028842,0,2024-02-03,Servicer_Feed
LN101659,2024-03-01,Current,244831.73,0,2024-03-01,Servicer_Feed
LN100828,2020-05-01,Current,354086.54,0,2020-05-09,Servicer_Feed
LN101935,2024-05-01,Current,312361.16592371895,0,2024-05-01,Servicer_Feed
LN101699,2021-07-01,Current,167371.81,0,2021-07-02,Servicer_Feed
LN100602,2023-01-01,Current,267669.42,0,2023-01-05,Servicer_Feed
LN101379,2021-12-01,Current,184618.3,0,2021-12-06,Servicer_Feed
LN101283,2023-11-01,Current,198185.71,0,2023-11-03,Servicer_Feed
LN101068,2023-03-01,Current,104960.2,0,2023-03-10,Servicer_Feed
LN100901,2023-07-01,Current,184984.80238146355,0,2023-07-08,Servicer_Feed
LN100997,2023-07-01,Current,215892.71,0,2023-03-01,Servicer_Feed
LN100873,2023-05-01,Current,122997.41,0,2023-05-07,Servicer_Feed
LN100759,2021-11-01,Current,223653.55,0,2021-11-09,Servicer_Feed
LN100661,2022-01-01,Current,141316.22451045204,0,2022-01-03,Servicer_Feed
LN101428,2021-10-01,Current,210290.02270326568,0,2021-10-10,Servicer_Feed
LN101150,2024-12-01,Current,135391.69169490566,0,2024-12-04,Servicer_Feed
LN100831,2024-09-01,Current,153319.48,0,2024-09-06,Servicer_Feed
LN100144,2022-10-01,Current,243522.53,0,2022-10-09,Servicer_Feed
LN100737,2021-05-01,Current,253754.12,0,2021-05-10,Servicer_Feed
LN100130,2023-01-01,Current,204764.75213201853,0,2023-01-08,Servicer_Feed
LN101235,2024-01-01,Current,159363.7,0,2024-01-05,Servicer_Feed
LN101538,2023-08-01,Current,504056.28,0,2023-08-09,Servicer_Feed
LN100330,2022-09-01,Current,165559.8,0,2022-09-10,Servicer_Feed
LN101516,2021-06-01,Current,482391.2,0,2021-06-02,Servicer_Feed
LN101408,2021-06-01,Current,72903.89,0,2021-06-02,Servicer_Feed
LN100816,2024-04-01,Current,202416.8,0,2024-04-05,Servicer_Feed
LN100565,2020-07-01,Current,392497.07,0,2020-07-06,Servicer_Feed
LN101921,2019-08-01,Current,738406.5225520578,0,2019-08-08,Servicer_Feed
LN100684,2023-03-01,Current,189924.69,0,2023-03-06,Servicer_Feed
LN100923,2021-10-01,Current,490296.79,0,2021-06-01,Servicer_Feed
LN101190,2024-12-01,Current,258970.81,0,2024-08-01,Servicer_Feed
LN101037,2020-10-01,Current,260003.27,0,2020-10-04,Servicer_Feed
LN100633,2023-12-01,Current,79855.78,0,2023-12-04,Servicer_Feed
LN101653,2021-03-01,Current,263683.66,0,2020-11-01,Servicer_Feed
LN100944,2020-07-01,Current,220062.07,0,2020-07-09,Servicer_Feed
LN101309,2022-12-01,Current,139558.39,0,2022-12-09,Servicer_Feed
LN101171,2022-04-01,Current,246033.74,0,2022-04-04,Servicer_Feed
LN101040,2023-01-01,Current,198872.17,0,2023-01-09,Servicer_Feed
LN101957,2024-01-01,Current,313051.57,0,2024-01-07,Servicer_Feed
LN101512,2021-04-01,60DPD,190721.05,60,2021-04-07,Servicer_Feed
LN100563,2024-12-01,Current,221017.83,0,2024-12-06,Servicer_Feed
LN100871,2023-07-01,Current,116121.29,0,2023-07-04,Servicer_Feed
LN100801,2022-08-01,Current,230041.5575019875,0,2022-08-10,Servicer_Feed
LN101770,2021-11-01,Current,285398.97,0,2021-11-09,Servicer_Feed
LN100345,2024-02-01,Current,218424.98,0,2024-02-08,Servicer_Feed
LN100340,2022-06-01,Prepaid,90171.86,0,2022-02-01,Servicer_Feed
LN101727,2021-06-01,Current,281375.3329189256,0,2021-06-10,Servicer_Feed
LN100290,2019-08-01,Current,180395.58,0,2019-08-09,Servicer_Feed
LN101576,2022-03-01,Current,178531.24,0,2022-03-06,Servicer_Feed
LN101383,2024-12-01,Current,555645.3589123626,0,2024-12-09,Servicer_Feed
LN100226,2022-12-01,Current,248310.0,0,2022-12-04,Servicer_Feed
LN101718,2021-07-01,Current,181341.82777342742,0,2021-07-09,Servicer_Feed
LN100492,2022-09-01,Current,130604.77,0,2022-09-01,Servicer_Feed
LN100020,2024-11-01,Current,47216.38,0,2024-11-07,Servicer_Feed
LN101128,2024-10-01,Current,197888.55,0,2024-10-02,Servicer_Feed
LN101477,2024-08-01,Current,84728.01,0,2024-04-01,Servicer_Feed
LN100324,2021-03-01,Current,206182.7,0,2021-03-04,Servicer_Feed
LN100335,2021-02-01,Current,362373.88,0,2021-02-02,Servicer_Feed
LN101418,2021-05-01,Current,174931.92,0,2021-05-02,Servicer_Feed
LN101510,2021-06-01,Current,394294.12,0,2021-02-01,Servicer_Feed
LN100993,2021-05-01,Current,173042.57,0,2021-05-02,Servicer_Feed
LN101914,2021-07-01,Current,299465.61,0,2021-07-07,Servicer_Feed
LN100240,2023-12-01,Current,173263.74,0,2023-12-06,Servicer_Feed
LN101081,2024-08-01,Current,411081.75,0,2024-04-01,Servicer_Feed
LN100829,2021-02-01,Current,160005.166082395,0,2021-02-09,Servicer_Feed
LN100511,2024-03-01,Current,257018.82,0,2024-03-01,Servicer_Feed
LN101447,2021-08-01,Current,165786.88,0,2021-08-07,Servicer_Feed
LN101538,2023-10-01,Current,502354.3,0,2023-10-04,Servicer_Feed
LN101426,2023-02-01,Current,192456.59,0,2022-10-01,Servicer_Feed
LN100022,2023-04-01,Current,169856.2378428306,0,2023-04-09,Servicer_Feed
LN100258,2023-12-01,Current,271148.62,0,2023-12-10,Servicer_Feed
LN100075,2023-12-01,Current,207437.48,0,2023-12-07,Servicer_Feed
LN100656,2023-11-01,Current,324205.3,0,2023-11-06,Servicer_Feed
LN101010,2022-06-01,Current,107082.16,0,2024-10-04,Servicer_Feed
LN100792,2021-10-01,Current,149638.02,0,2021-10-10,Servicer_Feed
LN101245,2022-06-01,Current,269387.44,0,2022-06-05,Servicer_Feed
LN101964,2023-08-01,Current,474605.27,0,2023-08-04,Servicer_Feed
LN101837,2024-07-01,Current,217645.51,0,2024-07-03,Servicer_Feed
LN100426,2021-05-01,Current,208646.15,0,2021-05-07,Servicer_Feed
LN101349,2020-02-01,Current,387452.91248841136,0,2020-02-04,Servicer_Feed
LN101344,2020-10-01,Current,369961.29,0,2020-10-01,Servicer_Feed
LN100281,2020-04-01,Current,150965.85,0,2020-04-03,Servicer_Feed
LN101025,2024-04-01,Current,194284.35,0,2024-04-07,Servicer_Feed
LN101466,2024-01-01,Current,389177.83,0,2024-01-03,Servicer_Feed
LN101210,2021-05-01,Current,198319.48,0,2021-05-08,Servicer_Feed
LN100692,2022-02-01,Current,310151.46,0,2022-02-03,Servicer_Feed
LN101407,2024-10-01,Current,320084.28,0,2024-10-07,Servicer_Feed
LN101136,2020-08-01,Current,176714.42,0,2020-04-01,Servicer_Feed
LN101507,2022-04-01,Current,419303.22,0,2022-04-01,Servicer_Feed
LN101673,2022-11-01,Current,215241.72,0,2022-11-07,Servicer_Feed
LN100752,2024-07-01,Current,514473.8,0,2024-07-03,Servicer_Feed
LN101892,2023-04-01,Current,272297.99,0,2022-12-01,Servicer_Feed
LN101163,2024-05-01,Current,192216.04,0,2024-05-03,Servicer_Feed
LN100752,2022-09-01,Current,532670.92,0,2022-09-06,Servicer_Feed
LN100680,2023-01-01,Current,374288.9,0,2022-09-01,Servicer_Feed
LN100497,2020-02-01,Current,264193.43,0,2020-02-08,Servicer_Feed
LN101785,2024-01-01,Current,170838.78,0,2024-01-05,Servicer_Feed
LN100242,2024-05-01,Current,303572.89,0,2024-05-02,Servicer_Feed
LN100770,2020-06-01,Current,268679.94,0,2020-06-06,Servicer_Feed
LN101610,2024-06-01,Current,285558.42,0,2024-02-01,Servicer_Feed
LN101748,2021-12-01,Current,281314.46,0,2021-12-07,Servicer_Feed
LN101571,2023-03-01,Current,273490.37,0,2023-03-05,Servicer_Feed
LN100102,2023-02-01,Current,216397.27,0,2023-02-10,Servicer_Feed
LN100786,2023-01-01,Current,387371.91,0,2022-09-01,Servicer_Feed
LN100867,2021-02-01,Current,463532.83,0,2021-02-02,Servicer_Feed
LN100439,2022-01-01,Current,153148.67462770463,0,2022-01-07,Servicer_Feed
LN101186,2024-08-01,Current,284562.4739151291,0,2024-08-01,Servicer_Feed
LN101201,2020-12-01,Current,328543.1497250088,0,2020-12-02,Servicer_Feed
LN101085,2024-07-01,Current,108980.37,0,2024-03-01,Servicer_Feed
LN100698,2022-01-01,Current,204441.81,0,2022-01-03,Servicer_Feed
LN100250,2024-07-01,Current,107347.55631932203,0,2024-07-05,Servicer_Feed
LN100338,2024-07-01,Current,220641.21,0,2024-07-08,Servicer_Feed
LN101316,2020-07-01,Current,263273.94,0,2020-03-01,Servicer_Feed
LN101414,2024-03-01,Current,203365.05,0,2024-03-07,Servicer_Feed
LN100906,2023-11-01,Current,189544.09760486,0,2023-11-09,Servicer_Feed
LN100898,2023-03-01,Current,237393.91,0,2023-03-05,Servicer_Feed
LN100947,2021-07-01,Current,173259.92,0,2021-03-01,Servicer_Feed
LN100057,2020-02-01,Current,527459.74,0,2020-02-08,Servicer_Feed
LN101942,2023-11-01,Current,156218.57,0,2023-11-02,Servicer_Feed
LN100056,2020-07-01,Current,314819.95810333214,0,2020-07-10,Servicer_Feed
LN100597,2020-11-01,Current,377613.87,0,2020-11-02,Servicer_Feed
LN101036,2024-03-01,Current,255901.3,0,2024-03-04,Servicer_Feed
LN101911,2020-09-01,Current,398991.19,0,2020-09-04,Servicer_Feed
LN101784,2022-12-01,Current,201100.33,0,2022-12-06,Servicer_Feed
LN100105,2023-07-01,Current,126282.96,0,2023-07-03,Servicer_Feed
LN100684,2019-12-01,Current,202508.67,0,2019-08-01,Servicer_Feed
LN101848,2022-12-01,Current,362014.08,0,2022-12-07,Servicer_Feed
LN100573,2023-08-01,Current,229829.7924733883,0,2023-08-01,Servicer_Feed
LN100940,2024-07-01,Current,756134.173565869,0,2024-07-01,Servicer_Feed
LN101322,2024-02-01,30DPD,347125.02,30,2024-02-03,Servicer_Feed
LN100444,2024-05-01,Current,354324.24,0,2024-05-08,Servicer_Feed
LN101514,2024-09-01,Current,187512.98,0,2024-09-01,Servicer_Feed
LN101101,2023-02-01,Current,209612.32,0,2023-02-03,Servicer_Feed
LN100072,2022-01-01,Current,226916.92,0,2022-01-05,Servicer_Feed
LN101110,2022-05-01,Current,153445.99,0,2022-05-02,Servicer_Feed
LN101970,2020-09-01,Current,345090.71,0,2020-09-08,Servicer_Feed
LN100330,2024-07-01,Current,151358.94,0,2024-07-10,Servicer_Feed
LN100026,2024-06-01,Current,286003.23,0,2024-06-04,Servicer_Feed
LN101098,2022-08-01,Current,214215.76,0,2022-08-09,Servicer_Feed
LN101353,2022-07-01,Current,444130.6,0,2022-07-03,Servicer_Feed
LN101278,2020-08-01,Current,155379.68,0,2020-08-10,Servicer_Feed
LN101087,2023-09-01,Current,148736.52,0,2023-09-10,Servicer_Feed
LN100140,2024-07-01,Current,132015.22,0,2024-07-02,Servicer_Feed
LN100006,2020-08-01,Current,229582.52,0,2020-04-01,Servicer_Feed
LN101257,2020-04-01,Current,354749.46,0,2019-12-01,Servicer_Feed
LN101887,2021-07-01,Current,120147.63,0,2021-07-05,Servicer_Feed
LN101029,2021-05-01,Current,303409.48,0,2021-01-01,Servicer_Feed
LN101329,2019-05-01,Current,194007.0,0,2019-05-04,Servicer_Feed
LN100288,2019-07-01,Current,319921.58,0,2019-07-07,Servicer_Feed
LN101395,2022-03-01,Current,179455.84,0,2022-03-09,Servicer_Feed
LN101833,2023-02-01,Current,193764.32,0,2023-02-10,Servicer_Feed
LN101412,2024-12-01,Current,294450.7,0,2024-12-07,Servicer_Feed
LN100768,2023-11-01,Current,201127.8,0,2023-11-10,Servicer_Feed
LN100730,2024-05-01,Current,178649.39,0,2024-01-01,Servicer_Feed
LN100602,2023-04-01,Current,266434.19,0,2023-04-08,Servicer_Feed
LN100249,2021-12-01,Current,191618.4326988784,0,2021-12-03,Servicer_Feed
LN100322,2022-10-01,Current,101774.78,0,2022-10-08,Servicer_Feed
LN100533,2021-07-01,Current,205618.95,0,2021-07-06,Servicer_Feed
LN101983,2021-07-01,Current,201251.25,0,2021-07-03,Servicer_Feed
LN101423,2023-09-01,Current,225619.08,0,2023-09-10,Servicer_Feed
LN100304,2024-05-01,Current,216096.1042178446,0,2024-05-09,Servicer_Feed
LN100732,2023-09-01,Current,350309.33,0,2023-05-01,Servicer_Feed
LN101609,2022-06-01,Current,232220.88723440867,0,2022-06-05,Servicer_Feed
LN100184,2024-11-01,Current,163934.9960403609,0,2024-11-10,Servicer_Feed
LN100715,2021-12-01,Current,363502.62,0,2021-12-07,Servicer_Feed
LN101248,2023-01-01,Current,351610.6,0,2022-09-01,Servicer_Feed
LN100318,2024-05-01,Current,410771.87,0,2024-05-09,Servicer_Feed
LN101528,2021-02-01,Current,488414.9,0,2020-10-01,Servicer_Feed
LN101036,2022-11-01,Current,262470.87,0,2022-11-01,Servicer_Feed
LN100241,2021-02-01,Current,472883.0139950722,0,2021-02-03,Servicer_Feed
LN101831,2023-01-01,Current,370746.56,0,2023-01-06,Servicer_Feed
LN101920,2023-08-01,Current,239282.31,0,2023-08-02,Servicer_Feed
LN101639,2021-09-01,Current,220843.33,0,2021-09-10,Servicer_Feed
LN101711,2022-06-01,Current,244397.8371568369,0,2022-06-04,Servicer_Feed
LN100333,2020-12-01,Current,391485.67,0,2020-08-01,Servicer_Feed
LN100977,2022-05-01,Current,56441.84,0,2022-05-10,Servicer_Feed
LN101760,2023-07-01,Current,482874.66,0,2023-07-01,Servicer_Feed
LN101685,2022-03-01,Current,195816.86,0,2022-03-10,Servicer_Feed
LN100600,2022-01-01,Current,133135.5,0,2022-01-09,Servicer_Feed
LN100823,2023-11-01,Current,160221.02,0,2023-07-01,Servicer_Feed
LN100075,2022-12-01,Current,210962.72,0,2022-08-01,Servicer_Feed
LN101755,2021-11-01,Current,356511.83,0,2021-11-01,Servicer_Feed
LN100749,2024-04-01,Current,458927.4,0,2024-04-02,Servicer_Feed
LN101254,2023-08-01,Current,266835.37,0,2023-08-09,Servicer_Feed
LN100412,2020-06-01,Current,294517.16,0,2020-02-01,Servicer_Feed
LN101614,2021-05-01,Current,127905.86,0,2021-05-02,Servicer_Feed
LN101711,2024-02-01,Current,312537.2,0,2024-02-07,Servicer_Feed
LN101503,2023-04-01,Current,367496.69,0,2022-12-01,Servicer_Feed
LN101560,2023-09-01,Current,141923.68849905516,0,2023-09-04,Servicer_Feed
LN100088,2019-06-01,Current,690056.788233971,0,2019-06-03,Servicer_Feed
LN101934,2024-12-01,Current,255942.42,0,2024-12-08,Servicer_Feed
LN100931,2023-11-01,Current,75230.75,0,2023-11-06,Servicer_Feed
LN100001,2024-06-01,Current,132285.6,0,2024-06-03,Servicer_Feed
LN100941,2024-04-01,Current,117724.76,0,2024-04-02,Servicer_Feed
LN100021,2021-03-01,Current,155086.77,0,2020-11-01,Servicer_Feed
LN101212,2024-11-01,Current,136654.2111715294,0,2024-11-03,Servicer_Feed
LN101033,2020-07-01,Current,266206.96,0,2020-07-04,Servicer_Feed
LN100955,2023-01-01,Current,254734.98,0,2023-01-01,Servicer_Feed
LN100138,2019-09-01,Current,557475.35,0,2019-09-10,Servicer_Feed
LN100874,2022-03-01,Current,187386.92,0,2022-03-05,Servicer_Feed
LN100698,2021-08-01,Current,206065.09,0,2021-08-05,Servicer_Feed
LN101048,2024-02-01,Current,1008646.8570557808,0,2024-02-05,Servicer_Feed
LN100922,2019-10-01,Current,226859.95,0,2019-10-02,Servicer_Feed
LN101659,2022-03-01,Current,254322.2,0,2022-03-09,Servicer_Feed
LN101745,2021-05-01,Current,166821.46,0,2021-01-01,Servicer_Feed
LN101767,2023-07-01,Current,239457.8101973457,0,2023-07-01,Servicer_Feed
LN100225,2021-03-01,Current,262044.47,0,2021-03-10,Servicer_Feed
LN101720,2024-12-01,Current,80809.22,0,2024-12-03,Servicer_Feed
LN100495,2024-08-01,Current,615678.37,0,2024-08-10,Servicer_Feed
LN101479,2023-01-01,Current,405493.55,0,2022-09-01,Servicer_Feed
LN100590,2024-04-01,Current,140332.8295975296,0,2024-04-02,Servicer_Feed
LN101896,2024-04-01,Current,165644.38,0,2024-04-02,Servicer_Feed
LN100579,2021-08-01,Current,245681.61,0,2021-08-03,Servicer_Feed
LN101965,2022-06-01,Current,140340.81,0,2022-06-01,Servicer_Feed
LN101639,2023-12-01,Current,211500.67,0,2023-12-04,Servicer_Feed
LN100405,2023-11-01,Current,230892.33,0,2023-11-10,Servicer_Feed
LN100080,2022-09-01,Current,326993.98,0,2022-09-03,Servicer_Feed
LN100722,2022-06-01,Current,335074.51,0,2022-02-01,Servicer_Feed
LN100945,2021-04-01,Current,184520.38,0,2021-04-08,Servicer_Feed
LN101480,2022-04-01,Current,155661.76,0,2022-04-10,Servicer_Feed
LN100895,2023-01-01,Current,256882.11,0,2023-01-02,Servicer_Feed
LN101384,2020-01-01,Current,246357.19,0,2020-01-03,Servicer_Feed
LN101244,2022-08-01,Current,154682.08,0,2022-08-01,Servicer_Feed
LN100383,2024-11-01,Current,281029.35,0,2024-07-01,Servicer_Feed
LN101055,2022-12-01,Current,210777.93,0,2022-12-08,Servicer_Feed
LN101138,2022-11-01,Current,471068.86,0,2022-07-01,Servicer_Feed
LN100417,2024-06-01,Current,239877.84,0,2024-06-01,Servicer_Feed
LN101241,2024-04-01,Current,255959.05,0,2023-12-01,Servicer_Feed
LN101773,2023-11-01,Current,216764.32,0,2023-07-01,Servicer_Feed
LN100029,2019-08-01,Current,137435.87862859818,0,2019-08-09,Servicer_Feed
LN100282,2024-09-01,Current,310160.59,0,2024-09-10,Servicer_Feed
LN101451,2023-11-01,Current,319240.74,0,2023-11-03,Servicer_Feed
LN100403,2021-01-01,Current,399821.33,0,2021-01-04,Servicer_Feed
LN101500,2021-05-01,Current,277461.19,0,2021-05-08,Servicer_Feed
LN100966,2024-03-01,Current,267247.12,0,2024-03-02,Servicer_Feed
LN101435,2023-07-01,Current,320694.45,0,2023-07-08,Servicer_Feed
LN101289,2022-02-01,Current,222257.56,0,2022-02-05,Servicer_Feed
LN100829,2023-06-01,Current,156800.61,0,2023-06-04,Servicer_Feed
LN101630,2023-12-01,Current,156118.45,0,2023-12-06,Servicer_Feed
LN100638,2024-04-01,30DPD,190019.09,30,2024-04-08,Servicer_Feed
LN100440,2024-02-01,Current,274983.83,0,2024-02-02,Servicer_Feed
LN100926,2024-08-01,Current,241495.74058592992,0,2024-08-03,Servicer_Feed
LN100653,2020-12-01,Current,148899.43,0,2020-12-03,Servicer_Feed
LN100667,2021-08-01,Current,257069.7,0,2021-08-09,Servicer_Feed
LN100756,2023-06-01,Current,157492.93,0,2023-06-09,Servicer_Feed
LN101501,2020-04-01,Current,193590.81,0,2023-11-02,Servicer_Feed
LN101811,2020-10-01,Current,629661.02,0,2020-10-05,Servicer_Feed
LN100690,2023-06-01,Current,181617.59,0,2023-06-10,Servicer_Feed
LN101068,2021-10-01,Current,112023.85,0,2021-10-02,Servicer_Feed
LN101810,2021-04-01,Current,252986.83,0,2021-04-10,Servicer_Feed
LN101777,2024-10-01,Current,323633.94,0,2024-10-10,Servicer_Feed
LN100048,2024-02-01,Current,445678.13,0,2024-02-05,Servicer_Feed
LN100104,2020-07-01,Current,298870.07,0,2020-07-05,Servicer_Feed
LN101907,2024-02-01,Current,278864.42491133854,0,2024-02-05,Servicer_Feed
LN100683,2020-12-01,Current,175568.07,0,2020-12-09,Servicer_Feed
LN101629,2022-04-01,Current,303885.67087992246,0,2022-04-10,Servicer_Feed
LN101664,2024-04-01,Current,231110.67,0,2024-04-05,Servicer_Feed
LN100636,2021-04-01,Current,297258.34,0,2021-04-06,Servicer_Feed
LN100919,2023-07-01,Current,193364.95,0,2023-07-10,Servicer_Feed
LN100912,2022-08-01,Current,257321.76,0,2022-04-01,Servicer_Feed
LN101781,2024-08-01,Current,126796.74,0,2024-04-01,Servicer_Feed
LN101643,2022-05-01,Current,336423.6906383998,0,2022-05-07,Servicer_Feed
LN100596,2019-09-01,30DPD,202310.81,30,2019-05-01,Servicer_Feed
LN100142,2024-03-01,Current,153971.33,0,2023-11-01,Servicer_Feed
LN100964,2021-11-01,Current,309322.75,0,2021-11-02,Servicer_Feed
LN101412,2024-01-01,Current,299559.76,0,2023-09-01,Servicer_Feed
LN101308,2020-12-01,Current,79266.4,0,2020-12-07,Servicer_Feed
LN100034,2022-03-01,Current,282318.9,0,2022-03-08,Servicer_Feed
LN101250,2020-12-01,Current,237813.8,0,2020-08-01,Servicer_Feed
LN101186,2020-03-01,Current,355058.23,0,2020-03-10,Servicer_Feed
LN100529,2024-12-01,Current,108976.47,0,2024-12-01,Servicer_Feed
LN100252,2023-05-01,Current,207183.938056155,0,2023-05-06,Servicer_Feed
LN100806,2021-05-01,Current,68448.96,0,2021-05-04,Servicer_Feed
LN101817,2023-01-01,Current,182843.7,0,2023-01-10,Servicer_Feed
LN100742,2019-12-01,Current,239432.51,0,2019-12-08,Servicer_Feed
LN101102,2020-02-01,Current,347278.3688544111,0,2020-02-04,Servicer_Feed
LN100054,2024-07-01,Current,118842.81879605474,0,2024-07-04,Servicer_Feed
LN101868,2023-03-01,Current,378925.0895703191,0,2023-03-02,Servicer_Feed
LN100455,2022-09-01,Current,199189.46943558412,0,2022-09-09,Servicer_Feed
LN101298,2024-07-01,Current,688489.46,0,2024-03-01,Servicer_Feed
LN101777,2024-05-01,Current,396567.42078922526,0,2024-05-10,Servicer_Feed
LN100021,2023-01-01,Current,149666.23,0,2022-09-01,Servicer_Feed
LN100702,2024-05-01,Current,205760.99016190527,0,2024-05-08,Servicer_Feed
LN101884,2024-06-01,Current,369571.12,0,2024-02-01,Servicer_Feed
LN100394,2022-10-01,Current,113075.14,0,2022-10-06,Servicer_Feed
LN100719,2023-08-01,Current,334474.39,0,2023-08-02,Servicer_Feed
LN101749,2023-10-01,Current,117957.01213427457,0,2023-10-09,Servicer_Feed
LN101234,2023-07-01,Current,114022.44,0,2023-07-01,Servicer_Feed
LN101257,2020-01-01,Current,356441.68,0,2020-01-04,Servicer_Feed
LN100339,2020-12-01,Current,201215.75611292198,0,2020-12-09,Servicer_Feed
LN100997,2024-10-01,Current,210666.61,0,2024-10-04,Servicer_Feed
LN101282,2022-02-01,Current,122719.37,0,2022-02-04,Servicer_Feed
LN100164,2021-01-01,Current,257219.21691162643,0,2021-01-02,Servicer_Feed
LN101154,2023-11-01,Current,399364.73637652234,0,2023-11-10,Servicer_Feed
LN101696,2020-03-01,Current,183079.15,0,2020-03-02,Servicer_Feed
LN101484,2021-08-01,Current,367703.63,0,2021-08-10,Servicer_Feed
LN101894,2022-09-01,Current,117184.48,0,2022-09-05,Servicer_Feed
LN101534,2020-12-01,Current,125326.68,0,2020-12-02,Servicer_Feed
LN101235,2021-02-01,Current,168787.52,0,2021-02-04,Servicer_Feed
LN101401,2021-10-01,Current,61779.03561042427,0,2021-10-04,Servicer_Feed
LN101921,2024-07-01,Current,715370.0901455441,0,2024-07-10,Servicer_Feed
LN100157,2023-04-01,Current,205194.63,0,2022-12-01,Servicer_Feed
LN101319,2020-11-01,Current,379714.78019027866,0,2020-11-02,Servicer_Feed
LN101880,2024-05-01,Current,305523.13,0,2024-05-06,Servicer_Feed
LN101282,2019-12-01,Current,127911.94,0,2019-12-03,Servicer_Feed
LN101513,2023-10-01,Current,131649.57,0,2023-06-01,Servicer_Feed
LN100947,2022-05-01,Current,166904.34,0,2022-05-04,Servicer_Feed
LN100620,2022-12-01,Current,189668.76,0,2022-12-10,Servicer_Feed
LN101275,2022-11-01,Current,308204.19,0,2022-11-03,Servicer_Feed
LN100594,2023-11-01,Current,139078.77,0,2023-11-10,Servicer_Feed
LN100563,2024-10-01,Current,221729.38,0,2024-10-05,Servicer_Feed
LN101488,2019-06-01,Current,120360.61,0,2019-06-03,Servicer_Feed
LN100751,2021-08-01,Current,145078.08,0,2021-08-06,Servicer_Feed
LN100686,2023-08-01,Current,235994.18,0,2023-08-08,Servicer_Feed
LN100367,2023-12-01,Current,265250.18,0,2023-12-06,Servicer_Feed
LN100555,2024-05-01,Current,199431.44958033145,0,2024-05-08,Servicer_Feed
LN100263,2022-08-01,Current,182386.02,0,2022-08-05,Servicer_Feed
LN101941,2023-02-01,Current,345962.66,0,2023-02-01,Servicer_Feed
LN100603,2024-02-01,Current,575158.74,0,2023-10-01,Servicer_Feed
LN101391,2024-11-01,Current,247950.5780132348,0,2024-11-10,Servicer_Feed
LN101757,2024-09-01,Prepaid,186057.63,0,2024-09-03,Servicer_Feed
LN101231,2021-04-01,Current,122317.4,0,2021-04-06,Servicer_Feed
LN101260,2022-01-01,Prepaid,117161.36,0,2022-01-10,Servicer_Feed
LN101347,2021-11-01,Current,216407.7,0,2021-07-01,Servicer_Feed
LN101217,2024-02-01,Current,371878.4907110464,0,2024-02-09,Servicer_Feed
LN100299,2024-04-01,Current,170079.62741046047,0,2024-04-09,Servicer_Feed
LN101552,2024-12-01,Current,300743.14418658253,0,2024-12-09,Servicer_Feed
LN101197,2021-08-01,Current,284565.79,0,2021-08-01,Servicer_Feed
LN100893,2023-07-01,Current,259287.77,0,2023-07-02,Servicer_Feed
LN100166,2023-05-01,Current,123922.29,0,2023-05-04,Servicer_Feed
LN101833,2022-07-01,Current,214719.9114036402,0,2022-07-04,Servicer_Feed
LN101511,2021-01-01,Current,332947.49,0,2021-01-01,Servicer_Feed
LN100384,2023-05-01,Current,305601.49,0,2023-05-01,Servicer_Feed
LN100045,2024-06-01,Current,163011.15,0,2024-06-03,Servicer_Feed
LN101773,2021-11-01,Current,212816.45782543,0,2021-11-09,Servicer_Feed
LN101198,2021-12-01,Current,125514.01,0,2021-12-08,Servicer_Feed
LN100712,2020-05-01,Current,294418.69,0,2020-01-01,Servicer_Feed
LN101321,2024-12-01,Current,664215.5403311031,0,2024-12-04,Servicer_Feed
LN101187,2024-06-01,Current,155918.48,0,2024-06-05,Servicer_Feed
LN101766,2023-08-01,Current,209247.65,0,2023-08-02,Servicer_Feed
LN100039,2023-05-01,Current,181679.88247251243,0,2023-05-06,Servicer_Feed
LN101392,2021-11-01,Current,340662.99,0,2021-11-09,Servicer_Feed
LN100874,2019-10-01,Current,196454.8,0,2019-10-02,Servicer_Feed
LN100250,2022-09-01,Current,121904.51,0,2022-09-01,Servicer_Feed
LN100834,2024-09-01,Current,232064.97,0,2024-05-01,Servicer_Feed
LN101283,2024-06-01,Current,195798.61,0,2024-06-09,Servicer_Feed
LN100315,2024-02-01,Current,229680.97,0,2024-02-03,Servicer_Feed
LN101158,2020-10-01,Current,230981.05,0,2020-10-05,Servicer_Feed
LN100300,2021-12-01,Current,252326.99,0,2021-08-01,Servicer_Feed
LN101675,2022-05-01,Current,198281.19,0,2022-05-06,Servicer_Feed
LN100985,2023-08-01,Current,500506.08,0,2023-08-04,Servicer_Feed
LN101445,2021-11-01,Current,178014.71,0,2021-07-01,Servicer_Feed
LN100801,2022-05-01,Current,186983.43,0,2022-01-01,Servicer_Feed
LN101206,2022-10-01,Current,295572.62,0,2022-10-02,Servicer_Feed
LN100282,2021-07-01,Current,331165.49,0,2021-07-02,Servicer_Feed
LN101493,2020-06-01,Current,336254.11,0,2020-02-01,Servicer_Feed
LN101946,2023-08-01,Current,533041.69,0,2023-08-01,Servicer_Feed
LN100312,2023-05-01,Current,204374.96,0,2023-05-09,Servicer_Feed
LN101918,2022-11-01,Current,162402.34,0,2022-11-06,Servicer_Feed
LN100487,2024-01-01,Current,369890.76,0,2024-01-09,Servicer_Feed
LN101362,2024-05-01,Current,134299.85,0,2024-05-06,Servicer_Feed
LN101027,2021-06-01,Current,486801.6,0,2021-06-02,Servicer_Feed
LN101443,2024-02-01,Current,202084.89,0,2024-02-07,Servicer_Feed
LN101882,2024-11-01,Current,265409.13,0,2024-11-03,Servicer_Feed
LN101409,2021-06-01,Current,295681.1,0,2021-06-07,Servicer_Feed
LN101954,2022-08-01,Current,173082.43,0,2022-08-08,Servicer_Feed
LN100327,2024-12-01,Current,329733.3,0,2024-08-01,Servicer_Feed
LN100855,2023-01-01,Current,205072.82,0,2022-09-01,Servicer_Feed
LN100295,2019-11-01,Current,203235.97,0,2019-11-09,Servicer_Feed
LN101234,2024-12-01,Current,110704.81,0,2024-08-01,Servicer_Feed
LN100721,2021-12-01,Current,353898.36,0,2021-08-01,Servicer_Feed
LN100230,2024-05-01,Current,182501.41,0,2024-05-01,Servicer_Feed
LN100343,2024-04-01,30DPD,185569.36,30,2024-04-09,Servicer_Feed
LN101443,2024-10-01,Current,199835.76,0,2024-10-04,Servicer_Feed
LN101389,2023-10-01,Current,173970.69,0,2023-10-10,Servicer_Feed
LN100555,2022-09-01,Current,177886.28,0,2022-09-04,Servicer_Feed
LN100396,2021-04-01,Current,151936.91,0,2020-12-01,Servicer_Feed
LN100609,2020-04-01,Current,636804.03,0,2020-04-07,Servicer_Feed
LN101205,2023-09-01,Current,154704.57,0,2023-09-06,Servicer_Feed
LN100217,2021-06-01,Current,248633.41,0,2021-02-01,Servicer_Feed
LN100466,2023-09-01,Current,173209.23,0,2023-09-03,Servicer_Feed
LN101813,2022-09-01,Current,188640.44,0,2022-09-05,Servicer_Feed
LN100287,2022-02-01,Current,156504.32,0,2022-02-09,Servicer_Feed
LN100873,2024-06-01,Current,116295.63,0,2024-06-05,Servicer_Feed
LN101625,2023-08-01,Current,85996.60149702086,0,2023-08-05,Servicer_Feed
LN100501,2023-04-01,Current,567919.0369816179,0,2023-04-05,Servicer_Feed
LN101629,2023-03-01,Current,342360.4147122173,0,2023-03-07,Servicer_Feed
LN101767,2024-01-01,60DPD,261806.04,60,2023-09-01,Servicer_Feed
LN100197,2022-02-01,Current,194003.98,0,2022-02-10,Servicer_Feed
LN100934,2019-09-01,Current,253534.4,0,2019-09-03,Servicer_Feed
LN100420,2023-09-01,Current,260882.27,0,2023-09-07,Servicer_Feed
LN100512,2022-12-01,Current,393988.68,0,2022-12-03,Servicer_Feed
LN100622,2023-08-01,Current,346990.0802752455,0,2023-08-07,Servicer_Feed
LN101529,2023-08-01,Current,407035.41,0,2023-08-09,Servicer_Feed
LN100383,2023-09-01,60DPD,236351.0965550091,60,2023-09-07,Servicer_Feed
LN100204,2023-03-01,Current,178482.82,0,2022-11-01,Servicer_Feed
LN101198,2024-04-01,Current,143660.46927850807,0,2024-04-01,Servicer_Feed
LN101347,2023-09-01,Current,199738.61,0,2023-05-01,Servicer_Feed
LN101598,2020-06-01,Current,339723.87,0,2020-06-10,Servicer_Feed
LN101727,2022-06-01,Current,306660.08,0,2022-06-01,Servicer_Feed
LN101337,2019-10-01,Current,511946.38,0,2019-10-07,Servicer_Feed
LN101235,2021-10-01,Current,166612.26,0,2021-06-01,Servicer_Feed
LN100818,2022-07-01,Current,169856.55,0,2022-07-02,Servicer_Feed
LN100251,2021-05-01,Current,269277.54,0,2021-01-01,Servicer_Feed
LN100853,2024-12-01,Current,328356.09,0,2024-12-03,Servicer_Feed
LN100355,2022-03-01,Current,330441.81,0,2021-11-01,Servicer_Feed
LN100112,2022-12-01,Current,381128.58,0,2022-08-01,Servicer_Feed
LN100431,2022-09-01,Current,91813.56,0,2022-09-10,Servicer_Feed
LN101956,2023-04-01,Current,348197.3751383933,0,2023-04-03,Servicer_Feed
LN100040,2024-04-01,Current,342152.66,0,2024-04-01,Servicer_Feed
LN100353,2022-02-01,Current,619730.22,0,2022-02-03,Servicer_Feed
LN100248,2023-01-01,Current,219497.56,0,2022-09-01,Servicer_Feed
LN101530,2020-07-01,Current,212475.79,0,2020-07-08,Servicer_Feed
LN100371,2024-09-01,Current,185249.57,0,2024-09-10,Servicer_Feed
LN100616,2024-07-01,Current,305943.94,0,2024-07-08,Servicer_Feed
LN100384,2022-06-01,Current,306361.9407523059,0,2022-06-03,Servicer_Feed
LN101030,2021-11-01,Current,155163.24,0,2021-07-01,Servicer_Feed
LN101685,2020-11-01,Current,219083.4274323769,0,2020-11-10,Servicer_Feed
LN101890,2023-04-01,Current,123693.03172767525,0,2023-04-01,Servicer_Feed
LN101632,2021-07-01,Current,74262.28,0,2021-03-01,Servicer_Feed
LN101857,2023-05-01,Current,356456.09,0,2023-05-09,Servicer_Feed
LN100122,2023-08-01,Current,282937.52,0,2023-08-01,Servicer_Feed
LN101706,2023-03-01,Current,247756.77,0,2023-03-09,Servicer_Feed
LN101036,2024-07-01,Current,254237.26,0,2024-07-07,Servicer_Feed
LN100772,2022-09-01,Current,412981.57,0,2023-06-03,Servicer_Feed
LN101460,2024-04-01,Current,123676.14251041343,0,2024-04-07,Servicer_Feed
LN100291,2022-02-01,Current,183804.28,0,2022-02-04,Servicer_Feed
LN101538,2022-12-01,Current,510817.73,0,2022-12-03,Servicer_Feed
LN101097,2023-09-01,Current,311724.35,0,2023-09-01,Servicer_Feed
LN100555,2023-10-01,Current,173864.75,0,2023-10-06,Servicer_Feed
LN101909,2024-11-01,Current,121907.12,0,2024-11-01,Servicer_Feed
LN100283,2024-06-01,Current,167413.52,0,2024-06-03,Servicer_Feed
LN100057,2021-08-01,Current,512672.03,0,2021-08-06,Servicer_Feed
LN100131,2023-04-01,Current,140232.29,0,2023-04-03,Servicer_Feed
LN101709,2022-10-01,Current,240834.32,0,2022-10-08,Servicer_Feed
LN100988,2022-10-01,Current,226454.46,0,2022-10-04,Servicer_Feed
LN101623,2021-09-01,Current,811861.2,0,2021-09-07,Servicer_Feed
LN100616,2021-06-01,Current,325082.31,0,2021-06-09,Servicer_Feed
LN101019,2023-09-01,Current,190104.1601807534,0,2023-09-06,Servicer_Feed
LN100820,2020-04-01,Current,318846.28,0,2020-04-06,Servicer_Feed
LN101725,2024-06-01,Current,108660.92,0,2024-06-02,Servicer_Feed
LN100516,2021-01-01,Current,263496.88,0,2021-01-08,Servicer_Feed
LN100112,2022-01-01,Current,369076.90774820856,0,2022-01-02,Servicer_Feed
LN101772,2023-10-01,Current,142580.94,0,2023-10-04,Servicer_Feed
LN101512,2019-10-01,Current,200847.55,0,2019-10-07,Servicer_Feed
LN101405,2019-10-01,Current,270187.73,0,2019-10-07,Servicer_Feed
LN100286,2024-01-01,Prepaid,293342.55,0,2023-09-01,Servicer_Feed
LN100448,2023-03-01,Current,410373.82,0,2022-11-01,Servicer_Feed
LN100699,2024-08-01,Current,184775.78,0,2024-08-09,Servicer_Feed
LN100433,2023-10-01,Current,145128.08,0,2023-10-09,Servicer_Feed
LN101636,2023-01-01,60DPD,122611.41,60,2023-01-04,Servicer_Feed
LN101828,2023-07-01,Current,407163.01,0,2023-07-08,Servicer_Feed
LN100087,2021-07-01,Current,319069.67,0,2021-07-01,Servicer_Feed
LN100462,2023-08-01,Current,403993.67,0,2023-08-05,Servicer_Feed
LN101474,2022-07-01,Current,356022.71,0,2022-07-02,Servicer_Feed
LN101452,2024-12-01,Current,181133.77,0,2024-12-07,Servicer_Feed
LN100563,2023-12-01,Current,225259.51,0,2023-12-04,Servicer_Feed
LN101957,2021-03-01,Current,330595.55,0,2021-03-04,Servicer_Feed
LN100029,2021-08-01,Current,190851.5978913801,0,2021-08-01,Servicer_Feed
LN101514,2021-10-01,Current,199550.27,0,2021-10-07,Servicer_Feed
LN100512,2023-07-01,Current,389735.52,0,2023-07-08,Servicer_Feed
LN100227,2022-08-01,Current,343361.37482915283,0,2022-08-04,Servicer_Feed
LN100075,2022-08-01,Current,212355.95,0,2022-08-03,Servicer_Feed
LN101551,2024-04-01,Current,236268.72,0,2024-04-06,Servicer_Feed
LN100983,2023-07-01,Current,497859.55,0,2023-07-02,Servicer_Feed
LN100053,2021-09-01,Current,150119.78,0,2021-05-01,Servicer_Feed
LN101263,2023-05-01,Current,262452.18,0,2023-01-01,Servicer_Feed
LN100547,2024-10-01,Current,114679.52,0,2024-10-07,Servicer_Feed
LN101495,2022-11-01,Current,170038.34,0,2022-11-07,Servicer_Feed
LN100600,2022-06-01,Current,131044.47,0,2022-06-07,Servicer_Feed
LN100143,2020-12-01,Current,225540.27,0,2020-12-04,Servicer_Feed
LN100118,2020-05-01,Current,361884.08,0,2020-05-03,Servicer_Feed
LN100320,2023-05-01,Current,232510.69,0,2023-01-01,Servicer_Feed
LN101582,2021-07-01,Current,231839.316144679,0,2021-07-04,Servicer_Feed
LN101731,2022-07-01,Current,206539.74,0,2022-07-09,Servicer_Feed
LN100102,2023-12-01,Current,213025.25,0,2023-12-04,Servicer_Feed
LN100728,2019-06-01,Current,237010.37,0,2019-06-02,Servicer_Feed
LN100706,2024-06-01,Current,109893.14,0,2024-06-04,Servicer_Feed
LN100677,2023-08-01,Current,204456.47,0,2023-08-09,Servicer_Feed
LN100249,2020-10-01,Current,254716.75,0,2020-10-03,Servicer_Feed
LN100688,2022-10-01,Current,162545.55,0,2022-10-01,Servicer_Feed
LN100572,2024-11-01,Current,356739.35,0,2024-11-05,Servicer_Feed
LN100383,2024-10-01,Current,281491.5,0,2024-10-06,Servicer_Feed
LN100305,2023-10-01,Current,135876.23680604377,0,2023-10-06,Servicer_Feed
LN101774,2022-12-01,Current,227601.81,0,2022-08-01,Servicer_Feed
LN100250,2024-06-01,Current,117551.04,0,2024-02-01,Servicer_Feed
LN101882,2023-08-01,Current,682069.5197705852,0,2023-08-05,Servicer_Feed
LN100409,2022-06-01,Current,250605.82119775788,0,2022-06-07,Servicer_Feed
LN101242,2024-03-01,30DPD,467739.09,30,2023-11-01,Servicer_Feed
LN101161,2020-07-01,Current,115192.36,0,2020-07-03,Servicer_Feed
LN101067,2023-06-01,Current,339152.41,0,2023-06-06,Servicer_Feed
LN101664,2022-07-01,Current,238342.81,0,2022-07-10,Servicer_Feed
LN100941,2024-01-01,Current,118289.6,0,2023-09-01,Servicer_Feed
LN101142,2020-12-01,Current,220144.77,0,2020-12-10,Servicer_Feed
LN100392,2021-03-01,Current,259929.63,0,2021-03-09,Servicer_Feed
LN101450,2023-05-01,Current,476431.01,0,2023-05-10,Servicer_Feed
LN100594,2024-08-01,Current,334089.0778243393,0,2024-08-03,Servicer_Feed
LN100770,2022-01-01,Current,273040.8590051452,0,2022-01-08,Servicer_Feed
LN100931,2023-07-01,Current,75713.1,0,2023-07-10,Servicer_Feed
LN100490,2021-04-01,Current,533149.538713139,0,2021-04-09,Servicer_Feed
LN100228,2022-10-01,Current,256514.73,0,2022-06-01,Servicer_Feed
LN100141,2021-07-01,30DPD,205726.0,30,2021-07-06,Servicer_Feed
LN101583,2019-06-01,Current,242529.93,0,2019-08-05,Servicer_Feed
LN100180,2022-05-01,Current,208479.7,0,2022-05-10,Servicer_Feed
LN101904,2023-09-01,Current,437901.51887381304,0,2023-09-07,Servicer_Feed
LN101660,2022-11-01,Current,402165.53,0,2022-11-05,Servicer_Feed
LN101576,2021-12-01,Current,180578.38,0,2021-12-01,Servicer_Feed
LN101622,2021-10-01,Current,513122.36,0,2021-10-03,Servicer_Feed
LN100360,2020-11-01,Current,271246.94,0,2020-11-08,Servicer_Feed
LN100267,2024-04-01,Current,116023.94,0,2024-04-07,Servicer_Feed
LN100524,2021-08-01,Current,228442.42,0,2021-08-04,Servicer_Feed
LN100341,2022-11-01,Current,216360.4685334891,0,2022-11-07,Servicer_Feed
LN100275,2020-10-01,Current,369996.3,0,2020-10-08,Servicer_Feed
LN100721,2024-10-01,Current,317560.46,0,2024-10-10,Servicer_Feed
LN100495,2024-01-01,Current,622716.44,0,2024-01-02,Servicer_Feed
LN101225,2019-08-01,Current,569021.03,0,2019-08-02,Servicer_Feed
LN101015,2021-01-01,Current,301822.43,0,2021-01-07,Servicer_Feed
LN100978,2024-07-01,Current,256867.82,0,2024-07-09,Servicer_Feed
LN100431,2021-06-01,Current,96983.47,0,2021-06-10,Servicer_Feed
LN100992,2024-12-01,Current,370565.51,0,2024-08-01,Servicer_Feed
LN101214,2023-12-01,Current,121752.06,0,2023-12-02,Servicer_Feed
LN101643,2021-03-01,Current,587667.1116900048,0,2021-03-03,Servicer_Feed
LN100595,2023-11-01,Current,126759.56,0,2023-07-01,Servicer_Feed
LN101487,2024-10-01,Current,730551.23,0,2024-10-06,Servicer_Feed
LN100145,2024-02-01,Current,254739.62,0,2024-02-06,Servicer_Feed
LN101641,2024-02-01,Current,319630.53,0,2024-02-04,Servicer_Feed
LN101474,2024-03-01,Current,345792.77,0,2024-03-10,Servicer_Feed
LN100672,2024-02-01,Current,181755.1,0,2024-02-10,Servicer_Feed
LN101826,2023-03-01,Current,397175.71,0,2023-03-07,Servicer_Feed
LN101811,2023-01-01,Current,602242.16,0,2022-09-01,Servicer_Feed
LN101308,2020-09-01,Current,77133.2427240972,0,2020-09-01,Servicer_Feed
LN101878,2019-06-01,Current,195112.28651723106,0,2019-06-03,Servicer_Feed
LN101481,2021-01-01,Current,203978.29,0,2021-01-04,Servicer_Feed
LN101611,2022-10-01,Default,85358.3,150,2022-10-06,Servicer_Feed
LN100687,2024-03-01,90DPD,223073.32,95,2024-03-02,Servicer_Feed
LN101020,2024-10-01,Current,348908.2,0,2024-06-01,Servicer_Feed
LN100323,2023-06-01,Current,123192.55,0,2023-06-07,Servicer_Feed
LN101337,2021-06-01,Current,516691.9564578254,0,2021-06-10,Servicer_Feed
LN100570,2020-03-01,Current,211397.32577209448,0,2020-03-05,Servicer_Feed
LN101020,2024-12-01,Current,347775.3,0,2024-08-01,Servicer_Feed
LN100437,2024-02-01,Current,236194.29,0,2024-02-10,Servicer_Feed
LN101489,2023-09-01,Current,278920.78,0,2023-09-05,Servicer_Feed
LN101528,2021-05-01,Current,486135.48,0,2021-05-07,Servicer_Feed
LN100502,2024-02-01,Current,183616.49,0,2024-02-04,Servicer_Feed
LN100739,2024-11-01,Current,140381.17,0,2024-07-01,Servicer_Feed
LN100814,2020-12-01,Current,182943.6,0,2020-08-01,Servicer_Feed
LN101002,2024-06-01,Current,396189.68,0,2024-06-09,Servicer_Feed
LN101175,2021-10-01,Current,174211.52,0,2021-10-05,Servicer_Feed
LN100290,2022-01-01,Current,178811.6787412087,0,2022-01-03,Servicer_Feed
LN101249,2022-10-01,Current,189616.21,0,2022-10-10,Servicer_Feed
LN100469,2022-05-01,Current,179260.24,0,2022-01-01,Servicer_Feed
LN101956,2020-05-01,Current,348085.88,0,2020-05-02,Servicer_Feed
LN101821,2023-11-01,Current,126532.97,0,2023-11-04,Servicer_Feed
LN101197,2024-06-01,Current,269464.5,0,2024-06-08,Servicer_Feed
LN100923,2024-08-01,Current,444385.8063119402,0,2024-08-08,Servicer_Feed
LN101232,2024-12-01,Current,502951.12,0,2024-12-05,Servicer_Feed
LN101486,2021-12-01,Current,194144.41456135342,0,2021-12-02,Servicer_Feed
LN100685,2022-03-01,Current,333518.9524818502,0,2022-03-10,Servicer_Feed
LN101857,2024-01-01,Current,352080.14,0,2023-09-01,Servicer_Feed
LN100066,2019-09-01,Current,132661.47,0,2019-09-04,Servicer_Feed
LN100342,2022-02-01,Current,407319.06,0,2022-02-10,Servicer_Feed
LN101109,2021-02-01,Current,316268.31,0,2021-02-10,Servicer_Feed
LN100334,2023-03-01,Current,176091.92,0,2023-03-10,Servicer_Feed
LN100071,2024-02-01,Current,154520.81455669977,0,2024-02-06,Servicer_Feed
LN100784,2023-07-01,Current,120001.37000945746,0,2023-07-02,Servicer_Feed
LN101068,2021-05-01,Current,114032.87,0,2021-05-08,Servicer_Feed
LN101604,2021-10-01,Current,158919.37,0,2022-06-10,Servicer_Feed
LN101796,2023-11-01,Current,197658.97,0,2023-11-06,Servicer_Feed
LN101360,2019-11-01,Current,124568.08,0,2019-07-01,Servicer_Feed
LN100944,2023-06-01,Current,207383.81,0,2023-06-06,Servicer_Feed
LN101183,2024-11-01,Current,255959.05,0,2024-11-06,Servicer_Feed
LN100494,2020-09-01,Current,347517.51,0,2020-09-07,Servicer_Feed
LN101287,2024-02-01,Current,191510.48,0,2024-02-08,Servicer_Feed
LN101672,2024-02-01,Current,336575.69,0,2024-02-05,Servicer_Feed
LN100765,2023-07-01,Current,605693.13,0,2023-07-04,Servicer_Feed
LN100333,2024-12-01,Current,329321.33,0,2024-12-05,Servicer_Feed
LN100040,2021-10-01,Current,359026.65,0,2021-10-09,Servicer_Feed
LN101113,2022-08-01,30DPD,161787.55,30,2022-04-01,Servicer_Feed
LN100089,2024-08-01,Current,603016.75,0,2024-04-01,Servicer_Feed
LN101810,2023-01-01,Current,244352.67,0,2023-01-07,Servicer_Feed
LN100882,2024-07-01,Current,150163.27,0,2024-03-01,Servicer_Feed
LN101853,2024-06-01,30DPD,273789.09,30,2024-02-01,Servicer_Feed
LN101485,2024-08-01,Current,231415.48,0,2024-04-01,Servicer_Feed
LN100190,2021-06-01,Current,193724.713471562,0,2021-06-02,Servicer_Feed
LN101128,2024-11-01,Current,197576.69,0,2024-11-03,Servicer_Feed
LN100738,2022-01-01,30DPD,110477.55,30,2022-01-08,Servicer_Feed
LN100319,2024-04-01,Current,236655.83,0,2023-12-01,Servicer_Feed
LN100775,2024-07-01,Current,316824.1,0,2024-07-02,Servicer_Feed
LN101401,2024-04-01,Current,67593.14,0,2024-04-04,Servicer_Feed
LN100389,2021-11-01,Current,524590.96,0,2021-07-01,Servicer_Feed
LN101192,2023-06-01,Current,270792.6,0,2023-06-05,Servicer_Feed
LN100121,2022-06-01,Current,164887.05,0,2022-06-01,Servicer_Feed
LN101914,2021-03-01,Current,387357.3642613351,0,2021-03-03,Servicer_Feed
LN100194,2023-06-01,Current,327501.11,0,2023-06-08,Servicer_Feed
LN100324,2024-12-01,Current,174568.44,0,2024-12-09,Servicer_Feed
LN100333,2023-07-01,Current,340413.13049460296,0,2023-07-08,Servicer_Feed
LN100930,2024-10-01,Current,312735.23,0,2024-10-07,Servicer_Feed
LN101861,2021-08-01,Current,183092.19,0,2023-07-09,Servicer_Feed
LN101106,2024-05-01,Current,373421.39,0,2024-05-02,Servicer_Feed
LN100277,2022-01-01,Current,270643.07,0,2022-01-03,Servicer_Feed
LN100547,2023-09-01,Current,117021.44,0,2023-09-07,Servicer_Feed
LN101163,2023-10-01,Current,194668.18,0,2023-10-10,Servicer_Feed
LN100676,2024-10-01,Current,601942.49,0,2024-10-08,Servicer_Feed
LN100223,2019-08-01,Current,200075.1,0,2019-08-01,Servicer_Feed
LN100185,2023-01-01,Current,258696.75,0,2022-09-01,Servicer_Feed
LN100249,2022-06-01,Current,246418.68,0,2022-06-08,Servicer_Feed
LN101490,2021-02-01,Current,138526.45,0,2020-10-01,Servicer_Feed
LN101244,2022-02-01,Current,156240.38,0,2022-02-06,Servicer_Feed
LN100789,2024-03-01,Current,149742.04,0,2023-11-01,Servicer_Feed
LN101895,2023-03-01,Current,193068.95,0,2023-03-07,Servicer_Feed
LN101666,2022-08-01,Current,244100.45,0,2022-08-09,Servicer_Feed
LN101106,2020-05-01,Current,405469.76,0,2020-05-03,Servicer_Feed
LN100729,2020-09-01,Current,103421.32,0,2020-09-03,Servicer_Feed
LN100739,2021-05-01,Current,164375.76,0,2021-01-01,Servicer_Feed
LN100856,2023-05-01,Current,78552.48,0,2023-05-08,Servicer_Feed
LN101823,2020-07-01,Current,152842.07194648086,0,2020-07-06,Servicer_Feed
LN100376,2024-06-01,Current,185907.19,0,2024-06-01,Servicer_Feed
LN101884,2020-05-01,Current,401512.32,0,2020-05-08,Servicer_Feed
LN100587,2023-03-01,Current,215753.49,0,2022-11-01,Servicer_Feed
LN100115,2019-10-01,Current,243056.65,0,2019-06-01,Servicer_Feed
LN100949,2023-10-01,Current,143467.57,0,2023-10-02,Servicer_Feed
LN100976,2024-06-01,Current,150471.76,0,2024-06-09,Servicer_Feed
LN101802,2020-02-01,Current,552505.87,0,2020-02-03,Servicer_Feed
LN100417,2022-08-01,Current,248724.53,0,2022-04-01,Servicer_Feed
LN101680,2023-11-01,Current,240984.32,0,2023-11-05,Servicer_Feed
LN100745,2019-08-01,Current,215677.39,0,2019-08-09,Servicer_Feed
LN100792,2024-08-01,Current,141193.5,0,2024-08-07,Servicer_Feed
LN100152,2024-09-01,Current,163678.9116291269,0,2024-09-01,Servicer_Feed
LN101465,2024-02-01,Current,133431.44,0,2024-02-08,Servicer_Feed
LN101972,2022-11-01,Current,222179.16,0,2022-11-01,Servicer_Feed
LN101844,2024-06-01,Current,201023.85,0,2024-06-04,Servicer_Feed
LN101654,2021-04-01,Current,86491.09,0,2021-04-05,Servicer_Feed
LN100392,2023-01-01,Current,240160.21,0,2022-09-01,Servicer_Feed
LN101468,2021-06-01,Current,92376.78,0,2021-06-04,Servicer_Feed
LN101620,2019-08-01,Current,97937.63,0,2019-08-05,Servicer_Feed
LN100381,2023-03-01,Current,244297.63,0,2023-03-04,Servicer_Feed
LN100360,2024-12-01,Current,215735.67652435458,0,2024-12-06,Servicer_Feed
LN101107,2020-08-01,Current,109679.06011118964,0,2020-08-03,Servicer_Feed
LN101578,2022-03-01,Current,261016.26,0,2021-11-01,Servicer_Feed
LN100152,2023-05-01,Current,211270.72,0,2023-05-10,Servicer_Feed
LN100800,2024-05-01,Current,288720.7,0,2024-05-05,Servicer_Feed
LN100828,2023-01-01,Current,335585.61,0,2023-01-07,Servicer_Feed
LN100117,2021-10-01,Current,221104.6876041161,0,2021-10-03,Servicer_Feed
LN101138,2021-07-01,Current,483022.76,0,2021-07-01,Servicer_Feed
LN100700,2020-12-01,Current,130096.38807683681,0,2020-12-04,Servicer_Feed
LN101636,2023-08-01,30DPD,122611.41,30,2023-08-03,Servicer_Feed
LN101226,2022-10-01,Current,399812.5,0,2022-10-07,Servicer_Feed
LN101097,2024-12-01,Current,304516.86,0,2024-12-01,Servicer_Feed
LN100942,2024-01-01,Current,230108.3,0,2024-01-03,Servicer_Feed
LN100720,2023-05-01,Current,478250.56,0,2023-05-03,Servicer_Feed
LN101116,2024-05-01,Current,306199.79,0,2024-05-01,Servicer_Feed
LN100608,2023-02-01,Current,164088.11,0,2023-02-04,Servicer_Feed
LN101699,2023-02-01,Current,183606.28225233828,0,2023-02-06,Servicer_Feed
LN100319,2024-08-01,Current,233048.25,0,2024-08-01,Servicer_Feed
LN101858,2021-12-01,Current,110804.34,0,2021-12-03,Servicer_Feed
LN101401,2023-05-01,Current,68856.55,0,2023-05-02,Servicer_Feed
LN100740,2023-01-01,Current,368138.47,0,2023-01-01,Servicer_Feed
LN100110,2022-05-01,Current,470649.73,0,2022-05-02,Servicer_Feed
LN100745,2021-07-01,Current,199423.85,0,2021-07-03,Servicer_Feed
LN100094,2024-11-01,Current,271929.61724046984,0,2024-11-09,Servicer_Feed
LN100380,2024-11-01,Current,164490.32,0,2024-07-01,Servicer_Feed
LN101087,2024-02-01,Current,146116.09,0,2024-02-04,Servicer_Feed
LN100238,2023-08-01,Current,382366.34,0,2023-08-03,Servicer_Feed
LN101620,2024-11-01,Current,76377.98,0,2024-11-04,Servicer_Feed
LN100276,2022-06-01,Current,232630.51,0,2022-06-03,Servicer_Feed
LN100407,2019-07-01,Current,224413.67,0,2019-07-08,Servicer_Feed
LN101254,2024-04-01,Current,263436.33,0,2024-04-05,Servicer_Feed
LN100770,2020-05-01,Current,269541.84,0,2020-05-06,Servicer_Feed
LN100271,2024-08-01,Current,462196.71283028193,0,2024-08-09,Servicer_Feed
LN101877,2024-03-01,Current,294384.84,0,2023-11-01,Servicer_Feed
LN100947,2023-08-01,Current,156980.53,0,2023-08-05,Servicer_Feed
LN101578,2022-01-01,Current,261900.59,0,2021-09-01,Servicer_Feed
LN101761,2023-11-01,Current,237936.94,0,2023-11-02,Servicer_Feed
LN101480,2022-06-01,Current,155162.23,0,2022-06-02,Servicer_Feed
LN101428,2021-02-01,Current,275151.2740605596,0,2021-02-08,Servicer_Feed
LN101841,2021-09-01,Current,398380.7571640381,0,2021-09-03,Servicer_Feed
LN100776,2022-12-01,Current,145481.68,0,2022-12-05,Servicer_Feed
LN101409,2024-04-01,Current,273792.607289313,0,2024-04-07,Servicer_Feed
LN100509,2024-12-01,Current,371040.47,0,2024-12-03,Servicer_Feed
LN100395,2022-06-01,Current,142382.27,0,2022-06-07,Servicer_Feed
LN100275,2020-11-01,Current,369421.45,0,2020-07-01,Servicer_Feed
LN100313,2022-12-01,Current,275595.7,0,2022-12-09,Servicer_Feed
LN101367,2020-11-01,Current,254940.31,0,2020-11-03,Servicer_Feed
LN101044,2022-10-01,Current,240336.19,0,2022-10-04,Servicer_Feed
LN101074,2022-01-01,Current,431309.96,0,2022-01-05,Servicer_Feed
LN100447,2024-11-01,Current,120103.88319954625,0,2024-11-04,Servicer_Feed
LN100389,2021-09-01,Current,499889.2564137094,0,2021-09-02,Servicer_Feed
LN100502,2022-03-01,Current,199080.45,0,2022-03-05,Servicer_Feed
LN101956,2021-05-01,Current,341531.35,0,2021-05-10,Servicer_Feed
LN100215,2020-12-01,Current,98248.18997167765,0,2020-12-06,Servicer_Feed
LN100425,2023-06-01,Current,102355.54,0,2023-06-03,Servicer_Feed
LN100530,2021-03-01,Current,136415.39603323612,0,2021-03-01,Servicer_Feed
LN101847,2021-08-01,Current,275683.22,0,2021-08-03,Servicer_Feed
LN100651,2022-11-01,Current,504436.6277098006,0,2022-07-01,Servicer_Feed
LN100265,2024-09-01,Current,251081.04,0,2024-05-01,Servicer_Feed
LN100456,2021-12-01,Current,116957.63,0,2021-12-09,Servicer_Feed
LN100812,2023-03-01,Current,156800.55722087796,0,2023-03-08,Servicer_Feed
LN100604,2021-12-01,Current,252754.89,0,2021-12-01,Servicer_Feed
LN101713,2022-11-01,Current,475464.1,0,2022-11-10,Servicer_Feed
LN100943,2022-07-01,Current,85880.05,0,2022-07-07,Servicer_Feed
LN100934,2022-01-01,Current,242435.74,0,2022-01-02,Servicer_Feed
LN100886,2024-03-01,Current,186682.59,0,2024-03-07,Servicer_Feed
LN101205,2024-02-01,Current,152217.97,0,2024-02-08,Servicer_Feed
LN100702,2023-02-01,Current,238597.11,0,2023-02-09,Servicer_Feed
LN101781,2021-03-01,Current,135644.63,0,2021-03-03,Servicer_Feed
LN100638,2023-03-01,Current,193775.08,0,2023-03-07,Servicer_Feed
LN101525,2023-08-01,Current,667644.9338258782,0,2023-08-01,Servicer_Feed
LN101697,2024-04-01,Current,151065.33,0,2024-04-04,Servicer_Feed
LN100868,2022-04-01,Current,289123.87,0,2022-04-07,Servicer_Feed
LN101631,2024-04-01,Current,340075.910130147,0,2024-04-09,Servicer_Feed
LN101249,2023-03-01,Current,186095.09,0,2023-03-01,Servicer_Feed
LN100116,2024-08-01,Current,129773.82,0,2024-04-01,Servicer_Feed
LN100491,2024-02-01,Current,180074.2,0,2024-02-03,Servicer_Feed
LN100546,2020-12-01,Current,333405.12,0,2020-12-10,Servicer_Feed
LN101652,2024-02-01,Current,110923.91,0,2024-02-05,Servicer_Feed
LN100318,2023-10-01,Current,415306.01,0,2023-10-05,Servicer_Feed
LN101095,2020-11-01,Current,117061.82,0,2020-11-05,Servicer_Feed
LN101384,2019-12-01,Current,247120.76,0,2019-12-05,Servicer_Feed
LN101322,2024-03-01,30DPD,347125.02,30,2024-03-04,Servicer_Feed
LN101790,2021-10-01,Current,228184.85,0,2021-06-01,Servicer_Feed
LN100947,2019-04-01,Current,189539.6,0,2019-04-02,Servicer_Feed
LN101009,2021-08-01,Prepaid,226251.75,0,2021-08-03,Servicer_Feed
LN100255,2022-05-01,Current,101651.21700396128,0,2022-05-06,Servicer_Feed
LN100718,2020-07-01,Current,283695.74,0,2020-07-02,Servicer_Feed
LN100359,2024-10-01,Current,82471.91,0,2024-10-01,Servicer_Feed
LN101767,2022-06-01,Current,269223.88,0,2022-06-08,Servicer_Feed
LN101538,2023-11-01,Current,501501.54,0,2023-11-07,Servicer_Feed
LN101779,2024-10-01,Current,415791.89,0,2024-10-09,Servicer_Feed
LN101870,2021-06-01,Current,112062.87,0,2021-06-10,Servicer_Feed
LN101864,2024-05-01,Current,292650.96,0,2024-05-01,Servicer_Feed
LN100121,2022-02-01,Current,165992.59,0,2022-02-09,Servicer_Feed
LN100337,2024-12-01,Current,381336.71,0,2024-12-02,Servicer_Feed
LN100002,2024-03-01,Current,347167.03,0,2024-03-05,Servicer_Feed
LN101188,2019-11-01,Current,432477.35,0,2019-11-04,Servicer_Feed
LN101899,2021-02-01,Current,191607.63,0,2021-02-03,Servicer_Feed
LN101106,2021-04-01,Current,398312.24,0,2021-04-04,Servicer_Feed
LN101092,2022-10-01,Current,141623.7,0,2022-10-04,Servicer_Feed
LN101587,2023-07-01,Current,162255.09,0,2023-07-10,Servicer_Feed
LN101445,2024-04-01,Current,169292.96,0,2024-04-08,Servicer_Feed
LN100323,2023-02-01,Current,98677.49769224558,0,2023-02-03,Servicer_Feed
LN100330,2022-10-01,Current,164936.12,0,2022-10-03,Servicer_Feed
LN101065,2020-01-01,Current,400021.59,0,2020-01-06,Servicer_Feed
LN100997,2024-06-01,Current,212070.53,0,2024-06-01,Servicer_Feed
LN101365,2023-11-01,Current,174592.64,0,2023-07-01,Servicer_Feed
LN101987,2023-05-01,Current,309593.5,0,2023-05-08,Servicer_Feed
LN100199,2024-03-01,Current,184233.24,0,2024-03-04,Servicer_Feed
LN101510,2022-03-01,Current,388829.88,0,2022-03-06,Servicer_Feed
LN101639,2022-07-01,Current,217421.41,0,2022-07-05,Servicer_Feed
LN100849,2024-08-01,Current,142181.95,0,2024-04-01,Servicer_Feed
LN101137,2023-02-01,Current,137224.36169826618,0,2023-02-10,Servicer_Feed
LN101132,2020-10-01,Current,239974.37351112187,0,2020-10-03,Servicer_Feed
LN100332,2023-07-01,Current,322699.19,0,2023-03-01,Servicer_Feed
LN100635,2023-01-01,Current,300498.48,0,2023-01-05,Servicer_Feed
LN101774,2023-11-01,Current,223720.01,0,2023-11-09,Servicer_Feed
LN101868,2024-01-01,Current,274483.594869553,0,2024-01-05,Servicer_Feed
LN101234,2020-10-01,Current,131316.77041092736,0,2020-10-06,Servicer_Feed
LN100552,2022-09-01,Current,351373.44,0,2022-09-02,Servicer_Feed
LN100604,2022-03-01,Current,251581.93,0,2022-03-04,Servicer_Feed
LN100751,2023-03-01,Current,136044.27,0,2023-03-08,Servicer_Feed
LN101997,2023-04-01,Current,128682.55,0,2022-12-01,Servicer_Feed
LN100873,2020-08-01,Current,183159.87723152162,0,2020-08-06,Servicer_Feed
LN100064,2019-11-01,Current,101788.7,0,2019-11-09,Servicer_Feed
LN101291,2024-03-01,Current,204319.47,0,2024-03-02,Servicer_Feed
LN101718,2022-05-01,Current,226464.7,0,2022-05-05,Servicer_Feed
LN101938,2024-08-01,Current,208479.68,0,2024-08-05,Servicer_Feed
LN100567,2024-05-01,Current,223250.49675650094,0,2024-05-08,Servicer_Feed
LN101059,2021-12-01,Prepaid,316766.09,0,2021-12-10,Servicer_Feed
LN100195,2021-12-01,Current,181982.93399027863,0,2021-12-10,Servicer_Feed
LN100922,2023-03-01,Current,195924.41,0,2023-03-02,Servicer_Feed
LN100092,2019-06-01,Current,63311.07,0,2019-02-01,Servicer_Feed
LN100146,2024-02-01,Current,177438.5,0,2024-02-09,Servicer_Feed
LN100997,2022-10-01,Current,218294.49,0,2022-10-01,Servicer_Feed
LN100264,2024-01-01,Current,346458.65,0,2024-01-07,Servicer_Feed
LN100388,2024-12-01,Current,181368.35,0,2024-12-02,Servicer_Feed
LN100215,2024-02-01,Current,130964.64,0,2024-02-03,Servicer_Feed
LN101858,2020-12-01,Current,112906.4,0,2020-12-03,Servicer_Feed
LN100642,2022-08-01,Current,309085.95,0,2022-08-01,Servicer_Feed
LN100524,2022-02-01,Current,226157.08,0,2022-02-02,Servicer_Feed
LN100300,2022-03-01,Prepaid,262964.73624292086,0,2022-03-06,Servicer_Feed
LN100358,2023-03-01,Current,314952.19,0,2023-03-09,Servicer_Feed
LN101600,2024-08-01,Current,381710.59,0,2024-08-01,Servicer_Feed
LN101598,2024-04-01,Current,314702.25,0,2024-04-04,Servicer_Feed
LN101501,2021-08-01,Current,213414.12,0,2021-08-04,Servicer_Feed
LN100088,2024-03-01,Current,466897.37,0,2024-03-10,Servicer_Feed
LN100368,2020-05-01,Current,77165.0,0,2020-05-07,Servicer_Feed
LN100594,2022-05-01,Current,148571.03,0,2022-05-09,Servicer_Feed
LN101055,2024-04-01,Current,205517.19,0,2024-04-07,Servicer_Feed
LN101071,2020-02-01,Current,169850.98304083987,0,2020-02-06,Servicer_Feed
LN101941,2020-12-01,Current,361187.04,0,2020-08-01,Servicer_Feed
LN101700,2021-03-01,Current,341584.77,0,2021-03-06,Servicer_Feed
LN101231,2023-12-01,Current,108394.06,0,2023-12-06,Servicer_Feed
LN100456,2021-02-01,Current,118814.32,0,2021-02-03,Servicer_Feed
LN100439,2021-04-01,Current,180633.98,0,2021-04-02,Servicer_Feed
LN101161,2023-01-01,Current,150941.3279643537,0,2023-01-05,Servicer_Feed
LN100564,2020-09-01,Current,564352.17,0,2020-09-03,Servicer_Feed
LN101996,2024-11-01,Current,386431.0,0,2024-07-01,Servicer_Feed
LN100461,2024-08-01,Current,149769.51,0,2024-08-05,Servicer_Feed
LN100276,2023-01-01,Current,230119.23,0,2023-01-01,Servicer_Feed
LN100549,2022-05-01,Current,96352.98,0,2022-01-01,Servicer_Feed
LN100415,2022-09-01,Current,214955.19,0,2022-09-02,Servicer_Feed
LN101690,2023-08-01,Current,174854.95,0,2023-04-01,Servicer_Feed
LN100803,2021-04-01,Current,144626.55,0,2021-04-03,Servicer_Feed
LN101907,2023-10-01,Current,361027.32,0,2023-10-02,Servicer_Feed
LN101050,2020-05-01,Current,372342.8856583785,0,2020-05-10,Servicer_Feed
LN100238,2022-07-01,Current,390287.94,0,2022-07-09,Servicer_Feed
LN101326,2024-01-01,Current,346066.59,0,2024-01-07,Servicer_Feed
LN100963,2022-04-01,Current,422180.15,0,2022-04-10,Servicer_Feed
LN101288,2021-02-01,Current,149941.65,0,2021-02-09,Servicer_Feed
LN100599,2024-05-01,Current,399497.2569880927,0,2024-05-09,Servicer_Feed
LN101576,2023-07-01,Current,211025.05198174136,0,2023-07-03,Servicer_Feed
LN101936,2023-06-01,Current,166785.26,0,2023-02-01,Servicer_Feed
LN100425,2021-12-01,Current,105325.23,0,2021-12-10,Servicer_Feed
LN100851,2023-12-01,Current,342060.55,0,2023-12-05,Servicer_Feed
LN100986,2024-02-01,Current,388033.48,0,2024-02-10,Servicer_Feed
LN100020,2020-02-01,Current,58714.05,0,2020-02-10,Servicer_Feed
LN101557,2022-11-01,Current,248106.79,0,2022-07-01,Servicer_Feed
LN100183,2024-01-01,Current,521578.95,0,2024-01-08,Servicer_Feed
LN100790,2023-12-01,Current,306731.97,0,2023-12-08,Servicer_Feed
LN101209,2020-12-01,Current,161050.82,0,2020-12-08,Servicer_Feed
LN100566,2023-06-01,Current,254419.19,0,2023-06-06,Servicer_Feed
LN100028,2022-02-01,Current,373515.28070420824,0,2022-02-07,Servicer_Feed
LN101537,2024-02-01,Current,521405.38,0,2024-02-07,Servicer_Feed
LN100117,2020-07-01,Current,178432.85140906542,0,2020-07-07,Servicer_Feed
LN101485,2021-12-01,Current,244543.8,0,2021-12-06,Servicer_Feed
LN101331,2020-09-01,Current,330676.78,0,2020-09-09,Servicer_Feed
LN100326,2019-12-01,Current,385880.0853120369,0,2019-12-05,Servicer_Feed
LN101989,2022-10-01,Current,591777.2,0,2022-10-01,Servicer_Feed
LN101888,2023-02-01,Current,234858.61,0,2023-02-07,Servicer_Feed
LN100021,2021-05-01,Current,154600.43,0,2021-05-02,Servicer_Feed
LN101304,2022-05-01,Current,673172.83,0,2022-05-06,Servicer_Feed
LN100700,2020-01-01,Current,144479.54,0,2019-09-01,Servicer_Feed
LN101068,2020-05-01,Current,118740.43,0,2020-05-07,Servicer_Feed
LN100750,2022-02-01,Current,321561.8852276114,0,2022-02-04,Servicer_Feed
LN101202,2024-12-01,Current,274340.35,0,2024-12-04,Servicer_Feed
LN101674,2023-09-01,Current,249035.807040783,0,2023-09-06,Servicer_Feed
LN101730,2024-05-01,Current,154801.7452995598,0,2024-05-04,Servicer_Feed
LN100978,2023-03-01,Current,263488.52,0,2023-03-09,Servicer_Feed
LN100874,2021-09-01,Current,189292.15,0,2021-05-01,Servicer_Feed
LN101478,2024-03-01,Current,295440.69,0,2024-03-05,Servicer_Feed
LN101571,2024-05-01,Current,267109.71,0,2024-05-01,Servicer_Feed
LN101214,2024-04-01,Current,96240.27299755254,0,2024-04-05,Servicer_Feed
LN100573,2023-06-01,Current,229365.39,0,2023-06-10,Servicer_Feed
LN100109,2023-05-01,Current,260098.38,0,2023-05-03,Servicer_Feed
LN100967,2023-06-01,Current,151127.0099359471,0,2023-06-07,Servicer_Feed
LN101451,2019-12-01,Current,345571.94,0,2019-08-01,Servicer_Feed
LN100074,2024-10-01,Current,266352.94,0,2024-10-10,Servicer_Feed
LN100653,2022-11-01,Current,143342.46,0,2022-11-09,Servicer_Feed
LN101950,2021-05-01,Current,260202.96,0,2021-05-09,Servicer_Feed
LN101610,2023-07-01,Current,351732.3913596083,0,2023-07-03,Servicer_Feed
LN100634,2022-08-01,60DPD,245329.75,60,2022-08-08,Servicer_Feed
LN101605,2023-08-01,Current,127111.25,0,2023-04-01,Servicer_Feed
LN100527,2024-04-01,Current,196596.17,0,2023-12-01,Servicer_Feed
LN101851,2024-06-01,Current,444525.6791249166,0,2024-02-01,Servicer_Feed
LN100342,2023-05-01,Current,397161.02,0,2023-05-03,Servicer_Feed
LN101773,2024-07-01,Current,213886.46,0,2024-07-09,Servicer_Feed
LN101848,2022-08-01,Current,364244.21,0,2022-08-05,Servicer_Feed
LN100494,2020-03-01,Current,261214.01260211127,0,2020-03-06,Servicer_Feed
LN101261,2024-04-01,Current,69060.05,0,2024-04-07,Servicer_Feed
LN100298,2024-12-01,30DPD,223624.02,30,2024-12-03,Servicer_Feed
LN101942,2022-03-01,Current,166266.5,0,2022-03-06,Servicer_Feed
LN101543,2022-09-01,Current,285139.06,0,2022-09-02,Servicer_Feed
LN101226,2021-11-01,Current,406769.66,0,2021-11-09,Servicer_Feed
LN100364,2022-12-01,Current,114525.25,0,2022-12-07,Servicer_Feed
LN100660,2022-03-01,Current,315917.95,0,2021-11-01,Servicer_Feed
LN101974,2024-02-01,Current,298742.32,0,2023-10-01,Servicer_Feed
LN100383,2023-01-01,Current,301447.0091387418,0,2023-01-01,Servicer_Feed
LN100704,2023-02-01,Current,158323.66,0,2022-10-01,Servicer_Feed
LN101663,2024-02-01,Current,94672.07661319825,0,2024-02-06,Servicer_Feed
LN101446,2019-07-01,Current,190142.48,0,2019-03-01,Servicer_Feed
LN101647,2024-08-01,Current,179690.96,0,2024-08-05,Servicer_Feed
LN101231,2023-04-01,Current,112007.26,0,2022-12-01,Servicer_Feed
LN100449,2024-09-01,Current,210370.62993350494,0,2024-09-02,Servicer_Feed
LN100367,2024-04-01,Current,263411.19,0,2024-04-09,Servicer_Feed
LN101163,2024-12-01,Current,189738.04,0,2024-12-08,Servicer_Feed
LN100755,2023-10-01,Current,147748.5259859843,0,2023-10-09,Servicer_Feed
LN101460,2022-04-01,Current,165892.65,0,2022-04-08,Servicer_Feed
LN100114,2021-11-01,Current,367654.3,0,2021-11-02,Servicer_Feed
LN100515,2022-02-01,Current,514659.74,0,2022-02-05,Servicer_Feed
LN100979,2024-07-01,Current,118842.9962575394,0,2024-07-08,Servicer_Feed
LN101753,2024-11-01,Current,141005.88,0,2024-11-10,Servicer_Feed
LN100856,2023-10-01,Current,77933.69,0,2023-10-02,Servicer_Feed
LN100515,2024-02-01,Current,467344.92,0,2024-02-02,Servicer_Feed
LN100441,2024-03-01,Current,272524.4133725923,0,2024-03-05,Servicer_Feed
LN100398,2024-12-01,Current,391779.28,0,2024-12-02,Servicer_Feed
LN100385,2019-06-01,Current,204177.68,0,2019-06-07,Servicer_Feed
LN100210,2024-12-01,Current,215903.5,0,2024-12-04,Servicer_Feed
LN100191,2024-04-01,90DPD,74540.12,95,2024-04-10,Servicer_Feed
LN101652,2022-07-01,Current,118432.6,0,2022-07-03,Servicer_Feed
LN100918,2023-02-01,Current,58895.4,0,2023-02-01,Servicer_Feed
LN101553,2024-10-01,Current,208582.46,0,2024-10-08,Servicer_Feed
LN101825,2024-05-01,Current,237963.85,0,2024-05-02,Servicer_Feed
LN100960,2024-11-01,Current,97155.1,0,2024-11-08,Servicer_Feed
LN101781,2024-11-01,Current,126129.49,0,2024-07-01,Servicer_Feed
LN101461,2023-02-01,Current,156246.98,0,2023-02-04,Servicer_Feed
LN101614,2022-05-01,Current,125476.57,0,2022-05-06,Servicer_Feed
LN101110,2021-01-01,Current,157396.82,0,2021-01-01,Servicer_Feed
LN101956,2021-07-01,Current,264178.29684759845,0,2021-07-04,Servicer_Feed
LN100586,2021-11-01,Current,203776.79,0,2021-07-01,Servicer_Feed
LN101773,2024-11-01,Current,212435.58,0,2024-11-01,Servicer_Feed
LN101415,2024-06-01,Current,150852.66,0,2024-02-01,Servicer_Feed
LN101706,2020-07-01,Current,260802.38,0,2020-07-09,Servicer_Feed
LN101608,2023-10-01,Current,293106.97,0,2023-10-06,Servicer_Feed
LN100583,2023-04-01,Current,154386.59895787868,0,2023-04-05,Servicer_Feed
LN100981,2023-03-01,Current,348772.92,0,2023-03-09,Servicer_Feed
LN100598,2022-05-01,Current,153463.68699546318,0,2022-05-06,Servicer_Feed
LN100229,2020-11-01,Current,279066.55,0,2020-11-03,Servicer_Feed
LN100395,2023-08-01,Current,139491.06,0,2023-04-01,Servicer_Feed
LN101501,2024-01-01,Current,192056.3,0,2023-09-01,Servicer_Feed
LN101059,2021-09-01,Current,317759.72,0,2021-05-01,Servicer_Feed
LN100372,2022-01-01,Current,403783.88,0,2022-01-04,Servicer_Feed
LN101587,2020-05-01,Current,172835.13,0,2020-05-09,Servicer_Feed
LN101747,2022-04-01,Current,434061.1,0,2022-04-04,Servicer_Feed
LN101615,2021-03-01,Current,266051.82,0,2021-03-08,Servicer_Feed
LN100909,2022-08-01,Current,284290.49,0,2022-08-03,Servicer_Feed
LN101664,2022-06-01,30DPD,238716.86,30,2022-06-06,Servicer_Feed
LN100922,2024-04-01,90DPD,190237.03,95,2023-12-01,Servicer_Feed
LN100212,2023-12-01,Current,438434.16,0,2023-12-09,Servicer_Feed
LN100948,2022-05-01,Current,379593.33,0,2022-05-01,Servicer_Feed
LN101562,2024-03-01,Prepaid,152053.57,0,2023-11-01,Servicer_Feed
LN101935,2024-01-01,Current,319750.69,0,2024-01-05,Servicer_Feed
LN100331,2023-10-01,Current,297883.39,0,2023-10-06,Servicer_Feed
LN100883,2024-12-01,Current,110639.47,0,2024-08-01,Servicer_Feed
LN100798,2021-10-01,Current,527831.72,0,2021-10-02,Servicer_Feed
LN101612,2021-05-01,Current,154244.63,0,2021-05-02,Servicer_Feed
LN101451,2022-03-01,Current,272998.3754111335,0,2022-03-01,Servicer_Feed
LN101062,2021-06-01,Current,339594.65,0,2021-06-08,Servicer_Feed
LN100104,2019-12-01,Current,302197.65,0,2019-08-01,Servicer_Feed
LN100377,2022-06-01,Current,134805.54538788274,0,2022-06-08,Servicer_Feed
LN101301,2024-07-01,Current,142389.07,0,2024-07-10,Servicer_Feed
LN100238,2021-12-01,Current,425443.5910509426,0,2022-02-01,Servicer_Feed
LN100408,2022-05-01,Current,137577.53,0,2022-05-05,Servicer_Feed
LN101714,2021-08-01,Current,231277.39,0,2021-04-01,Servicer_Feed
LN101481,2024-10-01,Current,174167.53,0,2024-10-03,Servicer_Feed
LN101621,2024-01-01,Current,331548.59,0,2024-01-05,Servicer_Feed
LN100829,2021-12-01,Current,161433.45,0,2021-12-10,Servicer_Feed
LN100146,2020-02-01,Current,162932.49847724958,0,2020-02-04,Servicer_Feed
LN101279,2022-10-01,Current,198470.84,0,2022-10-09,Servicer_Feed
LN101931,2023-06-01,Current,335573.36,0,2023-06-01,Servicer_Feed
LN100977,2023-01-01,30DPD,55766.24,30,2023-01-02,Servicer_Feed
LN101089,2022-12-01,Current,436690.3140967784,0,2022-12-10,Servicer_Feed
LN100518,2020-06-01,Current,237507.55,0,2020-06-04,Servicer_Feed
LN100709,2024-10-01,Current,158329.67,0,2024-10-10,Servicer_Feed
LN100233,2022-03-01,Current,105710.34,0,2022-03-10,Servicer_Feed
LN100361,2023-11-01,Current,208197.87,0,2023-11-04,Servicer_Feed
LN100035,2019-05-01,Current,118057.24,0,2019-05-05,Servicer_Feed
LN101362,2021-10-01,Current,151050.39,0,2021-10-03,Servicer_Feed
LN101717,2023-06-01,Current,269147.87,0,2023-06-04,Servicer_Feed
LN101301,2019-12-01,Current,156416.77,0,2019-12-03,Servicer_Feed
LN100549,2023-09-01,Current,117575.8656567785,0,2023-09-10,Servicer_Feed
LN101224,2021-10-01,Current,150938.44,0,2021-10-05,Servicer_Feed
LN100288,2024-01-01,90DPD,297737.34,95,2024-01-04,Servicer_Feed
LN100169,2021-11-01,Current,208306.67,0,2021-11-05,Servicer_Feed
LN100678,2023-11-01,Current,260176.1,0,2023-11-07,Servicer_Feed
LN101648,2021-09-01,Current,231721.38219017786,0,2021-09-02,Servicer_Feed
LN101396,2024-04-01,Current,386621.87,0,2024-04-09,Servicer_Feed
LN100647,2023-02-01,Current,146969.06,0,2023-02-08,Servicer_Feed
LN100679,2022-04-01,Current,160804.86,0,2022-04-03,Servicer_Feed
LN101159,2020-01-01,Current,175096.34,0,2020-01-01,Servicer_Feed
LN100143,2020-09-01,Current,226619.26,0,2020-09-06,Servicer_Feed
LN101811,2021-09-01,Current,618610.48,0,2021-09-09,Servicer_Feed
LN100845,2023-08-01,Current,283840.61,0,2023-08-10,Servicer_Feed
LN100313,2022-09-01,Current,276906.55,0,2022-09-04,Servicer_Feed
LN101102,2021-12-01,Current,423109.71,0,2021-12-03,Servicer_Feed
LN101394,2024-09-01,Current,578812.44,0,2024-05-01,Servicer_Feed
LN101482,2024-11-01,Current,173031.9,0,2024-11-03,Servicer_Feed
LN100687,2024-02-01,60DPD,223073.32,60,2024-02-06,Servicer_Feed
LN100244,2022-08-01,Current,93930.09,0,2022-04-01,Servicer_Feed
LN100048,2024-09-01,Current,440581.14,0,2024-09-01,Servicer_Feed
LN100660,2023-01-01,Current,405959.6720638937,0,2023-01-04,Servicer_Feed
LN100653,2021-07-01,Current,147226.36,0,2021-07-03,Servicer_Feed
LN100702,2022-09-01,Current,240502.58,0,2022-09-05,Servicer_Feed
LN101640,2023-07-01,Current,235950.52,0,2023-07-07,Servicer_Feed
LN100475,2022-11-01,Current,750361.63,0,2022-07-01,Servicer_Feed
LN101957,2022-06-01,Current,322951.74,0,2022-06-07,Servicer_Feed
LN101409,2022-08-01,Current,288965.86,0,2022-08-09,Servicer_Feed
LN101994,2024-10-01,Current,184250.46,0,2024-10-09,Servicer_Feed
LN100082,2023-09-01,Current,471804.2996476697,0,2023-09-07,Servicer_Feed
LN101484,2023-04-01,Current,355968.06,0,2023-04-04,Servicer_Feed
LN100118,2023-03-01,Current,342346.83,0,2023-03-02,Servicer_Feed
LN100734,2021-07-01,Current,136989.43,0,2021-07-05,Servicer_Feed
LN101470,2019-01-01,Current,209879.75,0,2019-01-04,Servicer_Feed
LN100809,2023-01-01,Current,201972.57,0,2023-01-02,Servicer_Feed
LN100737,2023-07-01,Current,243274.44,0,2023-07-06,Servicer_Feed
LN101890,2024-01-01,Current,140293.53,0,2024-01-04,Servicer_Feed
LN101893,2023-03-01,Current,206350.22,0,2023-03-07,Servicer_Feed
LN100039,2022-04-01,Current,240648.19,0,2022-04-03,Servicer_Feed
LN101864,2023-12-01,Current,295132.23,0,2023-12-08,Servicer_Feed
LN101587,2019-08-01,Current,175263.99,0,2019-08-05,Servicer_Feed
LN100330,2021-01-01,Current,177654.38,0,2021-01-01,Servicer_Feed
LN101303,2019-11-01,Current,161653.34,0,2019-11-01,Servicer_Feed
LN101420,2023-12-01,Current,119791.35,0,2023-12-03,Servicer_Feed
LN100655,2022-02-01,Current,601235.33,0,2022-02-03,Servicer_Feed
LN100615,2023-01-01,Current,155001.36,0,2023-01-07,Servicer_Feed
LN100532,2022-11-01,Current,252965.14,0,2022-11-07,Servicer_Feed
LN101620,2024-07-01,Current,77890.18,0,2024-07-09,Servicer_Feed
LN101212,2024-02-01,Current,117473.16,0,2024-02-02,Servicer_Feed
LN101882,2023-06-01,Current,273466.28,0,2023-02-01,Servicer_Feed
LN101983,2023-12-01,Current,192068.32,0,2023-12-07,Servicer_Feed
LN101663,2023-12-01,Current,102223.76,0,2023-12-05,Servicer_Feed
LN101349,2021-02-01,Current,414662.32,0,2021-02-02,Servicer_Feed
LN101816,2022-05-01,Current,156329.01,0,2022-05-10,Servicer_Feed
LN101690,2021-11-01,Current,181309.95,0,2021-11-10,Servicer_Feed
LN100308,2023-01-01,Current,241851.2,0,2023-01-04,Servicer_Feed
LN100455,2023-02-01,Current,176446.86,0,2022-10-01,Servicer_Feed
LN101891,2022-07-01,Prepaid,207728.25,0,2022-07-01,Servicer_Feed
LN101968,2021-05-01,Current,183666.15,0,2021-05-01,Servicer_Feed
LN100104,2022-11-01,Current,286193.21,0,2022-11-10,Servicer_Feed
LN101948,2022-07-01,60DPD,124466.59,60,2022-07-02,Servicer_Feed
LN100686,2022-04-01,Current,242291.54,0,2022-04-04,Servicer_Feed
LN101717,2022-08-01,Current,247585.4696387298,0,2022-08-06,Servicer_Feed
LN101288,2021-10-01,Current,115046.507773698,0,2021-10-03,Servicer_Feed
LN100012,2022-07-01,Current,203139.05,0,2022-07-01,Servicer_Feed
LN100013,2024-02-01,Current,100261.43,0,2024-02-01,Servicer_Feed
LN101170,2020-12-01,Current,754937.652591282,0,2020-12-07,Servicer_Feed
LN101560,2023-01-01,Current,156073.08,0,2023-01-10,Servicer_Feed
LN100275,2022-11-01,Current,355397.91,0,2022-07-01,Servicer_Feed
LN100532,2022-05-01,Current,255326.16,0,2022-05-10,Servicer_Feed
LN101482,2023-11-01,Current,176391.73,0,2023-11-10,Servicer_Feed
LN101654,2023-06-01,Current,82812.87,0,2023-06-06,Servicer_Feed
LN100187,2019-09-01,Current,532921.507833562,0,2019-09-10,Servicer_Feed
LN100737,2022-04-01,Current,249364.41,0,2022-04-01,Servicer_Feed
LN101593,2022-11-01,Current,388215.18,0,2022-11-03,Servicer_Feed
LN100256,2023-09-01,Current,182927.98,0,2023-09-04,Servicer_Feed
LN100454,2022-01-01,Current,221187.37366287177,0,2022-01-04,Servicer_Feed
LN100293,2023-11-01,Current,335673.4,0,2023-11-01,Servicer_Feed
LN100561,2021-12-01,Current,225498.93208897562,0,2021-12-09,Servicer_Feed
LN101035,2019-10-01,Prepaid,117080.76,0,2019-10-05,Servicer_Feed
LN100995,2021-08-01,Current,74884.88,0,2021-08-04,Servicer_Feed
LN100880,2022-06-01,Current,179774.27,0,2022-06-07,Servicer_Feed
LN100195,2024-05-01,Current,210700.32,0,2024-05-07,Servicer_Feed
LN100487,2024-06-01,Current,363945.41,0,2024-06-01,Servicer_Feed
LN100852,2022-04-01,Current,891566.8177624217,0,2022-04-01,Servicer_Feed
LN101323,2024-03-01,Current,335620.27,0,2024-03-09,Servicer_Feed
LN101702,2023-01-01,Current,196795.25,0,2023-01-04,Servicer_Feed
LN101532,2023-01-01,Current,285470.25820289395,0,2023-01-04,Servicer_Feed
LN101438,2024-05-01,Current,369473.14,0,2024-01-01,Servicer_Feed
LN100605,2020-02-01,Current,217769.38,0,2019-10-01,Servicer_Feed
LN100288,2024-06-01,Current,297193.3,0,2024-06-07,Servicer_Feed
LN101085,2023-06-01,Current,110727.66,0,2023-06-01,Servicer_Feed
LN100948,2023-09-01,Current,369982.87,0,2023-05-01,Servicer_Feed
LN101344,2023-01-01,Current,291517.7772322282,0,2023-01-02,Servicer_Feed
LN101151,2022-08-01,Current,121987.08438226125,0,2022-08-01,Servicer_Feed
LN101508,2021-02-01,Current,185588.52,0,2021-02-08,Servicer_Feed
LN100243,2020-04-01,Current,215563.21155003525,0,2020-04-01,Servicer_Feed
LN101470,2019-02-01,Current,209559.1,0,2019-02-06,Servicer_Feed
LN100188,2022-11-01,Current,377312.17,0,2022-11-07,Servicer_Feed
LN101917,2020-08-01,Current,144522.4698971901,0,2020-08-07,Servicer_Feed
LN101171,2022-07-01,Current,244779.04,0,2022-07-09,Servicer_Feed
LN101380,2020-10-01,Current,228430.6,0,2020-10-10,Servicer_Feed
LN101433,2023-01-01,Current,353111.3574483655,0,2023-01-02,Servicer_Feed
LN101724,2023-05-01,Current,341217.26,0,2023-05-08,Servicer_Feed
LN100167,2019-08-01,Current,136083.81,0,2019-08-06,Servicer_Feed
LN101089,2024-11-01,Current,386326.96,0,2024-11-10,Servicer_Feed
LN100104,2023-05-01,Current,283193.74,0,2023-05-10,Servicer_Feed
LN101383,2024-08-01,Current,603223.73,0,2024-04-01,Servicer_Feed
LN100018,2022-11-01,Current,162892.45,0,2022-11-06,Servicer_Feed
LN100020,2020-03-01,Current,58528.46,0,2020-03-07,Servicer_Feed
LN100728,2020-09-01,Current,231499.48,0,2020-09-06,Servicer_Feed
LN101813,2024-06-01,Current,182640.49,0,2024-06-10,Servicer_Feed
LN101472,2022-01-01,Current,384324.61,0,2022-01-01,Servicer_Feed
LN100057,2024-09-01,Current,404723.4249143961,0,2024-09-05,Servicer_Feed
LN100212,2020-12-01,Current,541171.653591912,0,2020-12-06,Servicer_Feed
LN100727,2023-05-01,Current,141956.41,0,2023-05-03,Servicer_Feed
LN100503,2024-03-01,Current,272325.15,0,2024-03-08,Servicer_Feed
LN101516,2023-12-01,Current,373238.71396159014,0,2023-12-06,Servicer_Feed
LN101594,2022-07-01,Current,178042.93909557347,0,2022-07-10,Servicer_Feed
LN101253,2023-07-01,Current,455065.79583703465,0,2023-07-02,Servicer_Feed
LN100195,2021-07-01,Current,214555.22,0,2023-06-06,Servicer_Feed
LN100830,2021-11-01,Current,133583.95732285827,0,2021-11-01,Servicer_Feed
LN101724,2023-04-01,Current,411033.52614265727,0,2023-04-08,Servicer_Feed
LN101220,2024-03-01,Current,156982.26,0,2024-03-04,Servicer_Feed
LN101516,2019-12-01,Current,503029.46130501246,0,2019-12-08,Servicer_Feed
LN101558,2024-12-01,Current,386172.41,0,2024-12-07,Servicer_Feed
LN101262,2022-08-01,Current,389677.75,0,2022-08-05,Servicer_Feed
LN100137,2023-05-01,Current,147834.21,0,2023-05-06,Servicer_Feed
LN100597,2021-01-01,Current,376439.75,0,2021-01-02,Servicer_Feed
LN101468,2023-12-01,Current,83257.71,0,2023-12-04,Servicer_Feed
LN100982,2024-10-01,Current,367653.11,0,2024-10-08,Servicer_Feed
LN100629,2024-10-01,Current,226448.74066337565,0,2024-10-07,Servicer_Feed
LN101464,2024-04-01,Current,187092.77,0,2024-04-08,Servicer_Feed
LN101233,2023-05-01,Current,101166.6,0,2023-01-01,Servicer_Feed
LN101844,2024-10-01,Current,199672.73,0,2024-10-04,Servicer_Feed
LN101404,2022-09-01,Current,381280.08,0,2022-05-01,Servicer_Feed
LN100966,2022-07-01,Current,276005.22,0,2022-07-01,Servicer_Feed
LN100405,2022-08-01,Current,236469.24,0,2022-08-08,Servicer_Feed
LN100695,2021-05-01,Current,270294.09,0,2021-01-01,Servicer_Feed
LN101564,2020-10-01,Current,389167.63,0,2023-11-02,Servicer_Feed
LN101298,2023-10-01,Current,698476.73,0,2023-10-01,Servicer_Feed
LN100251,2021-03-01,Current,270141.93,0,2020-11-01,Servicer_Feed
LN100533,2021-12-01,Current,201949.34,0,2021-12-06,Servicer_Feed
LN100399,2024-09-01,Current,468103.42,0,2024-05-01,Servicer_Feed
LN100159,2023-11-01,Current,206269.16,0,2023-11-09,Servicer_Feed
LN100138,2024-02-01,Current,510346.18,0,2024-02-04,Servicer_Feed
LN100767,2023-06-01,Current,275044.33,0,2023-06-08,Servicer_Feed
LN101380,2024-08-01,Current,193204.49,0,2024-04-01,Servicer_Feed
LN101640,2024-09-01,Current,230818.88,0,2024-05-01,Servicer_Feed
LN100381,2023-04-01,Current,243871.08,0,2023-04-08,Servicer_Feed
LN100576,2021-07-01,Current,288338.67,0,2021-07-10,Servicer_Feed
LN101697,2024-01-01,Current,151767.67,0,2024-01-07,Servicer_Feed
LN101760,2022-01-01,Current,497264.13,0,2022-01-07,Servicer_Feed
LN101086,2024-05-01,Current,341777.09,0,2024-05-10,Servicer_Feed
LN100190,2022-02-01,30DPD,215310.01,30,2022-02-03,Servicer_Feed
LN100511,2023-10-01,Current,259007.87,0,2023-10-06,Servicer_Feed
LN101534,2023-10-01,Current,118535.49,0,2023-10-09,Servicer_Feed
LN100345,2021-06-01,Current,230281.02,0,2021-06-10,Servicer_Feed
LN101578,2024-03-01,Current,250206.03,0,2024-03-04,Servicer_Feed
LN101594,2022-06-01,Current,209658.8,0,2022-06-03,Servicer_Feed
LN101779,2024-08-01,Current,417170.87,0,2024-08-09,Servicer_Feed
LN100561,2021-07-01,Current,189995.28,0,2021-07-09,Servicer_Feed
LN101219,2020-12-01,Current,198314.13,0,2020-08-01,Servicer_Feed
LN101098,2022-05-01,Current,215268.03,0,2022-05-09,Servicer_Feed
LN101494,2023-11-01,Current,190148.8,0,2023-11-06,Servicer_Feed
LN100680,2022-01-01,Current,381472.09,0,2022-01-03,Servicer_Feed
LN101898,2020-11-01,Current,239270.72,0,2020-11-02,Servicer_Feed
LN101673,2024-05-01,Current,189341.2318315666,0,2024-05-06,Servicer_Feed
LN100509,2021-02-01,Current,400634.59,0,2020-10-01,Servicer_Feed
LN100427,2022-08-01,Current,201915.09,0,2022-08-08,Servicer_Feed
LN100734,2021-08-01,Current,136500.18,0,2021-08-06,Servicer_Feed
LN100532,2024-12-01,Current,242926.65,0,2024-12-05,Servicer_Feed
LN101102,2024-03-01,Current,404185.59,0,2024-03-10,Servicer_Feed
LN101042,2022-12-01,Current,272176.4,0,2022-12-03,Servicer_Feed
LN100702,2024-12-01,Current,230060.43,0,2024-12-02,Servicer_Feed
LN100990,2022-02-01,Current,690621.21,0,2022-02-02,Servicer_Feed
LN100285,2023-05-01,Current,78616.79173421295,0,2023-05-05,Servicer_Feed
LN101965,2023-01-01,Current,137299.09,0,2022-09-01,Servicer_Feed
LN100513,2024-06-01,Current,104325.47,0,2024-06-08,Servicer_Feed
LN101894,2021-08-01,Current,119669.84,0,2021-08-01,Servicer_Feed
LN100015,2023-10-01,Current,115254.18,0,2023-10-03,Servicer_Feed
LN100304,2024-07-01,Current,159263.88,0,2024-07-09,Servicer_Feed
LN100730,2023-12-01,Current,180051.67,0,2023-12-02,Servicer_Feed
LN101191,2019-08-01,Current,171069.1877080533,0,2019-08-09,Servicer_Feed
LN100759,2024-09-01,Current,197535.21,0,2024-09-04,Servicer_Feed
LN100684,2024-07-01,Current,215957.19515184916,0,2024-07-03,Servicer_Feed
LN101806,2023-08-01,Current,391101.4717157371,0,2023-08-04,Servicer_Feed
LN101904,2022-04-01,Current,321770.3739246849,0,2022-04-10,Servicer_Feed
LN101443,2023-05-01,Current,204941.02,0,2023-05-05,Servicer_Feed
LN100820,2022-04-01,Current,306846.18,0,2022-04-05,Servicer_Feed
LN100995,2022-10-01,Current,73189.17,0,2022-10-08,Servicer_Feed
LN101063,2024-03-01,30DPD,294912.0656793919,30,2024-03-03,Servicer_Feed
LN101558,2022-11-01,Current,403887.82,0,2022-07-01,Servicer_Feed
LN100250,2024-05-01,Current,117761.32,0,2024-05-05,Servicer_Feed
LN101587,2022-07-01,Current,165655.81,0,2022-07-10,Servicer_Feed
LN100820,2021-01-01,Current,314390.19,0,2021-01-07,Servicer_Feed
LN101777,2024-02-01,Current,328097.67,0,2023-10-01,Servicer_Feed
LN101353,2022-08-01,Current,443403.6,0,2022-08-07,Servicer_Feed
LN100924,2023-09-01,Current,244095.0,0,2023-09-09,Servicer_Feed
LN101485,2019-12-01,Current,254023.12,0,2019-12-06,Servicer_Feed
LN100181,2023-05-01,Current,398948.48,0,2023-05-08,Servicer_Feed
LN101517,2024-09-01,Current,320118.79,0,2024-09-03,Servicer_Feed
LN100211,2023-12-01,Current,264733.3487160459,0,2023-12-09,Servicer_Feed
LN101957,2023-11-01,Current,314105.7,0,2023-11-10,Servicer_Feed
LN101436,2022-07-01,Current,88858.06,0,2022-03-01,Servicer_Feed
LN100614,2022-03-01,Current,448933.14,0,2022-03-01,Servicer_Feed
LN100880,2022-01-01,Current,181209.97,0,2021-09-01,Servicer_Feed
LN101372,2024-09-01,Current,285704.44,0,2024-09-02,Servicer_Feed
LN100549,2022-08-01,Current,102509.29845204532,0,2022-08-03,Servicer_Feed
LN101097,2024-08-01,Current,306452.41,0,2024-08-07,Servicer_Feed
LN100486,2022-05-01,Current,263017.6,0,2022-05-04,Servicer_Feed
LN101068,2020-10-01,Current,116797.83,0,2020-10-02,Servicer_Feed
LN101488,2020-09-01,Current,112927.9541330239,0,2020-09-04,Servicer_Feed
LN100866,2022-06-01,Current,418380.02,0,2022-06-06,Servicer_Feed
LN100885,2020-12-01,Current,205613.05,0,2020-08-01,Servicer_Feed
LN100754,2024-12-01,Current,184187.83,0,2024-12-06,Servicer_Feed
LN100450,2022-06-01,Current,470636.3,0,2022-06-05,Servicer_Feed
LN100768,2023-01-01,Current,204275.26,0,2022-09-01,Servicer_Feed
LN101235,2022-12-01,Current,163026.13,0,2022-12-10,Servicer_Feed
LN100968,2023-08-01,Current,181873.36,0,2023-08-01,Servicer_Feed
LN100429,2023-11-01,Current,214643.55,0,2023-11-04,Servicer_Feed
LN100110,2024-05-01,Current,452033.75,0,2024-05-08,Servicer_Feed
LN101941,2023-10-01,Current,341166.91,0,2023-06-01,Servicer_Feed
LN100071,2024-07-01,Current,178747.55,0,2024-07-09,Servicer_Feed
LN100239,2020-11-01,Current,82262.27,0,2020-11-08,Servicer_Feed
LN101917,2020-04-01,Current,120666.18,0,2020-04-05,Servicer_Feed
LN100511,2024-01-01,Current,257815.95,0,2024-01-05,Servicer_Feed
LN101838,2023-05-01,Current,86294.15,0,2023-05-01,Servicer_Feed
LN100771,2023-12-01,Current,181117.15,0,2023-12-06,Servicer_Feed
LN100573,2024-01-01,Current,226832.54,0,2024-01-01,Servicer_Feed
LN100451,2022-02-01,Current,223785.55,0,2022-02-01,Servicer_Feed
LN100921,2024-11-01,Current,198353.02,0,2024-11-05,Servicer_Feed
LN101385,2024-03-01,Current,222456.48014754622,0,2024-03-05,Servicer_Feed
LN100709,2024-08-01,Current,158846.98,0,2024-08-10,Servicer_Feed
LN101019,2024-04-01,Current,161548.93,0,2024-04-05,Servicer_Feed
LN101126,2024-04-01,Current,254482.94,0,2024-04-06,Servicer_Feed
LN100948,2023-12-01,Current,368158.11,0,2023-08-01,Servicer_Feed
LN101263,2021-10-01,Current,302876.19008779724,0,2021-10-08,Servicer_Feed
LN101019,2021-03-01,Current,184059.89,0,2021-03-09,Servicer_Feed
LN100495,2024-05-01,Current,618702.71,0,2024-05-07,Servicer_Feed
LN101434,2023-11-01,Current,267292.15,0,2023-11-05,Servicer_Feed
LN101258,2024-06-01,30DPD,277397.08,30,2024-06-09,Servicer_Feed
LN101132,2020-11-01,Current,237950.87,0,2020-07-01,Servicer_Feed
LN100534,2024-06-01,Current,140623.75,0,2024-02-01,Servicer_Feed
LN101447,2023-03-01,Current,387271.82042415097,0,2023-03-03,Servicer_Feed
LN101732,2022-07-01,Current,159740.16,0,2022-07-03,Servicer_Feed
LN101850,2024-05-01,Current,109189.47,0,2024-05-10,Servicer_Feed
LN101093,2022-10-01,Current,104053.67,0,2022-10-07,Servicer_Feed
LN101354,2022-10-01,30DPD,227934.35,30,2022-10-07,Servicer_Feed
LN100995,2021-01-01,Current,75721.06,0,2021-01-08,Servicer_Feed
LN100479,2024-09-01,Current,201403.83,0,2024-09-07,Servicer_Feed
LN101984,2024-12-01,Current,371637.0,0,2024-08-01,Servicer_Feed
LN101213,2021-03-01,60DPD,291920.79,60,2020-11-01,Servicer_Feed
LN101559,2023-10-01,Current,262833.7842517132,0,2023-10-05,Servicer_Feed
LN101387,2023-04-01,Current,123078.09,0,2023-04-06,Servicer_Feed
LN100110,2022-02-01,Current,472934.45,0,2022-02-09,Servicer_Feed
LN101963,2024-04-01,Current,234069.03,0,2024-04-09,Servicer_Feed
LN100968,2021-03-01,Current,174980.48058948634,0,2021-03-09,Servicer_Feed
LN100239,2020-08-01,Current,83065.91,0,2020-04-01,Servicer_Feed
LN100506,2024-01-01,Current,131733.01,0,2024-01-08,Servicer_Feed
LN101575,2023-09-01,Current,171826.3,0,2023-09-08,Servicer_Feed
LN100454,2023-02-01,Current,184248.8,0,2022-10-01,Servicer_Feed
LN100479,2024-02-01,Current,203589.35,0,2024-02-03,Servicer_Feed
LN100477,2021-09-01,Current,208751.72,0,2021-09-01,Servicer_Feed
LN101818,2020-06-01,Current,207084.02,0,2020-06-04,Servicer_Feed
LN100125,2020-05-01,Current,802020.16,0,2020-05-07,Servicer_Feed
LN100187,2020-06-01,Current,388218.86,0,2020-02-01,Servicer_Feed
LN101380,2022-11-01,Current,209886.61,0,2022-11-05,Servicer_Feed
LN100451,2023-07-01,Current,217546.1,0,2023-07-03,Servicer_Feed
LN101542,2021-09-01,Current,277955.07,0,2021-09-06,Servicer_Feed
LN101477,2021-04-01,Current,90516.22,0,2021-04-10,Servicer_Feed
LN101779,2024-11-01,Current,415101.0,0,2024-11-05,Servicer_Feed
LN100160,2021-09-01,Current,86304.0,0,2021-09-08,Servicer_Feed
LN101759,2020-07-01,Current,223885.53838426262,0,2020-07-04,Servicer_Feed
LN101559,2020-08-01,Current,111740.09,0,2020-08-05,Servicer_Feed
LN101834,2020-11-01,Current,335494.35556447064,0,2020-11-09,Servicer_Feed
LN100515,2024-11-01,Current,448561.8,0,2024-11-02,Servicer_Feed
LN101142,2021-11-01,Current,216379.54,0,2021-11-01,Servicer_Feed
LN101524,2024-11-01,Current,137164.85,0,2024-11-01,Servicer_Feed
LN101175,2021-05-01,Current,175575.08,0,2021-05-10,Servicer_Feed
LN100388,2023-05-01,Current,186691.23,0,2023-05-03,Servicer_Feed
LN100971,2024-12-01,Prepaid,274077.94,0,2024-12-10,Servicer_Feed
LN101387,2022-08-01,Current,124661.49,0,2022-08-04,Servicer_Feed
LN101755,2022-03-01,Current,352088.61,0,2022-03-01,Servicer_Feed
LN100642,2021-06-01,Current,315449.75,0,2021-06-07,Servicer_Feed
LN100672,2023-11-01,Current,183440.88,0,2023-11-02,Servicer_Feed
LN101034,2022-11-01,Current,218121.42,0,2022-11-02,Servicer_Feed
LN100498,2021-08-01,Current,245479.59,0,2021-08-02,Servicer_Feed
LN101120,2020-10-01,Current,179260.24,0,2020-06-01,Servicer_Feed
LN101974,2024-03-01,Current,298260.48,0,2023-11-01,Servicer_Feed
LN101065,2019-10-01,Current,401870.95,0,2019-10-05,Servicer_Feed
LN101642,2022-11-01,Prepaid,186480.57,0,2022-11-08,Servicer_Feed
LN100726,2022-04-01,Current,188221.3500604549,0,2022-04-03,Servicer_Feed
LN101001,2022-01-01,Current,292865.9,0,2022-01-04,Servicer_Feed
LN101360,2022-01-01,Current,113909.75,0,2022-01-10,Servicer_Feed
LN100485,2024-07-01,Current,231142.42,0,2024-07-05,Servicer_Feed
LN101711,2022-02-01,Current,324943.71,0,2022-02-10,Servicer_Feed
LN100658,2019-09-01,Current,206133.69,0,2019-05-01,Servicer_Feed
LN100491,2024-06-01,Current,178776.68,0,2024-02-01,Servicer_Feed
LN101312,2020-07-01,Current,225667.55,0,2020-07-02,Servicer_Feed
LN100445,2021-05-01,Current,296851.88,0,2021-05-04,Servicer_Feed
LN100262,2024-02-01,Current,236177.69,0,2023-10-01,Servicer_Feed
LN100568,2024-02-01,Current,263494.15,0,2023-10-01,Servicer_Feed
LN101478,2021-04-01,Current,334490.17,0,2020-12-01,Servicer_Feed
LN101631,2024-11-01,Current,268079.7542111976,0,2024-11-10,Servicer_Feed
LN100075,2021-03-01,Current,218195.71,0,2021-03-05,Servicer_Feed
LN101887,2024-08-01,Current,113155.23,0,2024-08-05,Servicer_Feed
LN100739,2023-09-01,Current,149148.88,0,2023-09-06,Servicer_Feed
LN101278,2022-09-01,Current,149086.52,0,2022-09-05,Servicer_Feed
LN100999,2023-12-01,Current,370095.23,0,2023-12-02,Servicer_Feed
LN100559,2024-03-01,Current,499037.66,0,2024-03-01,Servicer_Feed
LN100668,2020-06-01,Current,259278.58,0,2020-06-01,Servicer_Feed
LN100016,2023-01-01,Current,70766.23,0,2023-01-05,Servicer_Feed
LN101561,2021-07-01,Current,225761.17,0,2021-07-09,Servicer_Feed
LN101478,2021-03-01,Current,335550.82,0,2021-03-03,Servicer_Feed
LN101965,2022-10-01,Current,153179.03421688793,0,2022-10-07,Servicer_Feed
LN100709,2022-11-01,Current,164197.83,0,2022-07-01,Servicer_Feed
LN100930,2024-09-01,Current,313226.04,0,2024-09-04,Servicer_Feed
LN100935,2024-02-01,Current,121927.11,0,2023-10-01,Servicer_Feed
LN101546,2023-12-01,Current,356123.78,0,2023-12-03,Servicer_Feed
LN101699,2023-08-01,Current,160824.45,0,2023-08-06,Servicer_Feed
LN100905,2024-04-01,Current,256822.3,0,2023-12-01,Servicer_Feed
LN101847,2024-10-01,Current,258954.48,0,2024-10-07,Servicer_Feed
LN100170,2023-08-01,Current,189263.2324038288,0,2023-08-04,Servicer_Feed
LN100767,2024-10-01,Current,258061.25,0,2024-10-09,Servicer_Feed
LN100192,2023-10-01,Current,201650.96,0,2023-10-08,Servicer_Feed
LN100250,2024-03-01,Current,118180.98,0,2024-03-03,Servicer_Feed
LN101018,2022-02-01,Current,305388.49432428635,0,2022-02-04,Servicer_Feed
LN100533,2023-08-01,Current,186687.93,0,2023-08-03,Servicer_Feed
LN101537,2024-01-01,Current,512469.8172038546,0,2024-01-01,Servicer_Feed
LN100350,2024-02-01,Current,460206.47,0,2023-10-01,Servicer_Feed
LN101117,2024-03-01,Current,87864.52,0,2024-03-08,Servicer_Feed
LN100164,2021-06-01,Current,212000.08,0,2021-06-09,Servicer_Feed
LN101864,2022-06-01,Current,303927.05,0,2022-02-01,Servicer_Feed
LN101179,2023-06-01,Current,266654.98,0,2023-06-07,Servicer_Feed
LN101561,2023-12-01,60DPD,215694.05,60,2023-12-10,Servicer_Feed
LN100937,2024-11-01,Current,154600.2,0,2024-11-10,Servicer_Feed
LN101815,2024-10-01,Current,364342.57,0,2024-10-06,Servicer_Feed
LN101064,2023-10-01,Current,140579.35005453485,0,2023-10-08,Servicer_Feed
LN101590,2024-06-01,Current,238351.1519923149,0,2024-06-09,Servicer_Feed
LN101060,2023-02-01,Current,150607.19,0,2023-02-07,Servicer_Feed
LN100402,2021-03-01,Current,116986.21,0,2020-11-01,Servicer_Feed
LN100263,2022-04-01,Current,183535.33,0,2022-04-06,Servicer_Feed
LN101158,2020-08-01,Current,308749.57678851916,0,2020-08-01,Servicer_Feed
LN101599,2021-12-01,Current,144655.46,0,2021-12-08,Servicer_Feed
LN101301,2023-11-01,Current,144498.44,0,2023-07-01,Servicer_Feed
LN101303,2024-09-01,Current,146774.56,0,2024-09-05,Servicer_Feed
LN101410,2022-10-01,Current,196691.69,0,2022-10-03,Servicer_Feed
LN101118,2020-02-01,Current,358897.5787228295,0,2020-02-09,Servicer_Feed
LN100104,2022-07-01,Current,228083.73749037436,0,2022-07-05,Servicer_Feed
LN100979,2024-12-01,Current,138719.71,0,2024-12-02,Servicer_Feed
LN100581,2022-04-01,Current,225198.52743562937,0,2022-04-09,Servicer_Feed
LN101308,2023-08-01,Current,75255.79,0,2023-08-08,Servicer_Feed
LN101746,2024-05-01,Current,480150.37,0,2024-05-09,Servicer_Feed
LN100567,2023-10-01,Current,239355.32,0,2023-06-01,Servicer_Feed
LN100748,2023-07-01,Current,214281.11,0,2023-07-02,Servicer_Feed
LN100080,2024-04-01,Current,317381.43,0,2024-04-03,Servicer_Feed
LN101489,2023-10-01,Current,278448.76,0,2023-06-01,Servicer_Feed
LN101145,2022-06-01,Current,382160.34,0,2022-06-02,Servicer_Feed
LN101273,2023-06-01,Current,365088.16,0,2023-06-02,Servicer_Feed
LN100221,2024-02-01,Current,182060.54,0,2024-02-10,Servicer_Feed
LN101027,2022-02-01,Current,479057.08,0,2021-10-01,Servicer_Feed
LN100720,2022-06-01,Current,368698.25482009625,0,2022-06-01,Servicer_Feed
LN100945,2024-04-01,Current,174136.64,0,2023-12-01,Servicer_Feed
LN101660,2024-02-01,Current,544978.6344228406,0,2024-02-07,Servicer_Feed
LN100855,2024-05-01,Current,200315.16,0,2024-01-01,Servicer_Feed
LN101398,2024-11-01,Current,199717.8482915855,0,2024-11-05,Servicer_Feed
LN100599,2024-10-01,Current,156846.95,0,2024-10-10,Servicer_Feed
LN101816,2021-01-01,30DPD,219309.51643184765,30,2021-01-04,Servicer_Feed
LN100796,2022-06-01,Current,275656.95,0,2022-06-02,Servicer_Feed
LN101392,2021-09-01,Current,432447.2758099819,0,2021-09-03,Servicer_Feed
LN100035,2019-06-01,Current,117875.87,0,2019-06-10,Servicer_Feed
LN100321,2023-06-01,Current,170200.27,0,2023-06-09,Servicer_Feed
LN100524,2021-12-01,Current,226920.95,0,2021-08-01,Servicer_Feed
LN100314,2021-04-01,Current,168017.21088677214,0,2021-04-10,Servicer_Feed
LN101602,2021-07-01,Current,163890.63,0,2021-07-02,Servicer_Feed
LN101987,2023-07-01,Current,308617.07,0,2023-07-09,Servicer_Feed
LN101649,2024-02-01,Current,207831.93712963455,0,2024-02-10,Servicer_Feed
LN100131,2022-07-01,Current,142237.13,0,2022-07-03,Servicer_Feed
LN100362,2024-10-01,Current,154461.32260699882,0,2024-10-05,Servicer_Feed
LN100113,2023-09-01,Current,178897.04,0,2023-09-03,Servicer_Feed
LN100045,2024-01-01,Current,164432.7,0,2024-01-02,Servicer_Feed
LN100653,2020-02-01,Current,151263.19,0,2020-02-06,Servicer_Feed
LN100354,2022-10-01,Current,495359.81968349515,0,2022-10-06,Servicer_Feed
LN101250,2020-03-01,Current,240852.22,0,2020-03-02,Servicer_Feed
LN101587,2020-06-01,Current,172563.53,0,2020-06-06,Servicer_Feed
LN100160,2022-04-01,Current,84422.88,0,2022-04-06,Servicer_Feed
LN101251,2022-11-01,Current,263289.82,0,2022-11-09,Servicer_Feed
LN101822,2023-06-01,Current,384230.87,0,2023-02-01,Servicer_Feed
LN100119,2020-07-01,Current,208495.5,0,2020-07-06,Servicer_Feed
LN101593,2023-01-01,Current,385265.5,0,2023-01-01,Servicer_Feed
LN100263,2022-03-01,Current,183821.74,0,2022-03-06,Servicer_Feed
LN100565,2021-12-01,Current,381746.1,0,2021-08-01,Servicer_Feed
LN101738,2023-03-01,90DPD,193864.03,95,2023-03-01,Servicer_Feed
LN101752,2023-03-01,Current,220764.92,0,2023-03-01,Servicer_Feed
LN100118,2022-04-01,Current,348765.59,0,2022-04-01,Servicer_Feed
LN100343,2024-01-01,Current,186168.54,0,2024-01-08,Servicer_Feed
LN100830,2020-12-01,Current,147867.35,0,2020-12-06,Servicer_Feed
LN100844,2022-10-01,Current,173607.36087346432,0,2022-10-03,Servicer_Feed
LN100249,2021-11-01,Current,249348.69,0,2021-11-06,Servicer_Feed
LN100981,2022-09-01,Current,352037.38,0,2022-09-08,Servicer_Feed
LN100860,2023-06-01,Current,205476.5,0,2023-06-10,Servicer_Feed
LN101068,2024-10-01,Current,96573.55,0,2024-10-01,Servicer_Feed
LN101099,2023-12-01,Current,269568.33,0,2023-12-05,Servicer_Feed
LN100684,2020-02-01,Current,148797.4790008709,0,2020-02-07,Servicer_Feed
LN100360,2020-04-01,Current,196531.81599023935,0,2020-04-06,Servicer_Feed
LN100791,2021-11-01,Current,536381.55,0,2021-11-10,Servicer_Feed
LN101731,2023-09-01,Current,197293.89,0,2023-05-01,Servicer_Feed
LN100291,2021-08-01,Current,185655.96,0,2021-08-06,Servicer_Feed
LN100947,2021-03-01,Current,175749.3,0,2021-03-09,Servicer_Feed
LN101745,2020-12-01,Current,169774.7,0,2020-12-08,Servicer_Feed
LN101427,2022-11-01,Current,155822.45,0,2022-11-10,Servicer_Feed
LN101453,2024-08-01,Current,360037.75,0,2024-08-04,Servicer_Feed
LN101334,2022-11-01,Current,160882.61,0,2022-11-01,Servicer_Feed
LN100263,2022-05-01,Current,183248.56,0,2022-05-04,Servicer_Feed
LN100064,2022-08-01,30DPD,97021.73,30,2022-08-07,Servicer_Feed
LN100020,2021-09-01,Current,55101.1,0,2021-09-05,Servicer_Feed
LN101677,2020-08-01,Current,169492.47,0,2020-08-04,Servicer_Feed
LN101496,2021-10-01,Current,233270.85148558492,0,2021-10-09,Servicer_Feed
LN100691,2024-08-01,Current,259049.44,0,2024-04-01,Servicer_Feed
LN100633,2024-12-01,Current,78377.39,0,2024-12-01,Servicer_Feed
LN101501,2021-03-01,Current,262565.90028704394,0,2021-03-07,Servicer_Feed
LN100647,2023-07-01,Current,144460.14,0,2023-07-03,Servicer_Feed
LN101480,2023-08-01,60DPD,140930.02223074948,60,2023-08-06,Servicer_Feed
LN101611,2021-11-01,Current,86545.94,0,2021-11-02,Servicer_Feed
LN101086,2022-06-01,Current,354223.53,0,2022-06-10,Servicer_Feed
LN100133,2021-11-01,Current,379612.45,0,2021-11-09,Servicer_Feed
LN100546,2020-07-01,Current,339195.55,0,2020-07-05,Servicer_Feed
LN100665,2023-06-01,Current,230656.31,0,2023-06-10,Servicer_Feed
LN100626,2021-08-01,Current,219277.24,0,2021-08-08,Servicer_Feed
LN100530,2023-10-01,Current,155980.44,0,2023-10-05,Servicer_Feed
LN100410,2020-02-01,Current,211103.16,0,2020-02-04,Servicer_Feed
LN100944,2024-01-01,Current,204771.51,0,2024-01-01,Servicer_Feed
LN101776,2024-06-01,Current,238820.79,0,2024-06-06,Servicer_Feed
LN101554,2021-01-01,Current,275859.2,0,2021-01-03,Servicer_Feed
LN100764,2022-09-01,60DPD,400877.77,60,2022-05-01,Servicer_Feed
LN100963,2020-01-01,Current,440342.46,0,2020-01-01,Servicer_Feed
LN101023,2020-08-01,Current,238769.77,0,2020-04-01,Servicer_Feed
LN101843,2023-05-01,Current,246668.56,0,2023-01-01,Servicer_Feed
LN100680,2021-08-01,Current,384432.61,0,2021-08-03,Servicer_Feed
LN101181,2020-12-01,Current,236563.2,0,2020-12-09,Servicer_Feed
LN101109,2021-01-01,Current,316766.09,0,2021-01-10,Servicer_Feed
LN100505,2022-09-01,Current,280878.7334692064,0,2022-09-08,Servicer_Feed
LN100019,2024-09-01,Current,149898.36,0,2024-09-09,Servicer_Feed
LN101258,2021-02-01,Current,318160.5,0,2021-02-03,Servicer_Feed
LN101785,2022-09-01,Current,175383.72,0,2022-09-04,Servicer_Feed
LN101479,2023-02-01,Current,404827.82,0,2023-02-07,Servicer_Feed
LN101630,2023-04-01,Current,158058.82,0,2022-12-01,Servicer_Feed
LN100970,2021-06-01,Current,448936.06,0,2021-06-04,Servicer_Feed
LN101691,2024-06-01,Current,294527.18,0,2024-02-01,Servicer_Feed
LN100943,2024-04-01,Current,82914.0,0,2024-04-02,Servicer_Feed
LN101071,2022-10-01,Current,210347.01,0,2022-10-05,Servicer_Feed
LN100879,2023-06-01,Current,215130.59,0,2023-06-05,Servicer_Feed
LN100753,2020-06-01,Current,295471.18,0,2020-06-10,Servicer_Feed
LN100754,2024-01-01,Current,187833.3,0,2023-09-01,Servicer_Feed
LN101730,2024-07-01,Current,159039.67354395654,0,2024-07-09,Servicer_Feed
LN101313,2023-09-01,Current,181345.39,0,2023-09-06,Servicer_Feed
LN100476,2021-04-01,Current,140880.31870694095,0,2021-04-04,Servicer_Feed
LN100992,2024-07-01,Current,391474.59065103024,0,2024-07-06,Servicer_Feed
LN100923,2020-08-01,Current,501488.07,0,2020-08-01,Servicer_Feed
LN100019,2023-09-01,Current,152843.66,0,2023-09-01,Servicer_Feed
LN100092,2021-10-01,Current,60531.68,0,2021-10-02,Servicer_Feed
LN100401,2024-03-01,Current,123846.92,0,2024-03-01,Servicer_Feed
LN100463,2022-06-01,Current,218346.82,0,2022-06-03,Servicer_Feed
LN101730,2022-05-01,Current,228802.62,0,2022-05-10,Servicer_Feed
LN101307,2022-10-01,Current,196596.17,0,2022-10-04,Servicer_Feed
LN101884,2022-09-01,Current,383526.64,0,2022-09-02,Servicer_Feed
LN100893,2024-04-01,Current,255316.45,0,2024-04-08,Servicer_Feed
LN101597,2024-08-01,Current,380156.59,0,2024-08-09,Servicer_Feed
LN101907,2021-02-01,Current,406405.38,0,2021-02-08,Servicer_Feed
LN101436,2023-03-01,Current,87719.56,0,2022-11-01,Servicer_Feed
LN100925,2023-12-01,Current,262211.58,0,2023-12-05,Servicer_Feed
LN100165,2022-05-01,Current,310550.24,0,2022-05-01,Servicer_Feed
LN100719,2023-11-01,Current,331294.38,0,2023-11-10,Servicer_Feed
LN100576,2024-05-01,Current,256462.94,0,2024-05-09,Servicer_Feed
LN100892,2023-05-01,Current,374547.58,0,2023-01-01,Servicer_Feed
LN101681,2024-04-01,Current,194274.3,0,2024-04-09,Servicer_Feed
LN101283,2024-09-01,Current,194768.25,0,2024-05-01,Servicer_Feed
LN100226,2024-04-01,Current,241856.21,0,2024-04-02,Servicer_Feed
LN101859,2021-07-01,Current,211864.52,0,2021-07-01,Servicer_Feed
LN101902,2022-05-01,Current,355657.31,0,2022-05-10,Servicer_Feed
LN101438,2024-10-01,Current,366511.72,0,2024-10-05,Servicer_Feed
LN101200,2020-05-01,Current,150795.35,0,2020-05-06,Servicer_Feed
LN100345,2022-07-01,Current,220098.87729160397,0,2022-07-07,Servicer_Feed
LN101058,2020-05-01,Current,279262.25,0,2020-05-09,Servicer_Feed
LN100132,2023-11-01,Current,152196.15,0,2023-11-02,Servicer_Feed
LN101789,2019-06-01,Current,660985.36,0,2019-06-03,Servicer_Feed
LN101188,2020-10-01,Current,425142.71,0,2020-10-01,Servicer_Feed
LN100607,2023-05-01,Current,309097.98,0,2023-01-01,Servicer_Feed
LN100324,2020-04-01,Current,213449.42,0,2019-12-01,Servicer_Feed
LN101397,2020-05-01,Current,300562.87,0,2020-01-01,Servicer_Feed
LN100636,2021-11-01,Current,290779.15,0,2021-11-06,Servicer_Feed
LN101849,2024-08-01,Current,247656.88,0,2024-08-08,Servicer_Feed
LN101513,2021-03-01,Current,138843.29,0,2021-03-09,Servicer_Feed
LN100990,2021-11-01,Current,836233.1327785241,0,2021-11-02,Servicer_Feed
LN101978,2022-10-01,Current,173135.6,0,2022-10-08,Servicer_Feed
LN100240,2019-11-01,Current,206535.55,0,2019-07-01,Servicer_Feed
LN101598,2021-05-01,Current,333880.39,0,2021-05-10,Servicer_Feed
LN100896,2024-03-01,Current,340566.58,0,2024-03-03,Servicer_Feed
LN101344,2023-06-01,Current,352036.96,0,2023-06-09,Servicer_Feed
LN101981,2021-06-01,Prepaid,287061.98,0,2021-06-08,Servicer_Feed
LN100583,2024-01-01,30DPD,118044.27,30,2024-01-05,Servicer_Feed
LN100440,2024-03-01,Current,274558.99,0,2024-03-04,Servicer_Feed
LN101150,2023-11-01,Current,106075.59,0,2023-11-02,Servicer_Feed
LN101183,2022-06-01,Current,341611.34886165644,0,2022-06-08,Servicer_Feed
LN101491,2024-04-01,Current,213556.55,0,2024-04-02,Servicer_Feed
LN101615,2020-11-01,Current,267747.78,0,2020-11-04,Servicer_Feed
LN101345,2022-05-01,Current,249851.33,0,2022-05-10,Servicer_Feed
LN100986,2022-05-01,Current,402056.3,0,2022-05-07,Servicer_Feed
LN100963,2021-03-01,Current,431351.83,0,2021-03-03,Servicer_Feed
LN100971,2023-07-01,Current,281073.32,0,2023-07-03,Servicer_Feed
LN101654,2023-01-01,Current,83530.5,0,2022-09-01,Servicer_Feed
LN100050,2022-03-01,Current,365242.69,0,2022-03-02,Servicer_Feed
LN101737,2021-01-01,Current,117392.81815047674,0,2021-01-03,Servicer_Feed
LN100858,2022-10-01,Current,79727.55,0,2022-10-07,Servicer_Feed
LN101214,2024-10-01,Current,119865.54,0,2024-06-01,Servicer_Feed
LN100282,2024-06-01,Current,396622.55373793695,0,2024-06-03,Servicer_Feed
LN101472,2023-12-01,Current,370589.49,0,2023-08-01,Servicer_Feed
LN101106,2020-10-01,Current,402229.26,0,2020-10-09,Servicer_Feed
LN100094,2020-07-01,Current,303145.5,0,2020-03-01,Servicer_Feed
LN100846,2023-04-01,Current,137428.12,0,2023-04-05,Servicer_Feed
LN100117,2024-10-01,Current,141207.78,0,2024-06-01,Servicer_Feed
LN101315,2022-03-01,Current,182615.71,0,2022-03-03,Servicer_Feed
LN100119,2022-04-01,Current,201956.84,0,2022-04-01,Servicer_Feed
LN100247,2024-11-01,Current,175434.54,0,2024-11-06,Servicer_Feed
LN101354,2021-05-01,Current,239576.51,0,2021-05-07,Servicer_Feed
LN101735,2024-02-01,Current,461895.04,0,2023-10-01,Servicer_Feed
LN100595,2023-01-01,Current,128969.61,0,2022-09-01,Servicer_Feed
LN100932,2023-04-01,Current,566567.31,0,2023-04-06,Servicer_Feed
LN101175,2022-08-01,Current,171732.42,0,2022-08-06,Servicer_Feed
LN100371,2020-11-01,Current,200166.28,0,2020-11-09,Servicer_Feed
LN100468,2020-10-01,Current,126330.64,0,2020-10-08,Servicer_Feed
LN100565,2024-10-01,Current,359462.82,0,2024-10-06,Servicer_Feed
LN100473,2023-10-01,Current,195597.44,0,2023-10-08,Servicer_Feed
LN101485,2023-09-01,Current,235995.68,0,2023-09-02,Servicer_Feed
LN101748,2021-06-01,Current,284016.5,0,2021-06-04,Servicer_Feed
LN101467,2023-12-01,Current,400011.22474268515,0,2023-12-08,Servicer_Feed
LN100959,2021-10-01,Current,469637.43,0,2021-10-04,Servicer_Feed
LN100533,2024-04-01,Current,180290.32,0,2024-04-08,Servicer_Feed
LN100334,2024-06-01,Current,171646.64,0,2024-06-10,Servicer_Feed
LN101841,2022-09-01,Current,152978.51,0,2022-09-04,Servicer_Feed
LN100515,2020-06-01,Current,551521.87,0,2020-06-03,Servicer_Feed
LN100588,2023-04-01,Current,346769.16,0,2022-12-01,Servicer_Feed
LN101853,2021-09-01,Current,364134.005697725,0,2021-09-06,Servicer_Feed
LN100460,2020-07-01,Current,186109.6,0,2020-07-04,Servicer_Feed
LN100126,2021-10-01,Current,317409.351466284,0,2021-10-02,Servicer_Feed
LN100173,2024-04-01,Current,189243.65,0,2024-04-03,Servicer_Feed
LN101650,2024-05-01,Current,297300.01,0,2024-05-06,Servicer_Feed
LN100951,2024-03-01,Current,206871.6422338856,0,2024-03-02,Servicer_Feed
LN101621,2023-10-01,Current,333116.54,0,2023-10-09,Servicer_Feed
LN101342,2024-12-01,Current,331785.27,0,2024-12-08,Servicer_Feed
LN100739,2022-03-01,Current,187388.72471578122,0,2022-03-06,Servicer_Feed
LN101587,2022-02-01,Current,167056.02,0,2022-02-07,Servicer_Feed
LN101882,2020-09-01,Current,288577.33,0,2020-09-09,Servicer_Feed
LN100782,2021-06-01,Current,127652.2138738592,0,2021-06-10,Servicer_Feed
LN101270,2022-02-01,Current,158461.19,0,2022-02-06,Servicer_Feed
LN100607,2024-08-01,Current,301659.32,0,2024-08-09,Servicer_Feed
LN100652,2021-11-01,Current,149858.15,0,2021-11-01,Servicer_Feed
LN101263,2020-10-01,Current,276219.44,0,2020-10-02,Servicer_Feed
LN100074,2022-07-01,Current,278479.45,0,2022-07-01,Servicer_Feed
LN100543,2024-07-01,60DPD,187372.64,60,2024-07-10,Servicer_Feed
LN101466,2022-04-01,Current,402403.26,0,2021-12-01,Servicer_Feed
LN101753,2024-07-01,Current,141886.86,0,2024-07-02,Servicer_Feed
LN100773,2022-01-01,Current,88693.51,0,2021-09-01,Servicer_Feed
LN100861,2024-01-01,Current,258212.89,0,2024-01-05,Servicer_Feed
LN100016,2023-11-01,Current,69583.05,0,2023-11-10,Servicer_Feed
LN100674,2022-10-01,Current,368140.48,0,2022-10-10,Servicer_Feed
LN101363,2022-03-01,Current,171692.05,0,2022-03-06,Servicer_Feed
LN100881,2024-06-01,Current,187356.16,0,2024-06-04,Servicer_Feed
LN100281,2020-09-01,Prepaid,200992.44101523084,0,2020-09-09,Servicer_Feed
LN101449,2024-02-01,Current,292843.4357360027,0,2024-02-10,Servicer_Feed
LN100677,2024-09-01,Current,447594.7874780776,0,2024-09-05,Servicer_Feed
LN101999,2021-12-01,Current,292894.47,0,2021-12-04,Servicer_Feed
LN100882,2021-03-01,Current,135326.38574815003,0,2021-03-09,Servicer_Feed
LN100691,2023-11-01,Current,267310.55,0,2023-11-10,Servicer_Feed
LN100506,2022-10-01,Current,135102.3,0,2022-10-01,Servicer_Feed
LN100060,2020-12-01,Current,152885.07,0,2020-12-06,Servicer_Feed
LN101921,2024-09-01,Current,577746.81,0,2024-09-02,Servicer_Feed
LN100717,2023-08-01,Current,199318.88,0,2023-08-06,Servicer_Feed
LN100133,2023-11-01,Current,364552.2,0,2023-11-09,Servicer_Feed
LN100119,2021-08-01,Current,204593.55,0,2021-08-04,Servicer_Feed
LN101658,2024-07-01,Current,108691.46,0,2024-07-06,Servicer_Feed
LN101889,2021-12-01,Current,207102.9935889565,0,2021-12-09,Servicer_Feed
LN100543,2023-06-01,Current,190041.19,0,2023-06-08,Servicer_Feed
LN100776,2023-07-01,Current,141787.83,0,2023-07-10,Servicer_Feed
LN101910,2019-11-01,30DPD,305315.96,30,2019-07-01,Servicer_Feed
LN101055,2022-10-01,Current,211427.98,0,2022-10-01,Servicer_Feed
LN100326,2020-12-01,Current,421871.44,0,2020-12-08,Servicer_Feed
LN101250,2024-04-01,Current,207414.17040225444,0,2024-04-02,Servicer_Feed
LN101698,2022-02-01,Current,113549.12,0,2022-02-05,Servicer_Feed
LN101720,2023-06-01,Current,83456.39,0,2023-06-09,Servicer_Feed
LN100491,2023-06-01,Current,182646.58,0,2023-06-02,Servicer_Feed
LN100595,2020-08-01,Current,135210.61,0,2020-08-03,Servicer_Feed
LN100041,2023-10-01,Current,151099.61,0,2023-10-03,Servicer_Feed
LN101063,2023-10-01,Current,215042.45,0,2023-10-03,Servicer_Feed
LN100706,2024-12-01,Current,107795.25,0,2024-12-07,Servicer_Feed
LN100912,2023-01-01,Current,253303.21,0,2022-09-01,Servicer_Feed
LN100306,2022-04-01,Current,338763.95,0,2022-04-09,Servicer_Feed
LN100948,2022-04-01,Current,380187.38,0,2022-04-10,Servicer_Feed
LN101674,2021-06-01,Current,209009.57,0,2021-06-04,Servicer_Feed
LN101355,2024-04-01,Current,246379.36650929917,0,2024-04-02,Servicer_Feed
LN101635,2020-03-01,Current,193699.32,0,2020-03-03,Servicer_Feed
LN101278,2022-03-01,Current,150616.48,0,2022-03-06,Servicer_Feed
LN101598,2023-12-01,Current,316941.96,0,2023-12-05,Servicer_Feed
LN100806,2023-11-01,Current,60771.06,0,2023-07-01,Servicer_Feed
LN100847,2021-11-01,Prepaid,209779.9,0,2021-11-01,Servicer_Feed
LN100802,2021-09-01,Current,330176.53,0,2021-09-08,Servicer_Feed
LN101235,2020-08-01,Current,170404.03,0,2020-08-03,Servicer_Feed
LN101298,2024-10-01,Current,685133.93,0,2024-10-04,Servicer_Feed
LN100927,2022-09-01,Current,256227.6125647362,0,2022-09-02,Servicer_Feed
LN100425,2022-06-01,Current,104343.02,0,2022-06-07,Servicer_Feed
LN100712,2020-10-01,Current,292106.04,0,2020-10-03,Servicer_Feed
LN101081,2021-04-01,Current,438658.44,0,2021-04-09,Servicer_Feed
LN101858,2021-08-01,Current,111508.63,0,2021-08-09,Servicer_Feed
LN101461,2021-08-01,Current,160806.98,0,2021-08-01,Servicer_Feed
LN100726,2021-07-01,Current,238849.14,0,2021-07-08,Servicer_Feed
LN101053,2024-08-01,Current,193658.52,0,2024-04-01,Servicer_Feed
LN100254,2024-08-01,Current,166669.96,0,2024-08-03,Servicer_Feed
LN100600,2022-02-01,Current,132719.45,0,2022-02-02,Servicer_Feed
LN100228,2023-02-01,Current,218698.47149671297,0,2023-02-04,Servicer_Feed
LN101393,2022-08-01,Current,209176.84,0,2022-08-01,Servicer_Feed
LN101802,2020-04-01,Current,550802.4,0,2020-04-09,Servicer_Feed
LN101580,2023-07-01,Current,188913.68,0,2023-07-01,Servicer_Feed
LN101815,2023-01-01,Current,280145.30995630246,0,2023-01-09,Servicer_Feed
LN100190,2022-04-01,Current,298099.4378344514,0,2022-04-08,Servicer_Feed
LN100229,2019-10-01,Current,284765.48,0,2019-10-06,Servicer_Feed
LN100057,2024-01-01,Current,489794.47,0,2024-01-05,Servicer_Feed
LN101477,2020-09-01,Current,91521.11,0,2020-09-10,Servicer_Feed
LN101109,2020-09-01,Current,311371.62922953116,0,2020-09-04,Servicer_Feed
LN101038,2022-05-01,Current,151470.9,0,2022-05-02,Servicer_Feed
LN100783,2024-06-01,Current,105539.26,0,2024-06-06,Servicer_Feed
LN100348,2024-08-01,Current,145546.38,0,2024-04-01,Servicer_Feed
LN101488,2024-10-01,Current,107975.92,0,2024-10-05,Servicer_Feed
LN100229,2020-06-01,Current,281269.62,0,2020-06-06,Servicer_Feed
LN100342,2021-05-01,Current,413315.53,0,2021-05-05,Servicer_Feed
LN101485,2021-07-01,Current,246543.22,0,2021-07-01,Servicer_Feed
LN100151,2023-02-01,Current,435636.62,0,2023-02-02,Servicer_Feed
LN100509,2024-02-01,Current,377635.01,0,2023-10-01,Servicer_Feed
LN101756,2023-02-01,Current,386229.6,0,2023-02-01,Servicer_Feed
LN101370,2020-01-01,Current,664069.06,0,2020-01-10,Servicer_Feed
LN101492,2023-03-01,30DPD,245392.52,30,2023-03-03,Servicer_Feed
LN101810,2024-10-01,Current,235461.32,0,2024-06-01,Servicer_Feed
LN100886,2021-02-01,30DPD,198131.37,30,2020-10-01,Servicer_Feed
LN101148,2023-01-01,Current,210978.07,0,2023-01-07,Servicer_Feed
LN100264,2022-11-01,Current,354117.0,0,2022-11-01,Servicer_Feed
LN100616,2022-01-01,Current,427088.38388410327,0,2022-01-06,Servicer_Feed
LN101282,2020-11-01,Current,125736.51,0,2020-11-03,Servicer_Feed
LN100538,2020-11-01,Current,184019.29,0,2020-07-01,Servicer_Feed
LN101796,2023-08-01,Current,198675.29,0,2023-08-04,Servicer_Feed
LN100408,2024-08-01,Current,132108.72,0,2024-08-07,Servicer_Feed
LN101100,2024-04-01,Current,283061.11,0,2024-04-10,Servicer_Feed
LN101574,2023-03-01,Current,176338.52,0,2022-11-01,Servicer_Feed
LN101565,2024-02-01,Default,210348.44,150,2024-02-10,Servicer_Feed
LN101500,2024-07-01,Current,266874.1156680492,0,2024-07-10,Servicer_Feed
LN101543,2024-05-01,Current,254784.5466802125,0,2024-05-08,Servicer_Feed
LN100491,2020-01-01,Current,195391.68,0,2019-09-01,Servicer_Feed
LN100677,2020-08-01,Current,217304.21,0,2020-08-09,Servicer_Feed
LN101865,2024-05-01,Current,204234.39,0,2024-05-03,Servicer_Feed
LN101976,2019-09-01,Current,372959.37,0,2019-09-10,Servicer_Feed
LN100799,2024-04-01,Current,275056.49,0,2024-04-06,Servicer_Feed
LN101514,2023-06-01,Current,192747.11,0,2023-06-02,Servicer_Feed
LN100077,2024-03-01,Current,124557.35,0,2024-03-10,Servicer_Feed
LN100395,2023-07-01,Current,139715.75,0,2023-07-03,Servicer_Feed
LN100721,2021-02-01,Current,365592.84,0,2021-02-01,Servicer_Feed
LN101161,2022-06-01,Current,111052.17,0,2022-06-06,Servicer_Feed
LN100344,2023-03-01,Current,280818.38,0,2023-03-09,Servicer_Feed
LN100862,2020-07-01,Current,188212.81,0,2020-07-08,Servicer_Feed
LN100178,2022-12-01,Current,169338.17,0,2022-12-07,Servicer_Feed
LN101619,2024-09-01,Current,313142.31,0,2024-09-08,Servicer_Feed
LN101438,2024-09-01,Current,367105.56,0,2024-09-05,Servicer_Feed
LN101664,2021-10-01,Current,240564.28,0,2021-10-02,Servicer_Feed
LN100349,2023-11-01,Current,235815.86,0,2023-11-10,Servicer_Feed
LN101526,2021-05-01,Current,189944.2441737505,0,2021-05-08,Servicer_Feed
LN101769,2024-03-01,Current,192330.16795882743,0,2024-03-09,Servicer_Feed
LN100822,2020-01-01,Current,145278.32,0,2020-01-05,Servicer_Feed
LN100077,2023-09-01,Current,125743.37,0,2023-05-01,Servicer_Feed
LN100882,2023-05-01,Current,154051.97,0,2023-05-09,Servicer_Feed
LN100882,2020-08-01,Current,162915.5,0,2020-08-04,Servicer_Feed
LN101916,2020-12-01,Current,522174.7,0,2020-12-08,Servicer_Feed
LN101796,2021-07-01,Current,206985.11,0,2021-03-01,Servicer_Feed
LN101211,2021-01-01,Current,264848.86,0,2021-01-10,Servicer_Feed
LN101615,2021-04-01,Current,265626.45,0,2020-12-01,Servicer_Feed
LN101245,2019-08-01,Current,207872.92575253366,0,2019-08-04,Servicer_Feed
LN100106,2020-06-01,Current,430942.44,0,2020-06-07,Servicer_Feed
LN101759,2020-09-01,Current,268127.02,0,2020-09-06,Servicer_Feed
LN100606,2024-06-01,Current,307090.02,0,2024-02-01,Servicer_Feed
LN100380,2024-08-01,Current,500864.34652694647,0,2024-08-08,Servicer_Feed
LN100504,2024-09-01,Current,302177.46,0,2024-09-07,Servicer_Feed
LN101888,2023-11-01,Current,231557.66,0,2023-11-10,Servicer_Feed
LN100204,2021-07-01,Current,240654.31995326284,0,2021-07-06,Servicer_Feed
LN100484,2024-09-01,Current,321544.67,0,2024-05-01,Servicer_Feed
LN101332,2024-06-01,Current,374308.12,0,2024-06-03,Servicer_Feed
LN101546,2024-03-01,Current,445050.4159614595,0,2024-03-07,Servicer_Feed
LN101765,2024-10-01,Current,286249.25,0,2024-10-04,Servicer_Feed
LN101998,2022-03-01,Current,351211.11,0,2022-03-04,Servicer_Feed
LN101064,2021-07-01,Current,114321.11,0,2021-07-04,Servicer_Feed
LN101960,2022-09-01,Current,316062.86,0,2022-09-02,Servicer_Feed
LN101478,2023-04-01,Current,308148.81,0,2023-04-02,Servicer_Feed
LN100859,2022-12-01,Current,94656.8,0,2022-08-01,Servicer_Feed
LN101506,2022-05-01,Current,268072.24,0,2022-05-01,Servicer_Feed
LN101578,2021-05-01,Current,265413.74,0,2021-05-01,Servicer_Feed
LN101030,2022-01-01,Current,154688.83,0,2022-01-01,Servicer_Feed
LN100313,2022-08-01,Current,277342.37,0,2022-08-01,Servicer_Feed
LN101164,2024-04-01,Current,412095.0558771488,0,2024-04-09,Servicer_Feed
LN101397,2024-07-01,Current,692200.6338181809,0,2024-07-05,Servicer_Feed
LN101146,2024-09-01,Current,151103.25572431317,0,2024-09-10,Servicer_Feed
LN101474,2024-07-01,Current,343475.7,0,2024-07-01,Servicer_Feed
LN101326,2021-06-01,Current,364856.17,0,2021-06-05,Servicer_Feed
LN100807,2024-06-01,Current,240466.58,0,2024-06-10,Servicer_Feed
LN101815,2024-03-01,Current,369006.01,0,2024-03-03,Servicer_Feed
LN100553,2022-12-01,Current,221534.15632512938,0,2022-12-02,Servicer_Feed
LN100920,2021-06-01,Current,153630.15,0,2021-06-04,Servicer_Feed
LN101186,2021-05-01,Current,347401.03,0,2021-05-09,Servicer_Feed
LN101784,2024-02-01,30DPD,196849.69,30,2024-02-05,Servicer_Feed
LN101048,2024-10-01,Current,397649.32,0,2024-10-06,Servicer_Feed
LN100952,2023-08-01,Current,287819.75,0,2023-08-05,Servicer_Feed
LN100226,2022-04-01,Current,251485.92,0,2021-12-01,Servicer_Feed
LN101831,2022-03-01,Current,513319.63037498196,0,2022-03-03,Servicer_Feed
LN101427,2022-03-01,Current,157792.54,0,2022-03-10,Servicer_Feed
LN101557,2021-11-01,Current,253115.99,0,2021-11-01,Servicer_Feed
LN100271,2022-09-01,Current,630567.49,0,2022-09-05,Servicer_Feed
LN100142,2022-06-01,Current,159378.78,0,2022-06-09,Servicer_Feed
LN100606,2023-11-01,Current,311020.65,0,2023-07-01,Servicer_Feed
LN100998,2020-03-01,Current,283966.7,0,2020-03-04,Servicer_Feed
LN100353,2022-12-01,Current,609733.34,0,2022-12-04,Servicer_Feed
LN101014,2023-11-01,Current,90293.61,0,2023-07-01,Servicer_Feed
LN101773,2022-06-01,Current,222778.38,0,2022-06-02,Servicer_Feed
LN101377,2024-01-01,Current,246380.35,0,2024-01-04,Servicer_Feed
LN101231,2023-02-01,Current,112895.73,0,2023-02-06,Servicer_Feed
LN100143,2020-10-01,Current,226260.06,0,2020-10-05,Servicer_Feed
LN100344,2020-03-01,Current,317432.49,0,2020-03-07,Servicer_Feed
LN101246,2023-07-01,Current,316366.47,0,2023-07-09,Servicer_Feed
LN100129,2022-10-01,Current,243765.50810108616,0,2022-10-09,Servicer_Feed
LN101982,2024-01-01,Current,206966.11,0,2024-01-10,Servicer_Feed
LN101477,2020-01-01,Current,92658.61,0,2020-01-06,Servicer_Feed
LN100548,2020-08-01,Current,200378.78,0,2020-08-07,Servicer_Feed
LN101406,2023-02-01,Current,299301.8223727081,0,2023-02-01,Servicer_Feed
LN101086,2022-09-01,Current,352551.46,0,2022-05-01,Servicer_Feed
LN100986,2021-09-01,Current,351658.1463394087,0,2021-09-04,Servicer_Feed
LN100040,2023-10-01,Current,345117.63,0,2023-10-10,Servicer_Feed
LN101882,2022-04-01,Current,279958.51,0,2022-04-08,Servicer_Feed
LN101234,2022-09-01,Current,86020.00985766208,0,2022-09-06,Servicer_Feed
LN100141,2022-07-01,Current,204012.11,0,2022-07-07,Servicer_Feed
LN101536,2024-08-01,Current,150546.98,0,2024-08-05,Servicer_Feed
LN101951,2023-04-01,Current,289294.18,0,2023-04-02,Servicer_Feed
LN100576,2024-11-01,30DPD,252498.47,30,2024-11-04,Servicer_Feed
LN100192,2021-10-01,Current,209560.55,0,2021-10-04,Servicer_Feed
LN101010,2022-08-01,Current,111230.28,0,2022-08-04,Servicer_Feed
LN100615,2021-09-01,Current,164361.45,0,2021-05-01,Servicer_Feed
LN101547,2022-11-01,Current,207083.11,0,2022-11-04,Servicer_Feed
LN100113,2022-02-01,Current,184404.57,0,2022-02-05,Servicer_Feed
LN100413,2021-12-01,Current,190409.46,0,2021-08-01,Servicer_Feed
LN101206,2022-06-01,Current,297462.24,0,2022-02-01,Servicer_Feed
LN101764,2022-12-01,Current,188266.16998605552,0,2022-12-06,Servicer_Feed
LN100157,2023-08-01,Current,202088.16,0,2023-08-06,Servicer_Feed
LN101250,2023-07-01,Current,288563.9097807457,0,2023-07-03,Servicer_Feed
LN100873,2020-02-01,Current,140468.31,0,2020-02-08,Servicer_Feed
LN101061,2024-07-01,Current,201149.41,0,2024-07-04,Servicer_Feed
LN100805,2023-01-01,Current,841431.6,0,2023-01-10,Servicer_Feed
LN100998,2020-04-01,Current,283532.87,0,2020-04-03,Servicer_Feed
LN101615,2021-08-01,Current,263919.35,0,2021-08-08,Servicer_Feed
LN100276,2024-05-01,Current,224293.12,0,2024-05-09,Servicer_Feed
LN100195,2023-07-01,Current,289314.46285077056,0,2023-07-10,Servicer_Feed
LN100494,2024-11-01,Current,318602.97,0,2024-11-09,Servicer_Feed
LN101236,2022-10-01,Current,477266.9526350806,0,2022-10-02,Servicer_Feed
LN100892,2024-05-01,Current,359554.52,0,2024-05-03,Servicer_Feed
LN101540,2023-07-01,Current,141229.55,0,2023-07-10,Servicer_Feed
LN101372,2024-04-01,Current,288119.37,0,2023-12-01,Servicer_Feed
LN101709,2021-02-01,Current,248638.44,0,2021-02-07,Servicer_Feed
LN100292,2022-08-01,Current,152888.29,0,2022-08-02,Servicer_Feed
LN101527,2022-08-01,Current,117569.14,0,2022-08-03,Servicer_Feed
LN100024,2024-06-01,Current,359082.41461036925,0,2024-06-02,Servicer_Feed
LN101620,2019-06-01,Current,98557.94,0,2019-06-03,Servicer_Feed
LN101983,2024-08-01,Current,189794.49,0,2024-08-06,Servicer_Feed
LN101003,2024-02-01,Current,631741.65,0,2024-02-03,Servicer_Feed
LN101783,2022-04-01,Current,233977.91,0,2022-04-03,Servicer_Feed
LN100180,2024-10-01,Current,153939.4040890148,0,2024-10-09,Servicer_Feed
LN101349,2019-06-01,Current,442716.75,0,2019-06-06,Servicer_Feed
LN100863,2022-12-01,Current,581524.9375440652,0,2022-12-03,Servicer_Feed
LN100562,2023-04-01,Current,200632.87,0,2023-04-09,Servicer_Feed
LN101279,2022-12-01,Current,197078.28,0,2022-12-09,Servicer_Feed
LN100716,2023-01-01,Current,122585.92,0,2023-01-05,Servicer_Feed
LN101852,2024-06-01,Current,95757.25,0,2024-02-01,Servicer_Feed
LN100012,2022-01-01,Current,181579.68103345207,0,2022-01-02,Servicer_Feed
LN100882,2021-11-01,Current,158936.78,0,2021-11-04,Servicer_Feed
LN100627,2022-04-01,Current,186814.94,0,2022-04-04,Servicer_Feed
LN100169,2020-07-01,Current,263424.3755694158,0,2020-07-08,Servicer_Feed
LN101511,2023-10-01,Current,315411.81,0,2023-10-10,Servicer_Feed
LN100663,2022-08-01,Current,127217.89730208872,0,2022-08-04,Servicer_Feed
LN100303,2024-04-01,30DPD,190904.22,30,2024-04-05,Servicer_Feed
LN100143,2023-11-01,Current,212623.77,0,2023-11-04,Servicer_Feed
LN101122,2022-01-01,Current,222460.55,0,2022-01-04,Servicer_Feed
LN101478,2024-01-01,Current,297784.21,0,2024-01-10,Servicer_Feed
LN101342,2022-03-01,Current,369086.64,0,2021-11-01,Servicer_Feed
LN100626,2021-07-01,Current,219627.37,0,2021-07-02,Servicer_Feed
LN100970,2023-11-01,Current,430554.97,0,2023-11-06,Servicer_Feed
LN100122,2024-06-01,Current,277817.84,0,2024-06-10,Servicer_Feed
LN100999,2024-11-01,Current,363729.33,0,2024-11-06,Servicer_Feed
LN100735,2021-07-01,Current,575158.89,0,2021-07-08,Servicer_Feed
LN101488,2023-11-01,Current,110185.28,0,2023-11-01,Servicer_Feed
LN100762,2019-10-01,Current,180331.06,0,2019-10-09,Servicer_Feed
LN101230,2020-12-01,Current,248244.92,0,2020-08-01,Servicer_Feed
LN100673,2022-05-01,Current,234098.47,0,2022-05-05,Servicer_Feed
LN100053,2020-06-01,Current,153693.41,0,2020-06-08,Servicer_Feed
LN101197,2024-11-01,Current,369570.3813155467,0,2024-11-02,Servicer_Feed
LN101755,2023-11-01,Current,329250.47,0,2023-11-03,Servicer_Feed
LN100274,2021-01-01,Current,178242.37,0,2021-01-10,Servicer_Feed
LN100179,2024-01-01,Current,205701.19,0,2024-01-08,Servicer_Feed
LN101629,2022-06-01,Current,409825.52208230156,0,2022-06-09,Servicer_Feed
LN101779,2023-04-01,Current,428071.42,0,2022-12-01,Servicer_Feed
LN100439,2021-02-01,Current,181746.05,0,2021-02-05,Servicer_Feed
LN101598,2024-07-01,Current,313013.87,0,2024-07-03,Servicer_Feed
LN100597,2022-05-01,Current,359209.41936593235,0,2022-05-06,Servicer_Feed
LN101433,2024-02-01,Current,323261.3126045292,0,2024-02-07,Servicer_Feed
LN101955,2020-02-01,Current,473491.27,0,2020-02-03,Servicer_Feed
LN100820,2021-03-01,Current,313392.91,0,2021-03-04,Servicer_Feed
LN101907,2022-10-01,Current,366817.3904878953,0,2022-10-07,Servicer_Feed
LN100231,2023-06-01,Current,142146.5,0,2023-06-06,Servicer_Feed
LN100647,2024-11-01,Current,136179.76,0,2024-07-01,Servicer_Feed
LN100629,2023-09-01,Current,300338.67,0,2023-09-03,Servicer_Feed
LN100476,2024-08-01,Current,430537.63394182967,0,2024-08-06,Servicer_Feed
LN100074,2023-03-01,Current,239808.8330940886,0,2023-03-08,Servicer_Feed
LN101763,2023-12-01,Current,195476.92,0,2023-08-01,Servicer_Feed
LN101944,2024-03-01,Current,160876.46,0,2024-03-08,Servicer_Feed
LN100817,2021-11-01,Current,283084.08,0,2021-11-02,Servicer_Feed
LN101503,2021-05-01,Current,381743.46,0,2021-05-09,Servicer_Feed
LN100324,2021-06-01,Current,204164.27,0,2021-06-09,Servicer_Feed
LN100767,2024-02-01,Current,266663.44,0,2024-02-09,Servicer_Feed
LN100050,2024-02-01,Current,352226.31,0,2024-02-01,Servicer_Feed
LN101968,2021-03-01,Current,184271.63,0,2021-03-02,Servicer_Feed
LN101731,2022-02-01,Current,209760.66,0,2022-02-02,Servicer_Feed
LN101673,2023-10-01,Current,211591.31,0,2023-10-10,Servicer_Feed
LN100972,2020-07-01,Prepaid,151966.45,0,2020-07-03,Servicer_Feed
LN101357,2023-08-01,Default,157677.00583778863,150,2023-08-04,Servicer_Feed
LN101332,2022-11-01,Current,386038.99,0,2022-07-01,Servicer_Feed
LN100659,2022-08-01,30DPD,214198.89,30,2022-08-05,Servicer_Feed
LN101326,2024-07-01,Current,342332.89,0,2024-03-01,Servicer_Feed
LN101144,2021-12-01,Current,322875.89,0,2021-12-10,Servicer_Feed
LN100394,2023-03-01,Current,111120.56,0,2023-03-02,Servicer_Feed
LN101923,2024-09-01,Current,225403.78,0,2024-09-09,Servicer_Feed
LN101428,2022-04-01,Current,212960.05,0,2022-04-02,Servicer_Feed
LN100845,2023-09-01,Current,270340.85393690615,0,2023-09-04,Servicer_Feed
LN100507,2023-04-01,Current,154965.05,0,2023-04-05,Servicer_Feed
LN100395,2022-12-01,Current,141054.49,0,2022-12-10,Servicer_Feed
LN100873,2019-12-01,Current,141358.0,0,2019-08-01,Servicer_Feed
LN100350,2024-07-01,Current,452765.97,0,2024-07-02,Servicer_Feed
LN100751,2024-08-01,Current,127995.98,0,2024-08-07,Servicer_Feed
LN100767,2024-11-01,Current,256969.45,0,2024-07-01,Servicer_Feed
LN101960,2021-08-01,Current,322826.42,0,2021-08-05,Servicer_Feed
LN100565,2020-03-01,Current,439115.9857229298,0,2020-03-01,Servicer_Feed
LN101125,2022-04-01,Current,271743.86,0,2022-04-09,Servicer_Feed
LN101418,2021-12-01,Current,173016.65,0,2021-12-02,Servicer_Feed
LN100592,2024-11-01,Current,290375.28,0,2024-11-09,Servicer_Feed
LN101374,2023-02-01,Current,223129.28,0,2023-02-07,Servicer_Feed
LN101108,2023-05-01,Current,263719.6992336875,0,2023-05-02,Servicer_Feed
LN100323,2023-07-01,Current,155857.56593409405,0,2023-07-03,Servicer_Feed
LN100635,2021-11-01,Current,307439.82,0,2021-11-04,Servicer_Feed
LN101018,2022-09-01,Current,248636.94,0,2022-09-08,Servicer_Feed
LN101406,2021-10-01,Current,381741.35,0,2021-10-06,Servicer_Feed
LN101852,2022-12-01,Current,98374.18,0,2022-08-01,Servicer_Feed
LN100122,2024-07-01,Current,277301.62,0,2024-07-03,Servicer_Feed
LN101962,2020-10-01,Current,176416.25,0,2020-06-01,Servicer_Feed
LN101779,2024-09-01,Current,416481.85,0,2024-09-02,Servicer_Feed
LN101709,2022-02-01,Current,244145.65,0,2022-02-05,Servicer_Feed
LN101955,2020-06-01,Current,470567.85,0,2020-06-09,Servicer_Feed
LN100141,2024-08-01,Current,195259.21,0,2024-08-05,Servicer_Feed
LN101288,2023-06-01,Current,143745.81,0,2023-06-05,Servicer_Feed
LN100835,2022-10-01,Prepaid,139378.51,0,2022-10-01,Servicer_Feed
LN100327,2024-01-01,Current,346406.94,0,2024-01-10,Servicer_Feed
LN101810,2022-01-01,Current,249316.44,0,2022-01-07,Servicer_Feed
LN101256,2024-08-01,Current,341781.4427115081,0,2024-08-01,Servicer_Feed
LN100553,2020-09-01,30DPD,269568.75,30,2020-09-05,Servicer_Feed
LN101060,2021-09-01,Current,154688.83,0,2021-05-01,Servicer_Feed
LN101092,2023-07-01,Current,137134.76,0,2023-07-09,Servicer_Feed
LN101729,2022-05-01,Current,293751.77,0,2022-05-05,Servicer_Feed
LN101403,2023-11-01,Current,180549.08,0,2023-11-06,Servicer_Feed
LN100250,2021-09-01,Current,121864.42471838894,0,2021-09-04,Servicer_Feed
LN100137,2022-12-01,Current,148984.76,0,2022-12-05,Servicer_Feed
LN101256,2022-10-01,Current,285691.83,0,2022-10-09,Servicer_Feed
LN100772,2023-12-01,Current,409108.43,0,2023-12-03,Servicer_Feed
LN100083,2024-10-01,Current,260292.23,0,2024-10-01,Servicer_Feed
LN101314,2024-11-01,Current,279989.32,0,2024-11-10,Servicer_Feed
LN100786,2022-06-01,Current,391773.97,0,2022-06-03,Servicer_Feed
LN100388,2023-07-01,Current,186107.45,0,2023-07-10,Servicer_Feed
LN101755,2023-10-01,Current,330422.94,0,2023-10-04,Servicer_Feed
LN100016,2020-09-01,Current,73874.07,0,2020-09-06,Servicer_Feed
LN101058,2023-02-01,Current,264337.39,0,2023-02-02,Servicer_Feed
LN101324,2023-08-01,Current,158625.8,0,2023-08-01,Servicer_Feed
LN101800,2024-03-01,Current,233062.83,0,2023-11-01,Servicer_Feed
LN101305,2023-11-01,Current,400493.76494204183,0,2023-11-01,Servicer_Feed
LN100296,2024-05-01,Current,303210.17372971796,0,2024-05-04,Servicer_Feed
LN101125,2022-05-01,Current,270854.22,0,2022-05-06,Servicer_Feed
LN100204,2023-06-01,Current,177552.48,0,2023-06-07,Servicer_Feed
LN100459,2023-03-01,Current,405865.99,0,2023-03-04,Servicer_Feed
LN101465,2024-07-01,Current,132336.42,0,2024-07-09,Servicer_Feed
LN101617,2024-04-01,Current,230566.14,0,2024-04-07,Servicer_Feed
LN100013,2020-01-01,Current,108763.0,0,2020-01-05,Servicer_Feed
LN101038,2024-03-01,Current,146588.02,0,2024-03-02,Servicer_Feed
LN101444,2022-10-01,Current,161436.95348798452,0,2022-10-07,Servicer_Feed
LN101480,2020-12-01,Current,166991.54205978292,0,2020-12-07,Servicer_Feed
LN101242,2024-11-01,Current,455371.19,0,2024-11-09,Servicer_Feed
LN101452,2024-08-01,Current,182448.4,0,2024-08-10,Servicer_Feed
LN100557,2022-02-01,Current,143680.76,0,2022-02-03,Servicer_Feed
LN101366,2023-10-01,Current,156848.39,0,2023-10-09,Servicer_Feed
LN100451,2021-06-01,Current,226672.98,0,2021-06-10,Servicer_Feed
LN101105,2024-02-01,Current,164186.94,0,2024-02-10,Servicer_Feed
LN101079,2021-07-01,Current,196837.11,0,2021-03-01,Servicer_Feed
LN100776,2022-02-01,Current,149071.59,0,2022-02-01,Servicer_Feed
LN101901,2023-01-01,Current,225114.17,0,2023-01-09,Servicer_Feed
LN101812,2023-08-01,Current,349957.49,0,2023-08-10,Servicer_Feed
LN101661,2023-02-01,Current,258316.38,0,2023-02-07,Servicer_Feed
LN101606,2023-05-01,Current,320480.88,0,2023-05-03,Servicer_Feed
LN100487,2024-09-01,Prepaid,303012.92309039395,0,2024-09-01,Servicer_Feed
LN101767,2024-06-01,Current,260462.6,0,2024-02-01,Servicer_Feed
LN101307,2023-05-01,Current,194473.89,0,2023-05-05,Servicer_Feed
LN100968,2022-08-01,Current,185579.34,0,2022-08-04,Servicer_Feed
LN101428,2024-10-01,Current,201955.46,0,2024-06-01,Servicer_Feed
LN100524,2020-11-01,Current,231835.77,0,2020-11-02,Servicer_Feed
LN100812,2022-04-01,Current,192032.6,0,2022-04-05,Servicer_Feed
LN101344,2021-01-01,Current,368209.92,0,2021-01-08,Servicer_Feed
LN100534,2024-12-01,Current,139242.08,0,2024-08-01,Servicer_Feed
LN100548,2021-07-01,Current,196970.88,0,2021-07-07,Servicer_Feed
LN101900,2020-08-01,Current,187736.9,0,2020-08-09,Servicer_Feed
LN101287,2023-04-01,30DPD,193382.65,30,2023-04-05,Servicer_Feed
LN101272,2024-07-01,30DPD,292312.58,30,2024-07-07,Servicer_Feed
LN100488,2024-10-01,Current,97603.99118627337,0,2024-10-06,Servicer_Feed
LN100546,2024-09-01,Current,276971.41,0,2024-05-01,Servicer_Feed
LN100498,2021-06-01,Current,246286.43,0,2021-02-01,Servicer_Feed
LN101584,2021-10-01,Prepaid,295035.05,0,2021-10-09,Servicer_Feed
LN101450,2023-02-01,Current,478764.38,0,2023-02-06,Servicer_Feed
LN100021,2024-09-01,Current,144595.18,0,2024-09-05,Servicer_Feed
LN100291,2021-06-01,Current,186269.84,0,2021-02-01,Servicer_Feed
LN101570,2024-12-01,Current,292874.38,0,2024-12-01,Servicer_Feed
LN101278,2024-12-01,Current,142036.04,0,2024-12-10,Servicer_Feed
LN101689,2023-09-01,Current,135512.42,0,2023-09-04,Servicer_Feed
LN101533,2023-08-01,Current,245225.82,0,2023-08-01,Servicer_Feed
LN101362,2024-11-01,Current,130721.65,0,2024-11-07,Servicer_Feed
LN101700,2022-05-01,Current,334027.63,0,2022-05-02,Servicer_Feed
LN101718,2022-02-01,Current,228651.2,0,2022-02-05,Servicer_Feed
LN101799,2023-01-01,Current,453557.49881792563,0,2023-01-07,Servicer_Feed
LN100337,2022-10-01,Current,398541.47,0,2022-10-10,Servicer_Feed
LN100369,2023-02-01,Current,176839.11,0,2023-02-05,Servicer_Feed
LN101293,2023-10-01,Current,234398.26,0,2023-10-09,Servicer_Feed
LN100516,2021-08-01,Current,645252.5557780005,0,2021-08-08,Servicer_Feed
LN100818,2022-04-01,Current,170639.63,0,2022-04-03,Servicer_Feed
LN101887,2023-09-01,Current,115270.26,0,2023-09-10,Servicer_Feed
LN101117,2024-06-01,Current,87403.62,0,2024-06-08,Servicer_Feed
LN101151,2022-11-01,Current,101020.02,0,2022-11-04,Servicer_Feed
LN101576,2021-04-01,Current,185946.9,0,2021-04-10,Servicer_Feed
LN100253,2020-02-01,Current,259154.38,0,2020-02-07,Servicer_Feed
LN100025,2023-12-01,Current,422234.88,0,2023-12-03,Servicer_Feed
LN101313,2023-12-01,Current,180510.86,0,2023-08-01,Servicer_Feed
LN100544,2024-05-01,Current,335494.6912572263,0,2024-05-01,Servicer_Feed
LN101337,2021-12-01,Current,491921.85,0,2021-12-08,Servicer_Feed
LN101761,2024-08-01,Current,226950.69511765655,0,2024-08-06,Servicer_Feed
LN100567,2024-03-01,Current,237480.54,0,2024-03-07,Servicer_Feed
LN100807,2021-12-01,Current,252569.88,0,2021-08-01,Servicer_Feed
LN100678,2023-02-01,Current,264172.78,0,2023-02-03,Servicer_Feed
LN100039,2021-12-01,Current,337628.66235697275,0,2021-12-02,Servicer_Feed
LN100175,2022-12-01,Current,712536.21,0,2022-12-10,Servicer_Feed
LN101403,2023-09-01,Current,181125.28,0,2023-09-08,Servicer_Feed
LN100202,2021-02-01,Current,255734.15,0,2021-02-10,Servicer_Feed
LN100950,2024-11-01,Current,151576.0552452091,0,2024-11-05,Servicer_Feed
LN100133,2021-08-01,Current,381460.67,0,2021-08-01,Servicer_Feed
LN101003,2023-10-01,Current,635938.98,0,2023-10-10,Servicer_Feed
LN100620,2023-08-01,Current,188098.16,0,2023-04-01,Servicer_Feed
LN100456,2022-09-01,Current,88116.34583055695,0,2022-09-08,Servicer_Feed
LN100944,2022-04-01,Current,212529.33,0,2022-04-07,Servicer_Feed
LN100842,2023-02-01,Current,498745.9,0,2023-02-04,Servicer_Feed
LN100174,2019-11-01,Current,121015.35,0,2019-11-09,Servicer_Feed
LN101349,2020-07-01,Current,424653.7,0,2020-07-08,Servicer_Feed
LN100927,2021-08-01,Current,339288.96,0,2021-08-10,Servicer_Feed
LN101513,2022-05-01,Current,135633.19,0,2022-05-02,Servicer_Feed
LN100684,2022-01-01,Current,194518.59,0,2022-01-06,Servicer_Feed
LN100148,2024-04-01,Current,226253.2208775977,0,2024-04-10,Servicer_Feed
LN100514,2022-03-01,Current,187167.79,0,2022-03-08,Servicer_Feed
LN101309,2024-12-01,Current,134335.76,0,2024-12-05,Servicer_Feed
LN101208,2022-12-01,Current,168644.99,0,2022-12-05,Servicer_Feed
LN101250,2022-09-01,Current,229673.42,0,2022-05-01,Servicer_Feed
LN100094,2022-05-01,Current,731789.6638261455,0,2022-01-01,Servicer_Feed
LN100389,2024-05-01,Current,498145.94,0,2024-05-09,Servicer_Feed
LN100572,2023-11-01,Current,363565.88,0,2023-11-08,Servicer_Feed
LN101507,2021-11-01,Current,422557.34,0,2021-11-10,Servicer_Feed
LN101345,2024-01-01,Current,243994.54,0,2024-01-05,Servicer_Feed
LN100626,2024-05-01,Current,207453.71,0,2024-01-01,Servicer_Feed
LN100273,2020-09-01,Current,557843.928336641,0,2020-09-02,Servicer_Feed
LN101870,2022-02-01,Current,110672.34898304111,0,2022-02-06,Servicer_Feed
LN100431,2024-05-01,Current,84524.17,0,2024-05-08,Servicer_Feed
LN100322,2023-08-01,Current,100197.81,0,2023-08-03,Servicer_Feed
LN101746,2024-11-01,Current,475697.9,0,2024-11-01,Servicer_Feed
LN100164,2023-05-01,Current,203993.66,0,2023-05-01,Servicer_Feed
LN101077,2023-02-01,Current,344883.75,0,2023-02-07,Servicer_Feed
LN100092,2019-04-01,Current,63505.78,0,2019-04-04,Servicer_Feed
LN100333,2022-04-01,Current,370922.25,0,2022-04-01,Servicer_Feed
LN100431,2020-06-01,Current,100962.29,0,2020-06-09,Servicer_Feed
LN101718,2023-01-01,Current,220547.67,0,2023-01-03,Servicer_Feed
LN100573,2023-05-01,Current,229725.36,0,2023-05-04,Servicer_Feed
LN100250,2022-05-01,Current,122719.37,0,2022-01-01,Servicer_Feed
LN100624,2023-03-01,Current,412773.79,0,2023-03-09,Servicer_Feed
LN100530,2020-02-01,Current,167747.52,0,2020-02-06,Servicer_Feed
LN100054,2024-03-01,Current,149742.04,0,2024-03-02,Servicer_Feed
LN101856,2023-07-01,Current,286482.92,0,2023-07-10,Servicer_Feed
LN100755,2023-02-01,Current,183282.70586481123,0,2023-02-06,Servicer_Feed
LN101841,2023-12-01,Current,144927.77,0,2023-08-01,Servicer_Feed
LN100737,2022-06-01,Current,248559.47,0,2022-06-01,Servicer_Feed
LN100377,2022-07-01,Current,116862.5,0,2022-03-01,Servicer_Feed
LN101816,2023-07-01,30DPD,153503.47,30,2023-07-08,Servicer_Feed
LN101344,2023-02-01,Current,493820.2030961133,0,2023-02-06,Servicer_Feed
LN100771,2024-02-01,Current,179900.66,0,2023-10-01,Servicer_Feed
LN101561,2022-07-01,Current,221333.17,0,2022-07-09,Servicer_Feed
LN100164,2022-02-01,Current,209243.69,0,2022-02-07,Servicer_Feed
LN101477,2023-01-01,Current,87589.39,0,2023-01-05,Servicer_Feed
LN101074,2021-05-01,Current,442881.48,0,2021-01-01,Servicer_Feed
LN101509,2021-06-01,Current,210358.84,0,2021-06-02,Servicer_Feed
LN101554,2024-08-01,Current,238304.07,0,2024-04-01,Servicer_Feed
LN100408,2024-03-01,Current,132999.24,0,2024-03-01,Servicer_Feed
LN101700,2023-01-01,Current,330192.82,0,2022-09-01,Servicer_Feed
LN100040,2023-06-01,Current,347467.39,0,2023-02-01,Servicer_Feed
LN100970,2021-08-01,30DPD,470596.0029021932,30,2021-08-02,Servicer_Feed
LN100500,2024-03-01,Current,608446.86,0,2024-03-02,Servicer_Feed
LN100185,2020-02-01,Current,274216.07,0,2019-10-01,Servicer_Feed
LN101034,2024-12-01,Current,209564.45,0,2024-12-10,Servicer_Feed
LN101716,2023-06-01,Prepaid,303099.91,0,2023-06-07,Servicer_Feed
LN101489,2022-05-01,Current,286386.25,0,2022-05-09,Servicer_Feed
LN101675,2024-10-01,Current,189048.82,0,2024-10-08,Servicer_Feed
LN100500,2022-12-01,Current,622972.98,0,2022-12-04,Servicer_Feed
LN101805,2024-02-01,60DPD,248955.45,60,2024-02-02,Servicer_Feed
LN100505,2021-06-01,Current,276506.3462250486,0,2021-06-05,Servicer_Feed
LN100804,2023-05-01,Current,241860.31,0,2023-05-08,Servicer_Feed
LN100753,2020-09-01,Current,260158.04482916568,0,2020-09-07,Servicer_Feed
LN101486,2022-09-01,Current,191292.66,0,2022-05-01,Servicer_Feed
LN100552,2021-01-01,Current,378870.14,0,2021-01-09,Servicer_Feed
LN100076,2021-03-01,Current,284379.8819247885,0,2021-03-07,Servicer_Feed
LN101628,2021-12-01,Current,208391.57,0,2021-12-01,Servicer_Feed
LN100118,2020-10-01,Current,359065.64,0,2020-10-08,Servicer_Feed
LN101976,2020-09-01,Current,366625.91,0,2020-09-01,Servicer_Feed
LN100317,2024-08-01,Current,393440.17,0,2024-08-03,Servicer_Feed
LN101098,2024-05-01,Current,518237.84293645166,0,2024-05-01,Servicer_Feed
LN101027,2022-06-01,Current,472720.33,0,2022-06-04,Servicer_Feed
LN100771,2023-01-01,Current,187692.01,0,2023-01-08,Servicer_Feed
LN101245,2021-05-01,Current,275257.6,0,2021-05-10,Servicer_Feed
LN100141,2023-03-01,Current,201245.11,0,2023-03-04,Servicer_Feed
LN100814,2023-08-01,Current,173606.71,0,2023-08-01,Servicer_Feed
LN100533,2022-05-01,Current,198224.36,0,2022-05-09,Servicer_Feed
LN101402,2024-11-01,Current,297463.83,0,2024-11-02,Servicer_Feed
LN100686,2024-08-01,Current,309799.90887287894,0,2024-08-05,Servicer_Feed
LN101367,2022-10-01,Current,246864.61,0,2022-10-01,Servicer_Feed
LN101263,2024-06-01,Current,256500.01,0,2024-06-04,Servicer_Feed
LN100194,2024-04-01,Current,321958.05,0,2024-04-04,Servicer_Feed
LN100524,2020-07-01,Current,233330.95,0,2020-07-10,Servicer_Feed
LN101458,2024-01-01,Current,307709.69,0,2023-09-01,Servicer_Feed
LN100498,2019-06-01,Current,254611.5,0,2019-06-06,Servicer_Feed
LN100614,2022-07-01,Current,446081.31,0,2022-07-10,Servicer_Feed
LN101036,2023-10-01,Current,257968.99,0,2023-10-06,Servicer_Feed
LN100895,2024-04-01,Current,250753.7,0,2024-04-10,Servicer_Feed
LN100110,2022-07-01,Current,469121.53,0,2022-03-01,Servicer_Feed
LN101931,2023-04-01,Current,336679.62,0,2023-04-06,Servicer_Feed
LN100651,2023-11-01,Current,197646.55,0,2023-11-06,Servicer_Feed
LN100450,2023-09-01,Current,459693.21,0,2023-09-07,Servicer_Feed
LN101322,2020-11-01,Current,370414.19,0,2020-11-03,Servicer_Feed
LN100996,2021-11-01,Current,183362.79,0,2021-11-04,Servicer_Feed
LN100922,2023-09-01,Current,191057.98,0,2023-09-04,Servicer_Feed
LN100040,2024-10-01,Current,338566.71,0,2024-10-04,Servicer_Feed
LN100903,2024-02-01,Current,250115.26,0,2024-02-10,Servicer_Feed
LN101108,2024-02-01,Current,273332.4,0,2023-10-01,Servicer_Feed
LN100584,2021-11-01,Current,164098.14,0,2021-11-03,Servicer_Feed
LN101424,2023-05-01,Current,242043.49871166144,0,2023-05-09,Servicer_Feed
LN101701,2023-11-01,Current,132055.67781207644,0,2023-11-01,Servicer_Feed
LN101270,2021-09-01,Current,159745.33,0,2021-09-02,Servicer_Feed
LN100395,2024-07-01,Current,146851.6769682147,0,2024-07-03,Servicer_Feed
LN101883,2022-12-01,Current,202790.57,0,2022-08-01,Servicer_Feed
LN101500,2022-04-01,Current,272675.05,0,2022-04-10,Servicer_Feed
LN100105,2020-09-01,Current,133534.04,0,2020-09-06,Servicer_Feed
LN101755,2023-12-01,Current,328074.58,0,2023-08-01,Servicer_Feed
LN101275,2022-12-01,Current,307721.24,0,2022-12-03,Servicer_Feed
LN100140,2024-03-01,Current,167035.3618845756,0,2024-03-10,Servicer_Feed
LN100339,2022-07-01,Current,223476.31,0,2022-07-03,Servicer_Feed
LN101028,2021-03-01,Current,206568.40522218027,0,2021-03-06,Servicer_Feed
LN101847,2021-02-01,Current,278249.03,0,2021-02-07,Servicer_Feed
LN101335,2024-09-01,Current,383573.64,0,2024-09-07,Servicer_Feed
LN100008,2022-06-01,Current,302973.65,0,2022-06-08,Servicer_Feed
LN101642,2021-01-01,Current,193029.75,0,2021-01-05,Servicer_Feed
LN100425,2023-02-01,Current,103021.52,0,2023-02-03,Servicer_Feed
LN101259,2024-11-01,Current,309853.6,0,2024-11-10,Servicer_Feed
LN100121,2020-04-01,Current,169216.6745526483,0,2020-04-05,Servicer_Feed
LN101587,2024-07-01,Current,158795.02,0,2024-07-08,Servicer_Feed
LN101366,2024-03-01,Current,155630.27,0,2024-03-07,Servicer_Feed
LN100457,2022-10-01,Current,451642.94,0,2022-10-10,Servicer_Feed
LN100311,2021-02-01,Current,283030.23,0,2021-02-08,Servicer_Feed
LN101129,2024-08-01,Current,255534.88,0,2024-08-10,Servicer_Feed
LN100043,2023-06-01,Current,290614.71,0,2023-06-01,Servicer_Feed
LN100061,2024-06-01,Current,93747.99450844894,0,2024-06-01,Servicer_Feed
LN100304,2022-08-01,Current,165290.28,0,2022-08-03,Servicer_Feed
LN100742,2024-07-01,Current,220795.13,0,2024-07-01,Servicer_Feed
LN100022,2021-07-01,Current,208343.37,0,2021-07-09,Servicer_Feed
LN100219,2023-09-01,Current,222503.5,0,2023-09-06,Servicer_Feed
LN101308,2022-06-01,Current,77031.45,0,2022-06-01,Servicer_Feed
LN100129,2023-01-01,Current,228485.4,0,2023-01-08,Servicer_Feed
LN100963,2022-11-01,30DPD,298184.5819255249,30,2022-11-10,Servicer_Feed
LN101351,2023-02-01,Current,212014.47,0,2022-10-01,Servicer_Feed
LN101200,2024-10-01,Current,137834.39,0,2024-06-01,Servicer_Feed
LN100852,2022-03-01,Current,335760.659284956,0,2022-03-07,Servicer_Feed
LN100324,2022-09-01,Current,194510.75,0,2022-09-09,Servicer_Feed
LN100863,2023-09-01,Current,445964.56,0,2023-09-08,Servicer_Feed
LN101642,2021-03-01,Current,192413.89,0,2021-03-04,Servicer_Feed
LN101976,2022-02-01,Current,356642.09,0,2022-02-07,Servicer_Feed
LN100319,2024-05-01,Current,235758.17,0,2024-05-01,Servicer_Feed
LN101251,2023-11-01,Current,252851.48,0,2023-11-02,Servicer_Feed
LN101965,2023-05-01,Current,135535.97,0,2023-05-08,Servicer_Feed
LN100685,2024-03-01,Current,254216.77,0,2023-11-01,Servicer_Feed
LN101578,2023-03-01,Current,298730.51833207265,0,2023-03-05,Servicer_Feed
LN101810,2020-06-01,Current,257014.6,0,2020-06-02,Servicer_Feed
LN100830,2021-05-01,Current,146712.46,0,2021-05-01,Servicer_Feed
LN100758,2021-10-01,Current,250093.35,0,2021-06-01,Servicer_Feed
LN100946,2021-09-01,Prepaid,377013.82,0,2021-09-08,Servicer_Feed
LN100735,2022-11-01,Current,560427.6,0,2022-11-08,Servicer_Feed
LN100318,2024-10-01,Current,421951.4195349015,0,2024-10-09,Servicer_Feed
LN100544,2023-09-01,Current,329929.85,0,2023-09-01,Servicer_Feed
LN101435,2022-02-01,Current,329385.68,0,2022-02-09,Servicer_Feed
LN101279,2023-04-01,Current,194268.7,0,2023-04-05,Servicer_Feed
LN101293,2021-02-01,Current,246928.01,0,2021-02-03,Servicer_Feed
LN101480,2022-02-01,Current,156159.99,0,2022-02-04,Servicer_Feed
LN101477,2022-05-01,Current,88771.53,0,2022-01-01,Servicer_Feed
LN101564,2024-11-01,Current,370917.81099850027,0,2024-11-10,Servicer_Feed
LN100499,2023-04-01,Current,348856.18,0,2023-04-04,Servicer_Feed
LN100360,2023-10-01,Current,256388.35,0,2023-10-01,Servicer_Feed
LN100766,2024-12-01,Current,513640.98,0,2024-12-08,Servicer_Feed
LN101288,2024-10-01,Current,139812.2,0,2024-10-05,Servicer_Feed
LN100849,2024-06-01,Current,193296.25729738572,0,2024-06-10,Servicer_Feed
LN101904,2024-05-01,Current,405860.7,0,2024-05-10,Servicer_Feed
LN100892,2022-12-01,Current,395570.9056202088,0,2022-12-06,Servicer_Feed
LN101819,2024-10-01,Current,296771.92588521476,0,2024-10-10,Servicer_Feed
LN101353,2022-10-01,Current,441946.67,0,2022-10-03,Servicer_Feed
LN101268,2024-06-01,Current,329242.0,0,2024-06-04,Servicer_Feed
LN101682,2023-03-01,Current,183665.35,0,2023-03-03,Servicer_Feed
LN100403,2023-01-01,Current,367954.37,0,2023-01-01,Servicer_Feed
LN101908,2021-01-01,Current,464464.67,0,2021-01-03,Servicer_Feed
LN101894,2021-07-01,Current,119859.27,0,2021-07-02,Servicer_Feed
LN101342,2024-03-01,Current,343842.09,0,2024-03-03,Servicer_Feed
LN101851,2024-09-01,Current,175681.39,0,2024-05-01,Servicer_Feed
LN100250,2022-10-01,Current,121700.09,0,2022-10-08,Servicer_Feed
LN100852,2021-08-01,Current,365851.51,0,2021-08-03,Servicer_Feed
LN101388,2024-04-01,Current,344265.62,0,2024-04-08,Servicer_Feed
LN101202,2024-04-01,Current,278160.11,0,2024-04-03,Servicer_Feed
LN100408,2024-02-01,Current,133220.61,0,2024-02-08,Servicer_Feed
LN100048,2023-10-01,Current,448569.39,0,2023-10-08,Servicer_Feed
LN101405,2021-02-01,Current,332469.85766192246,0,2021-02-07,Servicer_Feed
LN100410,2020-06-01,Current,204489.4566341702,0,2020-06-08,Servicer_Feed
LN101543,2021-02-01,Current,294211.43,0,2020-10-01,Servicer_Feed
LN101204,2024-04-01,Current,507035.38,0,2024-04-03,Servicer_Feed
LN101367,2021-05-01,Current,252549.35,0,2021-01-01,Servicer_Feed
LN101985,2021-05-01,Current,304815.98,0,2021-01-01,Servicer_Feed
LN100466,2021-12-01,Current,179542.74,0,2021-12-02,Servicer_Feed
LN101198,2022-03-01,Current,124907.66,0,2022-03-07,Servicer_Feed
LN100743,2023-12-01,Current,250298.82,0,2023-12-10,Servicer_Feed
LN100756,2023-05-01,Current,157741.52,0,2023-05-03,Servicer_Feed
LN101028,2020-03-01,Current,181945.0,0,2020-03-02,Servicer_Feed
LN101656,2021-12-01,Current,419372.25,0,2021-12-04,Servicer_Feed
LN101782,2024-09-01,Current,194540.93,0,2024-05-01,Servicer_Feed
LN100925,2024-12-01,Current,257173.46,0,2024-12-10,Servicer_Feed
LN101495,2022-06-01,Current,173346.71,0,2022-06-01,Servicer_Feed
LN101494,2023-03-01,Current,192796.32,0,2023-03-02,Servicer_Feed
LN100464,2023-01-01,Current,161543.72562530448,0,2023-01-02,Servicer_Feed
LN101296,2024-04-01,Current,159811.1,0,2023-12-01,Servicer_Feed
LN101167,2022-09-01,Current,200395.61,0,2022-05-01,Servicer_Feed
LN100786,2024-06-01,Current,376506.64,0,2024-06-09,Servicer_Feed
LN100244,2022-10-01,Current,93630.41,0,2022-10-04,Servicer_Feed
LN100919,2023-08-01,Current,192753.74,0,2023-08-03,Servicer_Feed
LN101834,2020-09-01,Current,329292.92,0,2020-09-06,Servicer_Feed
LN101098,2021-05-01,Current,549191.7750583695,0,2021-05-02,Servicer_Feed
LN100275,2023-05-01,Current,351820.83,0,2023-05-09,Servicer_Feed
LN100177,2024-10-01,Current,139068.12,0,2024-10-09,Servicer_Feed
LN100892,2021-11-01,Current,397992.34,0,2021-11-01,Servicer_Feed
LN100120,2024-01-01,Current,163890.94,0,2023-09-01,Servicer_Feed
LN101510,2022-11-01,Current,383919.49,0,2022-11-02,Servicer_Feed
LN100381,2024-10-01,Current,236085.79,0,2024-10-01,Servicer_Feed
LN101317,2021-04-01,Current,178524.0006593031,0,2021-04-01,Servicer_Feed
LN101811,2022-02-01,Current,613533.78,0,2022-02-10,Servicer_Feed
LN101845,2019-07-01,Current,340829.84,0,2019-07-03,Servicer_Feed
LN101028,2023-07-01,Current,176841.00715227475,0,2023-07-01,Servicer_Feed
LN100530,2024-03-01,Current,154597.17,0,2024-03-06,Servicer_Feed
LN100251,2024-04-01,Current,253763.87,0,2023-12-01,Servicer_Feed
LN100637,2022-08-01,Current,326832.94,0,2022-08-03,Servicer_Feed
LN100414,2024-02-01,Current,203260.33,0,2024-02-01,Servicer_Feed
LN100890,2024-03-01,Current,163394.85,0,2024-03-01,Servicer_Feed
LN101632,2022-02-01,Current,73446.89,0,2022-02-03,Servicer_Feed
LN101547,2022-05-01,Current,209038.02,0,2022-05-02,Servicer_Feed
LN100388,2023-02-01,Current,187564.12,0,2023-02-06,Servicer_Feed
LN100545,2020-04-01,Current,225713.41,0,2020-04-06,Servicer_Feed
LN100960,2020-07-01,Current,105900.65,0,2020-07-10,Servicer_Feed
LN101352,2023-11-01,Current,127368.36,0,2023-11-04,Servicer_Feed
LN101699,2023-12-01,Current,159756.57,0,2023-12-08,Servicer_Feed
LN101689,2023-02-01,Current,137029.97,0,2023-02-08,Servicer_Feed
LN101518,2024-11-01,Current,105016.33717098426,0,2024-11-10,Servicer_Feed
LN100514,2024-12-01,Current,177959.66,0,2024-12-05,Servicer_Feed
LN101885,2022-04-01,Current,221661.53216025617,0,2022-04-06,Servicer_Feed
LN101537,2024-04-01,Current,519806.75,0,2024-04-08,Servicer_Feed
LN100806,2022-10-01,Current,64190.4,0,2022-10-08,Servicer_Feed
LN100008,2021-03-01,Current,318166.28,0,2021-03-05,Servicer_Feed
LN101314,2024-03-01,Current,248613.9210853651,0,2024-03-04,Servicer_Feed
LN101709,2023-08-01,Current,236642.0,0,2023-08-09,Servicer_Feed
LN101998,2023-07-01,Current,342189.43,0,2023-07-01,Servicer_Feed
LN100615,2022-04-01,Current,160321.46,0,2022-04-04,Servicer_Feed
LN101318,2024-05-01,Current,185379.84,0,2024-05-08,Servicer_Feed
LN101853,2023-03-01,Current,287163.08,0,2023-03-04,Servicer_Feed
LN100845,2022-03-01,Current,291858.46,0,2022-03-04,Servicer_Feed
LN101813,2022-11-01,Current,188016.88,0,2022-07-01,Servicer_Feed
LN100688,2024-04-01,Current,164652.41794857706,0,2024-04-08,Servicer_Feed
LN101175,2024-03-01,Current,156827.19269859864,0,2024-03-08,Servicer_Feed
LN101643,2021-06-01,Current,417840.39,0,2021-06-09,Servicer_Feed
LN100021,2022-11-01,Current,150165.61,0,2022-11-03,Servicer_Feed
LN100776,2022-10-01,Current,155595.8372030181,0,2022-10-03,Servicer_Feed
LN100005,2023-04-01,Current,389046.87,0,2022-12-01,Servicer_Feed
LN101985,2023-08-01,Current,291058.34,0,2023-08-02,Servicer_Feed
LN100831,2020-11-01,Current,171501.33757259054,0,2020-11-07,Servicer_Feed
LN100595,2021-04-01,Current,126847.54860985628,0,2021-04-01,Servicer_Feed
LN100350,2023-08-01,Current,469007.19,0,2023-04-01,Servicer_Feed
LN100023,2024-02-01,Current,170114.44,0,2023-10-01,Servicer_Feed
LN100436,2024-12-01,Current,223129.68400643833,0,2024-12-08,Servicer_Feed
LN101587,2023-11-01,Current,161108.49,0,2023-11-03,Servicer_Feed
LN100253,2020-01-01,Current,259561.1,0,2020-01-09,Servicer_Feed
LN101188,2021-03-01,Current,422443.93,0,2021-03-02,Servicer_Feed
LN100006,2020-06-01,Current,230995.94,0,2020-06-04,Servicer_Feed
LN101961,2023-02-01,Current,244135.91,0,2023-02-10,Servicer_Feed
LN100878,2023-06-01,Current,179659.87,0,2023-06-10,Servicer_Feed
LN100955,2022-12-01,Current,343356.8172376719,0,2022-12-07,Servicer_Feed
LN100819,2020-08-01,Current,348276.75,0,2020-08-02,Servicer_Feed
LN100727,2024-01-01,Current,139963.49,0,2024-01-07,Servicer_Feed
LN101192,2023-12-01,Current,268091.78,0,2023-08-01,Servicer_Feed
LN101039,2022-11-01,Current,125025.21,0,2022-11-09,Servicer_Feed
LN100078,2023-08-01,Current,146964.01,0,2023-08-04,Servicer_Feed
LN100565,2020-12-01,Current,389360.25,0,2020-08-01,Servicer_Feed
LN101403,2024-05-01,Current,186598.1651386073,0,2024-05-04,Servicer_Feed
LN101511,2020-06-01,Current,336570.66,0,2020-06-05,Servicer_Feed
LN100137,2022-10-01,Current,176251.14636779553,0,2022-10-10,Servicer_Feed
LN101098,2022-01-01,Current,216664.55,0,2022-01-02,Servicer_Feed
LN100290,2020-09-01,Current,173077.13,0,2020-05-01,Servicer_Feed
LN101278,2021-06-01,Current,152887.86,0,2021-06-09,Servicer_Feed
LN101717,2023-12-01,Current,266572.44,0,2023-08-01,Servicer_Feed
LN100482,2024-06-01,Current,271042.89,0,2024-06-10,Servicer_Feed
LN101175,2021-03-01,Current,176118.08,0,2021-03-06,Servicer_Feed
LN100769,2024-06-01,Current,206979.38,0,2024-06-06,Servicer_Feed
LN101514,2022-09-01,Current,195832.46,0,2022-09-10,Servicer_Feed
LN100144,2023-05-01,30DPD,241219.02,30,2023-05-03,Servicer_Feed
LN100085,2024-05-01,Current,129493.96,0,2024-05-08,Servicer_Feed
LN101513,2020-01-01,Current,141768.06,0,2020-01-02,Servicer_Feed
LN101049,2023-03-01,Current,121339.83,0,2023-03-10,Servicer_Feed
LN101349,2020-01-01,Current,522003.94476032344,0,2020-01-04,Servicer_Feed
LN101670,2020-10-01,Current,294820.3,0,2020-10-02,Servicer_Feed
LN100945,2023-02-01,Current,177859.38,0,2023-02-07,Servicer_Feed
LN101305,2023-06-01,Current,297274.26,0,2023-06-09,Servicer_Feed
LN101239,2023-07-01,Current,299405.58,0,2023-07-04,Servicer_Feed
LN101068,2020-03-01,Current,119510.23,0,2020-03-01,Servicer_Feed
LN100608,2019-11-01,Current,151719.83729369068,0,2019-11-05,Servicer_Feed
LN101287,2022-02-01,Current,196400.32,0,2022-02-04,Servicer_Feed
LN101543,2020-08-01,Current,297029.15,0,2020-08-01,Servicer_Feed
LN101066,2022-05-01,Current,176227.81952265944,0,2022-05-04,Servicer_Feed
LN101143,2021-05-01,Current,173890.32263135473,0,2021-05-06,Servicer_Feed
LN101479,2021-03-01,Current,419920.37,0,2021-03-01,Servicer_Feed
LN101067,2021-08-01,Current,365800.17,0,2021-08-06,Servicer_Feed
LN100240,2020-01-01,Current,170750.80060572727,0,2020-01-06,Servicer_Feed
LN100014,2020-08-01,Current,274061.83,0,2020-08-06,Servicer_Feed
LN101680,2022-11-01,Current,250515.32,0,2022-07-01,Servicer_Feed
LN101355,2022-12-01,Current,215468.43,0,2022-12-10,Servicer_Feed
LN100245,2020-02-01,Current,124669.51,0,2020-02-06,Servicer_Feed
LN101518,2024-05-01,Current,150728.89,0,2024-05-03,Servicer_Feed
LN100333,2023-08-01,Current,349380.38,0,2023-08-02,Servicer_Feed
LN101436,2023-07-01,Current,87145.76,0,2023-07-01,Servicer_Feed
LN100823,2024-09-01,Current,157550.33,0,2024-09-08,Servicer_Feed
LN100991,2023-05-01,Current,236149.3,0,2023-05-08,Servicer_Feed
LN101960,2020-05-01,Current,330489.26,0,2020-05-09,Servicer_Feed
LN101938,2022-12-01,Current,215291.58,0,2022-12-09,Servicer_Feed
LN101146,2024-05-01,Current,207831.61,0,2024-01-01,Servicer_Feed
LN100429,2024-09-01,Current,238444.76158694125,0,2024-09-02,Servicer_Feed
LN101593,2021-11-01,Current,502103.74964709743,0,2021-11-05,Servicer_Feed
LN100600,2021-10-01,Current,134377.32,0,2021-10-05,Servicer_Feed
LN101811,2020-03-01,Current,636611.28,0,2020-03-01,Servicer_Feed
LN100201,2023-07-01,30DPD,289484.31,30,2023-07-07,Servicer_Feed
LN100181,2021-10-01,Current,411194.45,0,2021-06-01,Servicer_Feed
LN100386,2022-02-01,Current,318256.2786137948,0,2022-02-06,Servicer_Feed
LN100895,2024-12-01,Current,247434.6,0,2024-12-10,Servicer_Feed
LN101087,2024-06-01,Current,143991.74,0,2024-06-05,Servicer_Feed
LN101758,2020-10-01,Current,140760.01,0,2020-10-01,Servicer_Feed
LN100308,2023-03-01,Current,241090.61,0,2023-03-04,Servicer_Feed
LN100291,2020-04-01,Current,248266.3085013876,0,2020-04-04,Servicer_Feed
LN101642,2022-08-01,Current,187112.37,0,2022-08-03,Servicer_Feed
LN100427,2023-07-01,Current,198442.01,0,2023-07-09,Servicer_Feed
LN101080,2023-09-01,Current,274493.2,0,2023-09-01,Servicer_Feed
LN101062,2024-10-01,Current,233894.89164938187,0,2024-10-07,Servicer_Feed
LN101566,2023-01-01,Current,98746.91,0,2023-01-09,Servicer_Feed
LN101545,2022-11-01,Current,859513.1,0,2022-11-05,Servicer_Feed
LN100762,2020-11-01,Current,176670.91,0,2020-11-05,Servicer_Feed
LN101062,2021-03-01,Current,342992.72,0,2021-03-02,Servicer_Feed
LN101166,2021-04-01,Current,227630.73,0,2021-04-08,Servicer_Feed
LN100575,2023-05-01,Current,483022.76,0,2023-05-10,Servicer_Feed
LN101248,2021-11-01,Current,359473.13,0,2021-11-06,Servicer_Feed
LN100606,2023-09-01,Current,312136.24,0,2023-05-01,Servicer_Feed
LN101038,2023-01-01,30DPD,150025.69,30,2022-09-01,Servicer_Feed
LN101460,2023-11-01,Current,161007.82,0,2023-11-06,Servicer_Feed
LN100381,2021-05-01,Current,252663.16,0,2021-05-09,Servicer_Feed
LN100719,2023-05-01,Current,337629.86,0,2023-05-03,Servicer_Feed
LN101115,2024-04-01,Current,137344.69,0,2024-04-08,Servicer_Feed
LN101636,2019-12-01,Current,106223.00636053753,0,2019-12-06,Servicer_Feed
LN100524,2022-04-01,Current,225391.1,0,2022-04-01,Servicer_Feed
LN101259,2023-05-01,Current,318713.68,0,2023-05-03,Servicer_Feed
LN100748,2023-06-01,Current,207123.84039371676,0,2023-06-04,Servicer_Feed
LN101330,2023-11-01,Current,119135.64,0,2023-07-01,Servicer_Feed
LN100135,2023-10-01,Current,315879.62323098903,0,2023-10-09,Servicer_Feed
LN100126,2023-07-01,Prepaid,239664.3,0,2023-07-09,Servicer_Feed
LN100837,2024-02-01,Current,133408.72,0,2024-02-10,Servicer_Feed
LN101478,2023-11-01,Current,300112.74,0,2023-11-04,Servicer_Feed
LN100769,2023-07-01,Current,214822.59,0,2023-07-07,Servicer_Feed
LN100167,2019-07-01,Current,136292.04,0,2019-07-08,Servicer_Feed
LN101105,2024-08-01,Current,160754.72,0,2024-08-06,Servicer_Feed
LN100823,2022-12-01,60DPD,162331.63,60,2022-08-01,Servicer_Feed
LN101830,2023-08-01,Current,248782.91,0,2023-08-05,Servicer_Feed
LN101232,2022-09-01,Current,523709.23,0,2022-09-05,Servicer_Feed
LN100883,2023-05-01,Current,114316.49,0,2023-05-09,Servicer_Feed
LN100058,2021-10-01,Current,156247.8422819943,0,2021-10-05,Servicer_Feed
LN100548,2024-04-01,Current,187709.01,0,2024-04-08,Servicer_Feed
LN101878,2020-01-01,Current,629890.2279776518,0,2020-01-01,Servicer_Feed
LN100088,2023-03-01,Current,477138.47,0,2023-03-09,Servicer_Feed
LN100710,2023-07-01,Current,204452.83,0,2023-03-01,Servicer_Feed
LN100313,2022-02-01,Current,279945.64,0,2022-02-04,Servicer_Feed
LN100797,2020-10-01,Current,298214.8154821045,0,2020-10-06,Servicer_Feed
LN101426,2022-09-01,Current,194025.47,0,2022-09-03,Servicer_Feed
LN101592,2022-06-01,Current,95215.08,0,2022-06-03,Servicer_Feed
LN101775,2024-03-01,Current,180645.25,0,2024-03-05,Servicer_Feed
LN101473,2024-03-01,Current,476886.91,0,2023-11-01,Servicer_Feed
LN101232,2023-02-01,Current,519618.86,0,2023-02-06,Servicer_Feed
LN100510,2022-02-01,Current,205890.62,0,2022-02-01,Servicer_Feed
LN101226,2024-07-01,Current,386247.53,0,2024-07-01,Servicer_Feed
LN101391,2024-02-01,Current,193512.00589289004,0,2024-02-03,Servicer_Feed
LN101679,2024-03-01,Current,163586.03,0,2024-03-07,Servicer_Feed
LN100133,2022-05-01,Current,375893.73,0,2022-01-01,Servicer_Feed
LN100275,2023-03-01,Current,446452.2700041684,0,2023-03-06,Servicer_Feed
LN100867,2022-04-01,Current,453422.99,0,2021-12-01,Servicer_Feed
LN100247,2021-06-01,Current,188615.37,0,2021-06-01,Servicer_Feed
LN100346,2024-04-01,Current,364009.06,0,2024-04-06,Servicer_Feed
LN100701,2023-06-01,Current,171134.76,0,2023-06-10,Servicer_Feed
LN100466,2019-09-01,Current,187426.79,0,2019-09-04,Servicer_Feed
LN100476,2021-02-01,Current,184830.12,0,2021-02-05,Servicer_Feed
LN100491,2023-01-01,Current,184239.37,0,2023-01-03,Servicer_Feed
LN101419,2021-07-01,Current,119135.64,0,2021-07-10,Servicer_Feed
LN101409,2020-07-01,Current,300871.05,0,2020-07-06,Servicer_Feed
LN101449,2023-08-01,Current,272460.38,0,2023-08-08,Servicer_Feed
LN100515,2022-09-01,Current,501238.16,0,2022-09-10,Servicer_Feed
LN100797,2019-12-01,Current,273619.12,0,2019-12-10,Servicer_Feed
LN100074,2024-06-01,Current,269605.3249100882,0,2024-06-05,Servicer_Feed
LN101592,2022-05-01,Current,95361.58,0,2022-05-03,Servicer_Feed
LN101843,2024-01-01,Current,243553.47,0,2024-01-07,Servicer_Feed
LN100467,2022-11-01,30DPD,279673.25,30,2022-11-05,Servicer_Feed
LN101486,2022-10-01,Current,190613.88,0,2022-06-01,Servicer_Feed
LN100627,2024-09-01,Current,178387.21,0,2024-09-01,Servicer_Feed
LN100375,2023-11-01,Current,212527.82,0,2023-11-07,Servicer_Feed
LN101596,2019-07-01,Current,169657.77,0,2019-07-08,Servicer_Feed
LN100892,2023-12-01,Current,366452.61,0,2023-12-05,Servicer_Feed
LN100228,2021-11-01,Current,261083.49,0,2021-11-01,Servicer_Feed
LN101709,2020-06-01,Current,251855.98,0,2020-06-09,Servicer_Feed
LN100874,2019-04-01,Current,198288.39,0,2019-04-05,Servicer_Feed
LN100945,2021-03-01,Current,184818.47,0,2020-11-01,Servicer_Feed
LN100061,2021-08-01,Current,129303.32,0,2021-08-04,Servicer_Feed
LN100498,2023-04-01,Current,237288.34,0,2023-04-06,Servicer_Feed
LN100421,2024-03-01,Current,283545.97,0,2023-11-01,Servicer_Feed
LN101816,2023-04-01,Current,167125.7506066317,0,2023-04-02,Servicer_Feed
LN101921,2023-04-01,Current,595575.23,0,2023-04-01,Servicer_Feed
LN101577,2024-10-01,Current,294543.36,0,2024-10-04,Servicer_Feed
LN101622,2022-02-01,Current,509862.77,0,2022-02-08,Servicer_Feed
LN100731,2023-03-01,Current,218631.36,0,2023-06-01,Servicer_Feed
LN101868,2024-06-01,Current,371331.1,0,2024-06-06,Servicer_Feed
LN100214,2024-01-01,Current,256039.4,0,2024-01-01,Servicer_Feed
LN100803,2022-08-01,Current,140811.23,0,2022-04-01,Servicer_Feed
LN101961,2022-02-01,Current,285318.2554348104,0,2022-02-01,Servicer_Feed
LN100692,2024-08-01,60DPD,297105.03,60,2024-08-05,Servicer_Feed
LN101060,2023-01-01,Current,168158.03025944906,0,2023-01-10,Servicer_Feed
LN100283,2024-08-01,Current,166834.01,0,2024-08-10,Servicer_Feed
LN101056,2023-01-01,Current,79610.94,0,2023-01-05,Servicer_Feed
LN100142,2024-05-01,Current,153448.22,0,2024-05-03,Servicer_Feed
LN100842,2022-05-01,Current,505774.75,0,2022-05-08,Servicer_Feed
LN100715,2023-01-01,Current,356145.56,0,2023-01-06,Servicer_Feed
LN100080,2021-09-01,Current,423635.6731627963,0,2021-09-03,Servicer_Feed
LN101397,2022-07-01,Current,288041.54,0,2022-07-09,Servicer_Feed
LN101702,2024-09-01,Current,190674.24,0,2024-05-01,Servicer_Feed
LN100088,2022-07-01,Current,483867.06,0,2022-03-01,Servicer_Feed
LN100050,2023-07-01,Current,356228.98,0,2023-07-10,Servicer_Feed
LN101270,2020-12-01,Current,162035.76,0,2020-12-01,Servicer_Feed
LN101830,2024-10-01,Current,243116.06,0,2024-10-09,Servicer_Feed
LN100244,2022-04-01,Current,116317.36111311456,0,2022-04-07,Servicer_Feed
LN101116,2020-03-01,Current,333626.13,0,2020-03-05,Servicer_Feed
LN101923,2022-06-01,Current,234999.68,0,2022-06-01,Servicer_Feed
LN101197,2021-10-01,Current,283695.74,0,2021-10-08,Servicer_Feed
LN100703,2023-05-01,Current,135502.03,0,2023-05-06,Servicer_Feed
LN100742,2020-06-01,Current,237186.99,0,2020-06-06,Servicer_Feed
LN100343,2022-07-01,Current,190309.61,0,2022-07-03,Servicer_Feed
LN100029,2019-12-01,Current,144661.18,0,2019-12-07,Servicer_Feed
LN101427,2024-09-01,Current,150296.37,0,2024-09-04,Servicer_Feed
LN101636,2022-05-01,Current,222996.20777549144,0,2022-05-06,Servicer_Feed
LN101423,2024-02-01,Current,285504.5310011745,0,2024-02-10,Servicer_Feed
LN101831,2024-10-01,Current,358313.87,0,2024-10-05,Servicer_Feed
LN100555,2021-06-01,Current,182436.01,0,2021-02-01,Servicer_Feed
LN100090,2024-08-01,Current,127417.32,0,2024-08-09,Servicer_Feed
LN100448,2023-09-01,Current,406600.21,0,2023-09-03,Servicer_Feed
LN101517,2024-03-01,Current,323115.06,0,2024-03-03,Servicer_Feed
LN101579,2024-10-01,Current,303891.76,0,2024-10-06,Servicer_Feed
LN100841,2024-03-01,Current,254576.88,0,2024-03-01,Servicer_Feed
LN100087,2022-09-01,Prepaid,369376.26837136823,0,2022-09-02,Servicer_Feed
LN100814,2024-11-01,Current,169085.83,0,2024-11-03,Servicer_Feed
LN100642,2023-03-01,Current,305612.99,0,2023-03-07,Servicer_Feed
LN101524,2020-05-01,Current,148815.83,0,2020-05-03,Servicer_Feed
LN101533,2024-08-01,Current,291965.59156312083,0,2024-08-06,Servicer_Feed
LN100635,2024-09-01,Current,256824.11509396753,0,2024-09-08,Servicer_Feed
LN100064,2022-04-01,Current,97183.7,0,2022-04-04,Servicer_Feed
LN100045,2023-04-01,Current,166966.48,0,2022-12-01,Servicer_Feed
LN101300,2021-09-01,Current,267635.46,0,2021-09-10,Servicer_Feed
LN100402,2020-09-01,Current,118119.77,0,2020-09-04,Servicer_Feed
LN101534,2019-10-01,Current,128112.98,0,2019-06-01,Servicer_Feed
LN101844,2024-12-01,Current,198994.36,0,2024-12-04,Servicer_Feed
LN101538,2024-09-01,Current,453322.8627714562,0,2024-09-01,Servicer_Feed
LN101781,2023-11-01,Current,128781.47,0,2023-11-02,Servicer_Feed
LN100454,2024-01-01,Current,183039.97,0,2024-01-03,Servicer_Feed
LN100546,2019-07-01,Current,352773.61,0,2019-07-05,Servicer_Feed
LN100611,2024-01-01,Current,251394.01,0,2023-09-01,Servicer_Feed
LN101720,2019-10-01,Current,89064.1,0,2019-10-02,Servicer_Feed
LN101898,2023-11-01,Current,213752.34,0,2023-07-01,Servicer_Feed
LN101014,2024-09-01,Current,109576.54248348539,0,2024-09-06,Servicer_Feed
LN100685,2023-04-01,Current,264097.6,0,2023-04-10,Servicer_Feed
LN100402,2023-05-01,Current,111966.32,0,2023-05-05,Servicer_Feed
LN100539,2024-06-01,Current,59198.45,0,2024-02-01,Servicer_Feed
LN101811,2021-01-01,Current,626663.05,0,2021-01-07,Servicer_Feed
LN101690,2024-09-01,Current,170759.48,0,2024-09-08,Servicer_Feed
LN100620,2022-09-01,Current,190597.68,0,2022-09-04,Servicer_Feed
LN101205,2023-10-01,Current,154209.88,0,2023-10-06,Servicer_Feed
LN100695,2021-02-01,Current,271561.45,0,2021-02-06,Servicer_Feed
LN101314,2022-10-01,Current,310893.46,0,2022-06-01,Servicer_Feed
LN101914,2023-07-01,Current,280442.23091284867,0,2023-07-04,Servicer_Feed
LN100073,2022-06-01,Current,293040.15,0,2022-06-03,Servicer_Feed
LN101806,2023-01-01,Current,315847.92,0,2023-01-07,Servicer_Feed
LN101656,2023-05-01,Current,407170.09,0,2023-05-09,Servicer_Feed
LN100808,2023-05-01,Current,241383.45,0,2023-01-01,Servicer_Feed
LN100118,2024-09-01,Current,331625.29,0,2024-09-06,Servicer_Feed
LN101089,2024-02-01,Current,392510.99,0,2024-02-03,Servicer_Feed
LN100520,2023-02-01,Current,158656.5627304876,0,2023-02-01,Servicer_Feed
LN100076,2022-07-01,Current,220319.84,0,2022-07-04,Servicer_Feed
LN101026,2024-04-01,Current,244997.21,0,2024-04-01,Servicer_Feed
LN101065,2024-01-01,Current,371190.74,0,2024-01-01,Servicer_Feed
LN101049,2024-12-01,Current,116868.23,0,2024-12-02,Servicer_Feed
LN101322,2019-05-01,Current,285539.98621880636,0,2019-05-04,Servicer_Feed
LN100608,2021-08-01,Current,169241.62,0,2021-04-01,Servicer_Feed
LN100977,2019-10-01,Current,59357.69,0,2019-10-09,Servicer_Feed
LN100311,2021-04-01,Current,296484.2103204628,0,2021-04-03,Servicer_Feed
LN101006,2022-06-01,Current,128303.53,0,2022-06-09,Servicer_Feed
LN101189,2019-01-01,Current,167688.9,0,2019-01-02,Servicer_Feed
LN101118,2021-10-01,Current,300288.60581430886,0,2021-10-06,Servicer_Feed
LN100531,2022-07-01,Current,338444.04,0,2022-07-01,Servicer_Feed
LN100287,2020-02-01,Current,168659.52,0,2020-02-07,Servicer_Feed
LN101437,2023-09-01,Current,170427.01,0,2023-09-05,Servicer_Feed
LN100659,2021-10-01,Current,219360.06,0,2021-10-07,Servicer_Feed
LN100986,2019-07-01,Current,425001.1,0,2019-07-09,Servicer_Feed
LN100604,2022-01-01,Current,252364.4,0,2022-01-06,Servicer_Feed
LN101380,2023-08-01,Current,202874.72,0,2023-04-01,Servicer_Feed
LN100394,2022-12-01,Current,112296.65,0,2022-12-03,Servicer_Feed
LN101331,2024-12-01,Current,259362.70731837218,0,2024-12-01,Servicer_Feed
LN101882,2023-09-01,Current,272058.64,0,2023-09-02,Servicer_Feed
LN101478,2021-05-01,Current,333426.76,0,2021-05-02,Servicer_Feed
LN101844,2023-02-01,Current,181432.36807715296,0,2023-02-06,Servicer_Feed
LN101263,2020-07-01,Current,277521.99,0,2020-07-08,Servicer_Feed
LN100053,2020-04-01,Current,154164.76,0,2020-04-09,Servicer_Feed
LN100875,2023-05-01,Current,248017.28,0,2023-05-05,Servicer_Feed
LN101530,2021-02-01,Current,210194.88,0,2021-02-08,Servicer_Feed
LN100187,2022-01-01,Current,376455.96,0,2022-01-06,Servicer_Feed
LN101161,2024-06-01,Current,106769.15,0,2024-06-01,Servicer_Feed
LN101796,2022-08-01,Current,202698.79,0,2022-08-01,Servicer_Feed
LN101837,2022-08-01,Current,226295.11,0,2022-08-02,Servicer_Feed
LN101128,2024-01-01,Current,200677.41,0,2024-01-01,Servicer_Feed
LN100726,2021-04-01,Current,240032.99,0,2021-04-03,Servicer_Feed
LN101562,2021-06-01,Current,160624.36,0,2021-06-03,Servicer_Feed
LN101103,2022-07-01,Current,427375.4,0,2022-03-01,Servicer_Feed
LN100235,2024-08-01,Current,77451.23,0,2024-08-03,Servicer_Feed
LN100251,2022-05-01,Current,264042.69,0,2022-01-01,Servicer_Feed
LN101337,2020-10-01,Current,503217.19,0,2020-10-04,Servicer_Feed
LN100382,2022-09-01,Current,448678.9424604155,0,2022-09-09,Servicer_Feed
LN100156,2022-05-01,Current,306492.02,0,2022-05-05,Servicer_Feed
LN100878,2024-08-01,Current,175627.18,0,2024-08-09,Servicer_Feed
LN100841,2023-04-01,Current,259006.78,0,2023-04-06,Servicer_Feed
LN100812,2024-02-01,30DPD,179070.0,30,2024-02-01,Servicer_Feed
LN101336,2023-10-01,Prepaid,154893.45,0,2023-10-04,Servicer_Feed
LN100484,2021-06-01,Current,364991.91,0,2021-06-02,Servicer_Feed
LN101098,2024-11-01,Current,150614.47963522852,0,2024-11-05,Servicer_Feed
LN100102,2024-02-01,Current,212345.59,0,2024-02-09,Servicer_Feed
LN101602,2022-11-01,Current,154557.35,0,2022-11-08,Servicer_Feed
LN100620,2022-05-01,Current,191830.52,0,2022-05-09,Servicer_Feed
LN101096,2024-07-01,Current,462623.39,0,2024-07-07,Servicer_Feed
LN100545,2024-09-01,Current,206992.93,0,2024-09-04,Servicer_Feed
LN101074,2022-11-01,Current,576794.9291530013,0,2022-11-01,Servicer_Feed
LN100014,2021-11-01,60DPD,347269.66751242965,60,2021-11-09,Servicer_Feed
LN101956,2019-10-01,Current,483171.34722021094,0,2019-10-07,Servicer_Feed
LN100742,2023-08-01,Current,224836.9,0,2023-08-02,Servicer_Feed
LN100635,2022-10-01,Current,301996.89,0,2022-10-10,Servicer_Feed
LN101708,2024-05-01,Current,230039.44,0,2024-05-03,Servicer_Feed
LN101722,2023-07-01,Current,408916.9239552477,0,2023-07-06,Servicer_Feed
LN101048,2024-09-01,Current,434538.3403558409,0,2024-09-10,Servicer_Feed
LN100587,2024-04-01,30DPD,211643.91,30,2024-04-05,Servicer_Feed
LN101966,2022-12-01,Current,148949.41,0,2022-12-01,Servicer_Feed
LN100572,2024-07-01,Current,359026.65,0,2024-07-06,Servicer_Feed
LN101017,2024-08-01,Current,416912.7,0,2024-08-10,Servicer_Feed
LN101309,2024-05-01,Current,135875.98,0,2024-05-05,Servicer_Feed
LN100109,2023-10-01,Prepaid,356731.30495308194,0,2023-10-04,Servicer_Feed
LN101358,2020-11-01,Current,192700.41,0,2020-11-06,Servicer_Feed
LN101074,2023-03-01,Current,410422.87,0,2022-11-01,Servicer_Feed
LN100503,2021-12-01,Current,896183.0785853835,0,2021-12-07,Servicer_Feed
LN100116,2024-11-01,Current,129161.23,0,2024-11-01,Servicer_Feed
LN101648,2023-12-01,Current,187169.6,0,2023-12-02,Servicer_Feed
LN100016,2024-08-01,Current,68623.38,0,2024-08-01,Servicer_Feed
LN101217,2024-11-01,Current,521724.45,0,2024-11-05,Servicer_Feed
LN100019,2022-07-01,Current,156222.22,0,2022-07-03,Servicer_Feed
LN101378,2023-04-01,Current,174691.11,0,2022-12-01,Servicer_Feed
LN101068,2024-03-01,Current,99730.44,0,2024-03-04,Servicer_Feed
LN100555,2024-04-01,Current,171982.77,0,2024-04-10,Servicer_Feed
LN100403,2022-08-01,Current,374775.66,0,2022-08-02,Servicer_Feed
LN100412,2021-05-01,Current,289407.68,0,2021-05-03,Servicer_Feed
LN100332,2022-11-01,Current,326814.6,0,2022-11-07,Servicer_Feed
LN100360,2023-05-01,Current,258617.14,0,2023-01-01,Servicer_Feed
LN100730,2024-10-01,Current,177238.04,0,2024-10-02,Servicer_Feed
LN100314,2024-11-01,Current,148938.83,0,2024-11-01,Servicer_Feed
LN101897,2022-04-01,Current,279668.26514196035,0,2022-04-10,Servicer_Feed
LN101340,2023-06-01,Current,217539.95,0,2023-02-01,Servicer_Feed
LN100825,2022-06-01,Current,160794.72,0,2022-06-02,Servicer_Feed
LN101074,2020-07-01,Current,457007.07,0,2020-07-01,Servicer_Feed
LN101796,2021-06-01,Current,207311.82,0,2021-02-01,Servicer_Feed
LN101091,2024-10-01,Current,327940.64,0,2024-10-01,Servicer_Feed
LN100729,2022-06-01,Current,100068.34,0,2022-06-10,Servicer_Feed
LN101745,2019-04-01,Current,181190.71,0,2019-04-02,Servicer_Feed
LN100767,2023-09-01,Current,271926.28,0,2023-09-01,Servicer_Feed
LN101590,2021-06-01,Current,210840.23,0,2021-02-01,Servicer_Feed
LN100723,2024-06-01,Current,594850.9199246109,0,2024-06-04,Servicer_Feed
LN100378,2023-12-01,Current,119817.17,0,2023-12-06,Servicer_Feed
LN100839,2024-09-01,Current,320554.82,0,2024-09-01,Servicer_Feed
LN100129,2024-01-01,Current,224207.39,0,2024-01-05,Servicer_Feed
LN101455,2021-02-01,Current,224727.3,0,2021-02-01,Servicer_Feed
LN100913,2024-01-01,Current,198436.94329439732,0,2024-01-05,Servicer_Feed
LN100290,2023-06-01,Current,153242.42,0,2023-06-07,Servicer_Feed
LN101185,2021-03-01,Current,235119.06,0,2021-03-10,Servicer_Feed
LN101495,2019-07-01,Current,256301.9949208265,0,2019-07-06,Servicer_Feed
LN100164,2022-05-01,Current,208202.36,0,2022-05-01,Servicer_Feed
LN101092,2023-01-01,Current,140140.47,0,2022-09-01,Servicer_Feed
LN101791,2023-08-01,Current,353401.58,0,2023-08-03,Servicer_Feed
LN100460,2023-09-01,Current,174615.89,0,2023-09-05,Servicer_Feed
LN100445,2021-06-01,Current,222141.2712096577,0,2021-06-02,Servicer_Feed
LN100503,2024-11-01,Current,268514.15,0,2024-07-01,Servicer_Feed
LN101151,2022-09-01,Current,101711.62,0,2022-09-06,Servicer_Feed
LN100896,2024-10-01,Current,370670.2163012165,0,2024-10-07,Servicer_Feed
LN101222,2021-11-01,Current,220774.24,0,2021-11-09,Servicer_Feed
LN101750,2024-07-01,Current,226969.48,0,2024-07-04,Servicer_Feed
LN101489,2022-07-01,Current,285461.81,0,2022-07-06,Servicer_Feed
LN101535,2024-03-01,Current,75254.03,0,2023-11-01,Servicer_Feed
LN100389,2020-11-01,Current,1338638.2145938089,0,2020-07-01,Servicer_Feed
LN100114,2021-09-01,Current,369996.4,0,2021-09-07,Servicer_Feed
LN101961,2023-04-01,Current,243350.16,0,2023-04-02,Servicer_Feed
LN100986,2023-01-01,Current,389216.9852188739,0,2023-01-07,Servicer_Feed
LN101800,2023-02-01,Current,242859.78,0,2023-02-05,Servicer_Feed
LN100668,2020-05-01,Current,259683.18,0,2020-05-04,Servicer_Feed
LN100425,2024-12-01,Current,99313.61,0,2024-12-01,Servicer_Feed
LN100288,2022-10-01,Current,300325.58,0,2022-10-03,Servicer_Feed
LN101409,2024-08-01,Current,277146.45,0,2024-08-10,Servicer_Feed
LN100225,2024-02-01,Current,246764.47,0,2024-02-07,Servicer_Feed
LN100457,2022-11-01,Current,450876.26,0,2022-11-01,Servicer_Feed
LN100792,2023-10-01,Current,143719.27,0,2023-10-10,Servicer_Feed
LN101314,2020-06-01,Current,342761.54,0,2020-06-08,Servicer_Feed
LN101157,2019-09-01,Current,234621.35,0,2019-09-08,Servicer_Feed
LN101002,2024-12-01,30DPD,393095.3,30,2024-12-01,Servicer_Feed
LN100416,2023-05-01,Current,332101.84,0,2023-05-08,Servicer_Feed
LN101972,2022-08-01,Current,223321.56,0,2022-08-05,Servicer_Feed
LN101699,2023-11-01,Current,160024.08,0,2023-11-05,Servicer_Feed
LN101525,2023-02-01,Current,611826.25,0,2023-02-01,Servicer_Feed
LN101883,2023-11-01,Current,199360.94,0,2023-11-09,Servicer_Feed
LN100122,2022-11-01,Current,287481.26,0,2022-07-01,Servicer_Feed
LN100491,2023-07-01,Current,182326.66,0,2023-07-08,Servicer_Feed
LN101411,2020-07-01,Current,385923.95,0,2020-03-01,Servicer_Feed
LN100751,2022-04-01,Current,141332.0,0,2021-12-01,Servicer_Feed
LN100786,2021-06-01,Current,399227.7,0,2021-06-06,Servicer_Feed
LN100516,2021-11-01,Current,255352.47,0,2021-07-01,Servicer_Feed
LN101106,2024-12-01,Current,368558.49,0,2024-12-04,Servicer_Feed
LN100141,2024-03-01,Current,197035.21,0,2024-03-02,Servicer_Feed
LN100995,2024-08-01,Current,50163.168684906086,0,2024-08-01,Servicer_Feed
LN101244,2024-06-01,Current,190088.4491571775,0,2024-06-01,Servicer_Feed
LN101450,2022-07-01,Current,484173.09,0,2022-07-02,Servicer_Feed
LN101371,2021-11-01,Current,214971.98,0,2021-11-06,Servicer_Feed
LN100332,2023-09-01,Current,407962.16084258934,0,2023-09-05,Servicer_Feed
LN100640,2021-01-01,Current,101224.89,0,2021-01-05,Servicer_Feed
LN101069,2022-05-01,Current,202617.7,0,2022-05-01,Servicer_Feed
LN100979,2023-11-01,Current,142046.73,0,2023-07-01,Servicer_Feed
LN100068,2023-08-01,Current,403911.21,0,2023-08-10,Servicer_Feed
LN101503,2024-07-01,Current,357956.83,0,2024-03-01,Servicer_Feed
LN101512,2020-07-01,Current,150468.70882829904,0,2020-07-09,Servicer_Feed
LN101500,2021-07-01,Current,276596.02,0,2021-07-09,Servicer_Feed
LN100123,2023-07-01,Current,407435.12746005575,0,2023-07-06,Servicer_Feed
LN101317,2020-01-01,Current,249887.33,0,2020-01-08,Servicer_Feed
LN100315,2023-04-01,Current,319815.10802870017,0,2023-04-03,Servicer_Feed
LN101732,2020-12-01,Current,197286.81507633775,0,2020-12-10,Servicer_Feed
LN100039,2022-03-01,Current,241457.96,0,2021-11-01,Servicer_Feed
LN101303,2021-12-01,Current,155383.21,0,2021-08-01,Servicer_Feed
LN101241,2020-03-01,Current,277594.69,0,2020-03-01,Servicer_Feed
LN101335,2022-01-01,Current,403084.94,0,2022-01-07,Servicer_Feed
LN100185,2019-05-01,Current,278091.64,0,2019-05-03,Servicer_Feed
LN101553,2024-06-01,Current,209972.5,0,2024-02-01,Servicer_Feed
LN100680,2024-05-01,Current,364531.99,0,2024-05-07,Servicer_Feed
LN100806,2023-04-01,Current,62631.23,0,2023-04-06,Servicer_Feed
LN100925,2023-02-01,Current,266350.27,0,2023-02-10,Servicer_Feed
LN100944,2020-03-01,Current,221473.04,0,2020-03-09,Servicer_Feed
LN100286,2023-12-01,Current,293342.55,0,2023-12-07,Servicer_Feed
LN100258,2024-08-01,Current,268153.12,0,2024-04-01,Servicer_Feed
LN100119,2022-12-01,Current,199291.65,0,2022-12-04,Servicer_Feed
LN101566,2024-11-01,Current,95224.29,0,2024-11-10,Servicer_Feed
LN101011,2023-08-01,Current,151668.57,0,2023-08-05,Servicer_Feed
LN100669,2021-09-01,Prepaid,208532.75,0,2021-09-10,Servicer_Feed
LN101055,2023-10-01,Current,207502.75,0,2023-10-10,Servicer_Feed
LN100909,2023-05-01,Current,280201.9,0,2023-01-01,Servicer_Feed
LN101336,2021-10-01,Current,167682.64,0,2021-10-08,Servicer_Feed
LN101987,2024-03-01,Current,305176.59,0,2024-03-09,Servicer_Feed
LN101189,2024-10-01,Current,321835.8357571692,0,2024-10-06,Servicer_Feed
LN100437,2024-04-01,Current,235427.37,0,2023-12-01,Servicer_Feed
LN100392,2020-05-01,Current,268518.94,0,2020-05-06,Servicer_Feed
LN100545,2024-10-01,Current,206618.44,0,2024-10-02,Servicer_Feed
LN100629,2024-12-01,Current,292960.13,0,2024-12-04,Servicer_Feed
LN101539,2024-03-01,Current,204046.51,0,2024-03-04,Servicer_Feed
LN100845,2023-02-01,Current,286691.38,0,2023-02-05,Servicer_Feed
LN100678,2024-06-01,Current,257032.51,0,2024-06-09,Servicer_Feed
LN101804,2024-07-01,Current,89548.67,0,2024-07-03,Servicer_Feed
LN101531,2024-02-01,Current,270843.21,0,2024-02-07,Servicer_Feed
LN100667,2024-09-01,Current,225438.74,0,2024-09-01,Servicer_Feed
LN100249,2019-10-01,Current,259590.99,0,2019-10-09,Servicer_Feed
LN100455,2021-04-01,Current,189612.77,0,2021-04-07,Servicer_Feed
LN100469,2024-01-01,Current,173620.83,0,2023-09-01,Servicer_Feed
LN100291,2021-10-01,Current,185040.42,0,2021-10-05,Servicer_Feed
LN101362,2021-08-01,Current,152110.91,0,2021-08-09,Servicer_Feed
LN101106,2020-04-01,Current,406115.32,0,2020-04-02,Servicer_Feed
LN101777,2023-07-01,Current,331963.06,0,2023-07-03,Servicer_Feed
LN100385,2020-11-01,Current,176018.55970971624,0,2020-11-05,Servicer_Feed
LN101031,2024-03-01,Current,89844.54,0,2024-03-08,Servicer_Feed
LN101693,2023-10-01,Current,183035.9578239341,0,2023-10-08,Servicer_Feed
LN100674,2023-12-01,Current,351367.85,0,2023-12-01,Servicer_Feed
LN101081,2023-01-01,Current,424363.51,0,2022-09-01,Servicer_Feed
LN100388,2022-10-01,Current,188722.83,0,2022-10-01,Servicer_Feed
LN101347,2023-04-01,Current,203624.84,0,2023-04-05,Servicer_Feed
LN101503,2023-12-01,Current,439349.09638943704,0,2023-12-06,Servicer_Feed
LN101157,2020-08-01,Current,230631.08,0,2020-04-01,Servicer_Feed
LN101957,2024-12-01,Current,307201.1,0,2024-12-09,Servicer_Feed
LN100709,2022-12-01,Current,163946.27,0,2022-12-01,Servicer_Feed
LN100867,2023-02-01,30DPD,489966.16210068937,30,2023-02-01,Servicer_Feed
LN100528,2020-12-01,Current,140715.08,0,2020-12-05,Servicer_Feed
LN100251,2021-07-01,Current,268410.87,0,2021-07-07,Servicer_Feed
LN100392,2021-10-01,Current,253776.32,0,2021-06-01,Servicer_Feed
LN101561,2020-11-01,Current,228674.1,0,2020-11-08,Servicer_Feed
LN100460,2019-07-01,Current,160377.32675162167,0,2019-07-07,Servicer_Feed
LN101486,2023-08-01,Current,183713.78,0,2023-08-04,Servicer_Feed
LN100509,2024-03-01,Current,376979.8,0,2023-11-01,Servicer_Feed
LN101132,2023-06-01,Current,226228.13,0,2023-02-01,Servicer_Feed
LN101992,2024-06-01,Current,196100.31,0,2024-02-01,Servicer_Feed
LN100005,2022-05-01,Current,395996.6,0,2022-05-02,Servicer_Feed
LN100128,2023-10-01,Current,189223.26,0,2023-06-01,Servicer_Feed
LN100369,2022-12-01,Current,177384.49,0,2022-12-07,Servicer_Feed
LN100623,2021-11-01,Current,157990.4,0,2021-11-05,Servicer_Feed
LN101798,2024-01-01,Current,82263.40060999172,0,2024-01-07,Servicer_Feed
LN100096,2024-09-01,Current,130139.73,0,2024-09-10,Servicer_Feed
LN101610,2023-06-01,Current,291070.79,0,2023-06-05,Servicer_Feed
LN101497,2023-10-01,Current,128092.28905094242,0,2023-10-08,Servicer_Feed
LN100287,2023-07-01,Current,146432.0,0,2023-03-01,Servicer_Feed
LN101437,2020-09-01,Current,180734.51,0,2020-09-07,Servicer_Feed
LN100436,2022-05-01,Current,234674.32,0,2022-05-02,Servicer_Feed
LN100185,2019-07-01,Current,277234.24,0,2019-03-01,Servicer_Feed
LN100086,2021-09-01,Current,427736.13,0,2021-05-01,Servicer_Feed
LN100650,2024-07-01,Current,483407.46,0,2024-07-01,Servicer_Feed
LN100183,2023-03-01,Current,550372.0758253039,0,2023-03-07,Servicer_Feed
LN100175,2023-04-01,Current,708035.84,0,2023-04-03,Servicer_Feed
LN100498,2019-07-01,Current,254222.51,0,2019-07-04,Servicer_Feed
LN100783,2024-03-01,Current,106108.53,0,2023-11-01,Servicer_Feed
LN101847,2023-04-01,Current,266985.53,0,2023-04-07,Servicer_Feed
LN100269,2022-11-01,Current,173740.6171615774,0,2022-11-08,Servicer_Feed
LN100584,2023-01-01,Current,161430.14335274044,0,2023-01-02,Servicer_Feed
LN101364,2024-09-01,Current,163799.11,0,2024-09-07,Servicer_Feed
LN101548,2022-02-01,Current,149198.47755169982,0,2022-02-08,Servicer_Feed
LN101094,2024-08-01,30DPD,429464.36,30,2024-04-01,Servicer_Feed
LN101358,2021-05-01,Current,188912.13,0,2021-05-07,Servicer_Feed
LN100581,2022-06-01,Current,180844.98,0,2022-02-01,Servicer_Feed
LN101082,2024-02-01,Current,237595.91,0,2024-02-01,Servicer_Feed
LN101587,2020-09-01,Current,171746.63,0,2020-09-08,Servicer_Feed
LN101782,2024-08-01,Current,194859.9,0,2024-08-01,Servicer_Feed
LN101250,2020-10-01,Current,238577.19,0,2020-06-01,Servicer_Feed
LN100345,2024-05-01,Current,217286.45,0,2024-01-01,Servicer_Feed
LN101064,2024-05-01,Current,108095.23,0,2024-05-05,Servicer_Feed
LN100990,2024-10-01,Current,655965.23,0,2024-10-06,Servicer_Feed
LN100129,2023-09-01,Current,225640.76,0,2023-09-07,Servicer_Feed
LN100824,2024-03-01,Current,490298.3,0,2023-11-01,Servicer_Feed
LN101135,2024-08-01,Current,346053.23,0,2024-08-10,Servicer_Feed
LN101511,2023-03-01,Current,244227.11014299525,0,2023-03-07,Servicer_Feed
LN100561,2023-03-01,Current,183842.14,0,2023-03-10,Servicer_Feed
LN100201,2024-10-01,Current,274535.95,0,2024-10-08,Servicer_Feed
LN100066,2022-01-01,Current,147706.91851965574,0,2022-01-10,Servicer_Feed
LN101642,2021-06-01,Current,191487.06,0,2021-06-01,Servicer_Feed
LN101930,2021-04-01,Current,309494.17,0,2021-04-01,Servicer_Feed
LN101953,2023-12-01,Current,160556.43,0,2023-12-01,Servicer_Feed
LN101347,2024-08-01,Current,190962.76,0,2024-04-01,Servicer_Feed
LN100794,2024-09-01,Current,263707.95,0,2024-05-01,Servicer_Feed
LN100117,2021-06-01,Current,167201.44,0,2021-06-04,Servicer_Feed
LN101857,2023-07-01,Current,355366.24,0,2023-07-07,Servicer_Feed
LN100652,2024-04-01,Current,142560.77,0,2023-12-01,Servicer_Feed
LN101191,2019-09-01,Current,204061.85,0,2019-09-05,Servicer_Feed
LN100388,2023-03-01,Current,187273.53,0,2022-11-01,Servicer_Feed
LN100959,2024-10-01,Current,442598.08,0,2024-10-09,Servicer_Feed
LN100446,2024-12-01,Current,369331.49,0,2024-12-01,Servicer_Feed
LN100007,2019-07-01,Current,619619.22,0,2019-07-02,Servicer_Feed
LN100986,2022-08-01,Current,399980.27,0,2022-08-07,Servicer_Feed
LN101737,2020-12-01,Current,139857.02,0,2020-08-01,Servicer_Feed
LN100115,2020-01-01,Current,241938.14,0,2020-01-10,Servicer_Feed
LN100031,2024-10-01,Current,353627.81,0,2024-10-06,Servicer_Feed
LN100873,2021-06-01,Current,113804.59814188532,0,2021-06-10,Servicer_Feed
LN101236,2021-09-01,Current,398997.45230908453,0,2021-09-03,Servicer_Feed
LN101048,2023-02-01,Current,410958.52,0,2022-10-01,Servicer_Feed
LN100473,2023-05-01,Current,198718.52,0,2023-05-03,Servicer_Feed
LN100094,2023-06-01,Current,285887.37,0,2023-02-01,Servicer_Feed
LN100573,2023-01-01,Current,234795.44827097384,0,2023-01-04,Servicer_Feed
LN101893,2021-06-01,Current,221253.83,0,2021-06-10,Servicer_Feed
LN100327,2023-09-01,Current,465290.51303950517,0,2023-09-04,Servicer_Feed
LN100968,2023-11-01,Current,180937.18,0,2023-11-10,Servicer_Feed
LN101028,2021-12-01,Current,175913.68,0,2021-12-09,Servicer_Feed
LN101797,2019-10-01,Prepaid,452912.76,0,2019-10-05,Servicer_Feed
LN100839,2022-10-01,Current,332540.89,0,2022-10-07,Servicer_Feed
LN100076,2020-01-01,Current,245281.34,0,2020-01-04,Servicer_Feed
LN101106,2023-12-01,Current,376863.41,0,2023-12-03,Servicer_Feed
LN101568,2024-03-01,Current,560223.1016582823,0,2023-11-01,Servicer_Feed
LN100932,2023-03-01,Current,567499.02,0,2022-11-01,Servicer_Feed
LN101478,2021-01-01,Current,337663.93,0,2021-01-07,Servicer_Feed
LN100642,2023-07-01,Current,303613.87,0,2023-07-07,Servicer_Feed
LN100212,2024-02-01,Current,434908.06,0,2024-02-07,Servicer_Feed
LN101289,2020-08-01,Current,228724.98,0,2020-04-01,Servicer_Feed
LN101926,2024-04-01,Current,296315.1158773244,0,2024-04-10,Servicer_Feed
LN101258,2022-06-01,Current,301547.83,0,2022-06-09,Servicer_Feed
LN101663,2021-03-01,Current,107804.38,0,2021-03-09,Servicer_Feed
LN100932,2023-06-01,Prepaid,738306.420961713,0,2023-06-05,Servicer_Feed
LN101509,2022-09-01,Current,201833.97,0,2022-05-01,Servicer_Feed
LN101625,2024-12-01,Current,149985.78515685874,0,2024-12-07,Servicer_Feed
LN100629,2023-08-01,Current,300825.3,0,2023-08-04,Servicer_Feed
LN101542,2022-01-01,Current,276219.44,0,2022-01-08,Servicer_Feed
LN100746,2021-08-01,Current,431975.68,0,2021-04-01,Servicer_Feed
LN101080,2024-09-01,Current,256385.446719915,0,2024-09-09,Servicer_Feed
LN100955,2021-06-01,Current,259606.04,0,2021-06-09,Servicer_Feed
LN101525,2023-09-01,Current,605598.47,0,2023-09-04,Servicer_Feed
LN100424,2024-03-01,Current,296881.45,0,2023-11-01,Servicer_Feed
LN101303,2021-07-01,Current,156653.64,0,2021-07-07,Servicer_Feed
LN101332,2024-07-01,Current,373682.37,0,2024-07-08,Servicer_Feed
LN101486,2022-07-01,Current,192644.34,0,2022-07-02,Servicer_Feed
LN101312,2024-08-01,Current,207661.97,0,2024-08-04,Servicer_Feed
LN100831,2023-04-01,Current,157928.97,0,2023-04-01,Servicer_Feed
LN100347,2024-06-01,Current,248618.66,0,2024-06-03,Servicer_Feed
LN100269,2019-11-01,Current,162923.36,0,2019-11-10,Servicer_Feed
LN101692,2022-04-01,Current,366041.47,0,2022-04-09,Servicer_Feed
LN100779,2020-06-01,Current,453205.64,0,2020-06-05,Servicer_Feed
LN101297,2021-05-01,Current,218677.51,0,2021-05-08,Servicer_Feed
LN100356,2024-01-01,Current,265587.75,0,2023-09-01,Servicer_Feed
LN101376,2022-12-01,Current,222282.54,0,2022-12-04,Servicer_Feed
LN101010,2024-08-01,Current,107434.12,0,2024-08-03,Servicer_Feed
LN100875,2021-12-01,Current,254918.93,0,2021-12-10,Servicer_Feed
LN101779,2023-05-01,Current,427396.81,0,2023-05-05,Servicer_Feed
LN101312,2023-03-01,Current,214049.03,0,2023-03-04,Servicer_Feed
LN100351,2021-06-01,Current,288459.85,0,2021-06-01,Servicer_Feed
LN101759,2020-11-01,Current,266467.95,0,2020-07-01,Servicer_Feed
LN101923,2023-09-01,Current,229294.31,0,2023-09-05,Servicer_Feed
LN100230,2023-10-01,Current,184776.84,0,2023-10-04,Servicer_Feed
LN101134,2024-05-01,Current,118339.57,0,2024-05-07,Servicer_Feed
LN100419,2024-11-01,Current,327215.7217219169,0,2024-11-01,Servicer_Feed
LN101426,2023-04-01,Current,191826.1,0,2023-04-09,Servicer_Feed
LN101121,2024-03-01,Current,673943.3301677494,0,2024-03-07,Servicer_Feed
LN101998,2023-10-01,Current,340476.14,0,2023-10-10,Servicer_Feed
LN100872,2023-09-01,Current,208834.77,0,2023-09-03,Servicer_Feed
LN101150,2024-09-01,Current,106242.12167646171,0,2024-09-03,Servicer_Feed
LN101196,2019-11-01,Prepaid,459377.97,0,2019-11-05,Servicer_Feed
LN100849,2023-04-01,Current,112892.71140960067,0,2023-04-01,Servicer_Feed
LN101536,2024-12-01,Current,129281.85573607478,0,2024-12-02,Servicer_Feed
LN100389,2022-06-01,Current,518519.33,0,2022-06-03,Servicer_Feed
LN100365,2022-11-01,Current,101245.18,0,2022-11-02,Servicer_Feed
LN100336,2021-08-01,Current,99248.56,0,2021-08-10,Servicer_Feed
LN101546,2020-08-01,Current,380383.9,0,2020-08-07,Servicer_Feed
LN101778,2021-07-01,Current,369550.97,0,2021-03-01,Servicer_Feed
LN100084,2024-04-01,Current,201909.62,0,2024-04-10,Servicer_Feed
LN100718,2020-12-01,Current,281510.99,0,2020-12-04,Servicer_Feed
LN101093,2020-03-01,Current,109333.17,0,2020-03-03,Servicer_Feed
LN101468,2024-07-01,Current,81010.34,0,2024-07-03,Servicer_Feed
LN101620,2020-11-01,Current,93178.37,0,2020-07-01,Servicer_Feed
LN101486,2022-02-01,Current,195990.1,0,2022-02-01,Servicer_Feed
LN100755,2022-09-01,Current,219774.38,0,2022-09-09,Servicer_Feed
LN101202,2021-06-01,Current,293937.97,0,2021-06-05,Servicer_Feed
LN100594,2022-02-01,Current,150274.63,0,2022-02-03,Servicer_Feed
LN100385,2021-12-01,Current,184721.87,0,2021-12-07,Servicer_Feed
LN100390,2024-02-01,Current,80529.77,0,2024-02-09,Servicer_Feed
LN101213,2021-07-01,90DPD,291920.79,95,2021-07-09,Servicer_Feed
LN100418,2022-11-01,Current,152830.1,0,2022-07-01,Servicer_Feed
LN100594,2024-11-01,Current,131582.81,0,2024-11-03,Servicer_Feed
LN100595,2021-08-01,Current,132657.28,0,2021-08-06,Servicer_Feed
LN101193,2024-07-01,Current,203331.1,0,2024-07-03,Servicer_Feed
LN101508,2024-10-01,Current,171894.41,0,2024-10-06,Servicer_Feed
LN101284,2023-07-01,Current,93318.48,0,2023-07-08,Servicer_Feed
LN100269,2020-10-01,Current,160104.94,0,2020-10-06,Servicer_Feed
LN100735,2021-04-01,Current,577886.73,0,2021-04-01,Servicer_Feed
LN101817,2023-11-01,Current,179767.94,0,2023-11-06,Servicer_Feed
LN100657,2022-09-01,Current,364462.51,0,2022-09-01,Servicer_Feed
LN101343,2024-02-01,Current,453182.1632983084,0,2024-02-03,Servicer_Feed
LN101007,2024-03-01,30DPD,475120.48,30,2024-03-03,Servicer_Feed
LN101095,2022-06-01,Current,113605.11,0,2022-06-10,Servicer_Feed
LN100107,2022-11-01,Current,378329.33169770235,0,2022-11-10,Servicer_Feed
LN100381,2024-04-01,Current,238703.96,0,2024-04-09,Servicer_Feed
LN100554,2019-11-01,Current,363488.34,0,2019-11-09,Servicer_Feed
LN100802,2021-03-01,Current,333293.46,0,2021-03-03,Servicer_Feed
LN101899,2024-04-01,60DPD,145428.5014057093,60,2024-04-03,Servicer_Feed
LN100008,2021-02-01,Current,319158.01,0,2021-02-05,Servicer_Feed
LN101773,2022-04-01,Current,223477.2,0,2022-04-08,Servicer_Feed
LN100094,2020-01-01,Current,315083.60606035375,0,2020-01-10,Servicer_Feed
LN101901,2022-03-01,Current,228516.01,0,2022-03-05,Servicer_Feed
LN100804,2024-08-01,Current,236252.46,0,2024-08-08,Servicer_Feed
LN101501,2021-02-01,Current,261473.31445308257,0,2021-02-07,Servicer_Feed
LN100652,2020-01-01,Current,155205.6,0,2019-09-01,Servicer_Feed
LN100342,2020-11-01,Current,417273.93,0,2020-11-09,Servicer_Feed
LN100813,2019-12-01,Current,220468.54558224574,0,2019-12-03,Servicer_Feed
LN100780,2023-08-01,Current,125035.04,0,2023-08-03,Servicer_Feed
LN101344,2021-06-01,Current,366444.87,0,2021-06-07,Servicer_Feed
LN101094,2024-07-01,Current,429464.36,0,2024-07-03,Servicer_Feed
LN101068,2023-06-01,Current,132594.07838544575,0,2023-06-09,Servicer_Feed
LN101464,2022-06-01,Current,194099.57,0,2022-06-01,Servicer_Feed
LN101192,2022-10-01,Current,274359.77,0,2022-10-09,Servicer_Feed
LN101092,2023-10-01,Current,135611.52,0,2023-10-10,Servicer_Feed
LN100475,2022-07-01,Current,760420.12,0,2022-07-06,Servicer_Feed
LN101344,2023-12-01,Current,348359.1,0,2023-12-09,Servicer_Feed
LN101273,2023-11-01,Current,362083.05,0,2023-11-03,Servicer_Feed
LN101309,2022-11-01,Current,139772.53,0,2022-11-04,Servicer_Feed
LN101581,2024-12-01,Current,506299.84311165806,0,2024-12-02,Servicer_Feed
LN100204,2023-08-01,Current,176930.03,0,2023-08-09,Servicer_Feed
LN100327,2024-08-01,Current,335874.75,0,2024-08-03,Servicer_Feed
LN100699,2023-12-01,Current,187246.84,0,2023-12-02,Servicer_Feed
LN100031,2023-10-01,Current,360298.09,0,2023-10-04,Servicer_Feed
LN101106,2024-10-01,Current,369953.22,0,2024-10-01,Servicer_Feed
LN101813,2020-08-01,Current,240695.2848579196,0,2020-08-10,Servicer_Feed
LN101081,2023-02-01,Current,423672.98,0,2023-02-03,Servicer_Feed
LN100920,2021-09-01,Current,152923.16,0,2021-09-07,Servicer_Feed
LN100182,2024-01-01,Current,215328.05,0,2024-01-10,Servicer_Feed
LN100655,2023-09-01,Current,582014.78,0,2023-09-05,Servicer_Feed
LN100434,2024-11-01,Current,786525.2842792118,0,2024-11-05,Servicer_Feed
LN101261,2023-06-01,Current,71472.6,0,2023-06-05,Servicer_Feed
LN101883,2024-03-01,Current,198101.78,0,2024-03-02,Servicer_Feed
LN101242,2024-05-01,Current,464672.38,0,2024-05-09,Servicer_Feed
LN101961,2023-09-01,Current,241376.63,0,2023-05-01,Servicer_Feed
LN100545,2023-06-01,Current,212174.24,0,2023-06-06,Servicer_Feed
LN101241,2022-07-01,Current,265408.12,0,2022-07-08,Servicer_Feed
LN101065,2020-06-01,Current,396923.67,0,2020-06-03,Servicer_Feed
LN101926,2023-12-01,Current,236218.32,0,2023-12-07,Servicer_Feed
LN100683,2023-09-01,Current,166294.33,0,2023-09-03,Servicer_Feed
LN100514,2023-09-01,Current,182469.32,0,2023-09-10,Servicer_Feed
LN100860,2024-11-01,30DPD,200336.63,30,2024-11-10,Servicer_Feed
LN101543,2020-12-01,Current,295153.11,0,2020-12-02,Servicer_Feed
LN100426,2020-09-01,Current,167679.80522085246,0,2020-09-07,Servicer_Feed
LN101820,2023-11-01,Current,210731.18,0,2023-11-09,Servicer_Feed
LN101615,2020-02-01,Current,271531.94,0,2020-02-10,Servicer_Feed
LN101898,2021-07-01,Current,233369.56,0,2021-07-04,Servicer_Feed
LN101394,2024-12-01,Current,575804.9,0,2024-12-03,Servicer_Feed
LN100490,2019-12-01,Current,181999.4,0,2019-12-05,Servicer_Feed
LN101661,2023-05-01,Current,257057.41,0,2023-05-03,Servicer_Feed
LN100141,2024-07-01,Current,195615.47,0,2024-07-04,Servicer_Feed
LN101708,2024-09-01,Current,227050.5,0,2024-09-03,Servicer_Feed
LN101451,2024-05-01,Current,317488.05,0,2024-05-01,Servicer_Feed
LN101405,2020-10-01,Current,265199.67,0,2020-10-06,Servicer_Feed
LN100936,2019-11-01,Current,395776.97,0,2019-07-01,Servicer_Feed
LN100087,2020-06-01,Current,325604.2,0,2020-06-06,Servicer_Feed
LN101898,2021-02-01,Current,237071.87,0,2020-10-01,Servicer_Feed
LN101769,2023-06-01,Current,261769.63,0,2023-02-01,Servicer_Feed
LN101629,2022-10-01,Current,361929.92,0,2022-06-01,Servicer_Feed
LN101373,2022-10-01,Current,408952.6579137927,0,2022-10-06,Servicer_Feed
LN101575,2023-02-01,Current,173701.43,0,2023-02-03,Servicer_Feed
LN100287,2019-11-01,Current,178784.9531795149,0,2019-11-03,Servicer_Feed
LN101258,2022-09-01,Current,248471.2458368282,0,2022-09-02,Servicer_Feed
LN100712,2023-06-01,Current,276933.71,0,2023-06-02,Servicer_Feed
LN101763,2022-04-01,Current,202039.44,0,2021-12-01,Servicer_Feed
LN101117,2023-02-01,Current,89839.35,0,2023-02-09,Servicer_Feed
LN101652,2022-09-01,Current,117622.29,0,2022-09-01,Servicer_Feed
LN100093,2020-01-01,Current,865944.5596002407,0,2020-01-02,Servicer_Feed
LN101141,2022-04-01,Current,280801.22,0,2022-04-07,Servicer_Feed
LN101171,2019-05-01,Current,260303.91,0,2019-05-09,Servicer_Feed
LN100372,2024-06-01,Current,385568.08,0,2024-06-08,Servicer_Feed
LN101887,2023-05-01,Current,116031.52,0,2023-05-05,Servicer_Feed
LN101626,2021-11-01,Current,277892.94,0,2021-11-07,Servicer_Feed
LN100717,2022-03-01,Current,204784.05,0,2021-11-01,Servicer_Feed
LN100064,2021-10-01,Current,98150.94,0,2021-10-02,Servicer_Feed
LN100052,2024-08-01,Current,102478.0,0,2024-08-09,Servicer_Feed
LN101457,2023-03-01,Current,206575.61,0,2023-03-06,Servicer_Feed
LN100506,2023-01-01,Current,154507.50147773733,0,2023-01-05,Servicer_Feed
LN101373,2022-04-01,Current,303378.38,0,2022-04-04,Servicer_Feed
LN101040,2021-06-01,Current,204941.02,0,2021-06-04,Servicer_Feed
LN101529,2023-01-01,Current,416052.84,0,2023-01-03,Servicer_Feed
LN100142,2024-10-01,Current,152134.02,0,2024-10-02,Servicer_Feed
LN101189,2019-08-01,Current,217963.2907391215,0,2019-08-01,Servicer_Feed
LN100581,2021-11-01,Current,234374.1842206197,0,2021-11-05,Servicer_Feed
LN101220,2023-09-01,Current,158481.36,0,2023-09-07,Servicer_Feed
LN101332,2022-08-01,Current,501940.2846045741,0,2022-08-10,Servicer_Feed
LN101980,2023-10-01,Current,209341.86,0,2023-10-05,Servicer_Feed
LN100763,2024-03-01,Current,147748.14,0,2024-03-07,Servicer_Feed
LN101809,2022-11-01,Current,412185.28,0,2022-11-02,Servicer_Feed
LN101816,2023-05-01,30DPD,153503.47,30,2023-05-02,Servicer_Feed
LN101745,2019-06-01,Current,180075.84,0,2019-06-06,Servicer_Feed
LN100608,2020-08-01,Current,172607.08,0,2020-04-01,Servicer_Feed
LN100150,2019-10-01,Current,184236.55,0,2019-10-05,Servicer_Feed
LN100254,2023-12-01,Current,168954.44,0,2023-12-03,Servicer_Feed
LN100348,2023-09-01,Current,148161.79,0,2023-09-08,Servicer_Feed
LN100100,2023-06-01,Current,234638.83,0,2023-02-01,Servicer_Feed
LN101718,2023-08-01,Current,215261.64,0,2023-08-09,Servicer_Feed
LN100418,2022-10-01,Current,153306.48,0,2022-10-04,Servicer_Feed
LN100323,2023-08-01,Current,122800.64,0,2023-08-01,Servicer_Feed
LN100155,2024-01-01,Current,411042.9,0,2024-01-06,Servicer_Feed
LN100749,2024-12-01,Current,453851.13,0,2024-12-09,Servicer_Feed
LN100392,2021-11-01,Current,252887.3,0,2021-11-07,Servicer_Feed
LN101776,2024-08-01,Current,237986.21,0,2024-08-08,Servicer_Feed
LN100100,2021-05-01,Current,335456.2024606897,0,2021-05-01,Servicer_Feed
LN100369,2023-12-01,Current,174091.29,0,2023-12-07,Servicer_Feed
LN100640,2020-06-01,Current,102329.55,0,2020-06-09,Servicer_Feed
LN100502,2023-03-01,Current,220104.4108695097,0,2023-03-09,Servicer_Feed
LN100662,2024-04-01,Current,197614.08,0,2024-04-02,Servicer_Feed
LN101656,2022-09-01,Current,412949.03,0,2022-09-08,Servicer_Feed
LN100190,2021-11-01,Current,216048.07,0,2021-11-03,Servicer_Feed
LN101289,2020-10-01,Current,228013.8,0,2020-10-06,Servicer_Feed
LN101518,2023-08-01,Current,153110.83,0,2023-08-01,Servicer_Feed
LN100969,2024-11-01,Current,123877.37,0,2024-11-06,Servicer_Feed
LN100494,2024-08-01,Current,320397.77,0,2024-08-05,Servicer_Feed
LN100416,2022-09-01,Current,336412.13,0,2022-05-01,Servicer_Feed
LN100166,2024-04-01,Current,119703.46,0,2024-04-04,Servicer_Feed
LN100754,2024-05-01,Current,186514.42,0,2024-01-01,Servicer_Feed
LN100290,2023-07-01,Current,152608.71,0,2023-03-01,Servicer_Feed
LN101799,2021-02-01,Current,277159.1623232296,0,2021-02-07,Servicer_Feed
LN100590,2024-10-01,Current,141244.3836802381,0,2024-10-02,Servicer_Feed
LN101598,2020-09-01,Current,338138.39,0,2020-09-06,Servicer_Feed
LN100185,2021-03-01,Current,268537.5,0,2020-11-01,Servicer_Feed
LN100743,2023-10-01,Current,251090.73,0,2023-10-09,Servicer_Feed
LN100459,2024-05-01,Current,382885.0,0,2024-05-06,Servicer_Feed
LN100848,2024-12-01,Current,171509.9,0,2024-12-02,Servicer_Feed
LN101109,2021-04-01,Current,315270.83,0,2021-04-03,Servicer_Feed
LN101714,2024-06-01,30DPD,206997.84,30,2024-06-10,Servicer_Feed
LN101557,2020-10-01,Current,258452.66,0,2020-10-03,Servicer_Feed
LN100832,2023-12-01,Current,177796.42,0,2023-08-01,Servicer_Feed
LN101287,2023-02-01,30DPD,193382.65,30,2023-02-03,Servicer_Feed
LN101143,2022-01-01,Current,194201.07,0,2021-09-01,Servicer_Feed
LN100146,2021-05-01,Current,201985.24,0,2021-01-01,Servicer_Feed
LN100701,2024-01-01,Current,169148.07,0,2024-01-10,Servicer_Feed
LN100403,2020-10-01,Current,403659.12,0,2020-10-06,Servicer_Feed
LN100684,2022-10-01,Current,191575.71,0,2022-10-10,Servicer_Feed
LN100726,2020-04-01,Current,244721.4,0,2020-04-03,Servicer_Feed
LN100190,2022-07-01,Current,211540.85,0,2022-07-05,Servicer_Feed
LN101521,2022-02-01,Current,137004.9054556907,0,2022-02-09,Servicer_Feed
LN101244,2024-03-01,Current,149660.31,0,2024-03-05,Servicer_Feed
LN100433,2024-03-01,Current,143836.89,0,2024-03-02,Servicer_Feed
LN101028,2020-11-01,Current,179666.9,0,2020-07-01,Servicer_Feed
LN100648,2022-09-01,Current,211341.3778527011,0,2022-09-02,Servicer_Feed
LN101221,2020-10-01,Current,256415.8,0,2020-06-01,Servicer_Feed
LN101975,2024-03-01,Current,91355.78417196826,0,2024-03-08,Servicer_Feed
LN101501,2023-04-01,Current,198885.05,0,2023-04-10,Servicer_Feed
LN101090,2021-03-01,Current,467473.6,0,2021-03-08,Servicer_Feed
LN101488,2019-05-01,Current,120424.05875195036,0,2019-05-05,Servicer_Feed
LN101119,2021-11-01,Current,235241.05,0,2021-11-04,Servicer_Feed
LN100720,2023-09-01,Current,474986.27,0,2023-05-01,Servicer_Feed
LN100874,2023-11-01,Current,180918.23,0,2023-11-08,Servicer_Feed
LN101479,2021-05-01,Current,418625.68,0,2021-05-05,Servicer_Feed
LN100767,2022-02-01,Current,291209.49,0,2022-02-09,Servicer_Feed
LN101366,2024-11-01,Current,153664.87,0,2024-11-07,Servicer_Feed
LN100570,2020-10-01,30DPD,187972.27,30,2020-10-04,Servicer_Feed
LN101236,2019-02-01,Current,417527.4,0,2019-02-01,Servicer_Feed
LN100212,2024-01-01,Current,436674.02,0,2024-01-09,Servicer_Feed
LN101153,2020-04-01,Current,199098.42,0,2020-04-06,Servicer_Feed
LN101236,2022-03-01,Current,367957.11,0,2021-11-01,Servicer_Feed
LN100758,2022-02-01,Current,246990.45,0,2021-10-01,Servicer_Feed
LN101561,2020-08-01,Current,575027.4173074324,0,2020-08-06,Servicer_Feed
LN100334,2022-01-01,Current,180159.54,0,2022-01-01,Servicer_Feed
LN101622,2024-03-01,Current,489901.57,0,2024-03-05,Servicer_Feed
LN101197,2022-06-01,Current,280193.47,0,2022-06-04,Servicer_Feed
LN101559,2023-04-01,Current,106102.64,0,2023-04-07,Servicer_Feed
LN101776,2024-07-01,Current,238403.8,0,2024-07-04,Servicer_Feed
LN100720,2022-02-01,Current,490332.75,0,2021-10-01,Servicer_Feed
LN101660,2023-06-01,Current,397275.65,0,2023-06-02,Servicer_Feed
LN101664,2024-10-01,Current,180045.15417361126,0,2024-10-08,Servicer_Feed
LN100540,2024-08-01,Current,216806.40094724012,0,2024-08-04,Servicer_Feed
LN101997,2024-11-01,Current,130952.64315141393,0,2024-11-03,Servicer_Feed
LN100001,2023-09-01,Current,137057.71,0,2023-09-03,Servicer_Feed
LN101720,2022-09-01,Current,84610.19,0,2022-09-02,Servicer_Feed
LN100326,2022-12-01,Current,405917.44,0,2022-12-09,Servicer_Feed
LN100426,2022-05-01,Current,200222.36,0,2022-05-01,Servicer_Feed
LN100374,2023-06-01,Current,120943.6,0,2023-06-05,Servicer_Feed
LN100395,2022-05-01,Current,158476.15109163077,0,2022-05-03,Servicer_Feed
LN100530,2022-08-01,Current,159801.31,0,2022-04-01,Servicer_Feed
LN101730,2023-01-01,Current,223159.64,0,2022-09-01,Servicer_Feed
LN101261,2022-07-01,Current,74731.20586210382,0,2022-07-01,Servicer_Feed
LN100105,2023-02-01,Current,166492.3486669367,0,2023-02-09,Servicer_Feed
LN100129,2023-07-01,Current,226354.66,0,2023-07-07,Servicer_Feed
LN101331,2022-05-01,Current,320930.07,0,2022-05-10,Servicer_Feed
LN101038,2024-09-01,Current,145094.39,0,2024-09-04,Servicer_Feed
LN101227,2021-11-01,Current,208444.44,0,2021-11-07,Servicer_Feed
LN101028,2022-09-01,Current,173276.46,0,2022-09-06,Servicer_Feed
LN100630,2022-02-01,Current,95779.03473755953,0,2022-02-01,Servicer_Feed
LN100978,2022-06-01,Current,267390.75,0,2022-06-09,Servicer_Feed
LN101264,2024-12-01,Current,222716.15,0,2024-08-01,Servicer_Feed
LN101501,2020-11-01,Current,219693.89,0,2020-07-01,Servicer_Feed
LN101559,2024-11-01,Current,102817.71,0,2024-11-06,Servicer_Feed
LN100403,2023-04-01,Current,363811.49,0,2023-04-06,Servicer_Feed
LN100966,2023-02-01,Current,272966.05,0,2023-02-01,Servicer_Feed
LN100029,2021-10-01,Current,139662.8,0,2021-10-09,Servicer_Feed
LN100408,2024-05-01,30DPD,132777.58,30,2024-05-02,Servicer_Feed
LN100287,2024-11-01,Current,136975.14,0,2024-11-04,Servicer_Feed
LN101280,2023-02-01,Current,147564.4,0,2023-02-01,Servicer_Feed
LN101685,2023-11-01,Current,189456.46,0,2023-11-05,Servicer_Feed
LN101326,2021-11-01,Current,361879.71,0,2021-11-01,Servicer_Feed
LN100928,2023-04-01,Current,287768.7013844662,0,2023-04-06,Servicer_Feed
LN101251,2024-01-01,Current,251077.36,0,2024-01-01,Servicer_Feed
LN101576,2023-06-01,Current,167992.13,0,2023-06-08,Servicer_Feed
LN101726,2023-08-01,Current,141545.28,0,2023-08-08,Servicer_Feed
LN101961,2023-01-01,Current,192404.17859195243,0,2023-01-07,Servicer_Feed
LN100604,2022-08-01,Current,249616.98,0,2022-08-01,Servicer_Feed
LN101221,2024-05-01,Current,239051.3,0,2024-05-03,Servicer_Feed
LN101629,2023-05-01,Current,357910.13,0,2023-05-04,Servicer_Feed
LN101922,2022-05-01,Current,214419.46,0,2022-05-01,Servicer_Feed
LN101067,2023-09-01,Current,425860.2034280806,0,2023-09-02,Servicer_Feed
LN101138,2024-10-01,Current,454926.75,0,2024-10-06,Servicer_Feed
LN101445,2024-01-01,Current,206853.75882111953,0,2024-01-10,Servicer_Feed
LN100845,2023-05-01,Current,285268.91,0,2023-05-01,Servicer_Feed
LN100137,2024-03-01,Current,145510.82,0,2024-03-06,Servicer_Feed
LN101423,2023-10-01,Current,224921.94,0,2023-10-02,Servicer_Feed
LN101318,2024-02-01,Current,134953.36450802558,0,2024-02-04,Servicer_Feed
LN100834,2024-04-01,Current,233912.91,0,2024-04-02,Servicer_Feed
LN100896,2023-10-01,Current,346634.69,0,2023-10-07,Servicer_Feed
LN101510,2021-09-01,Current,392479.63,0,2021-09-10,Servicer_Feed
LN100009,2023-07-01,Current,153059.73,0,2023-03-01,Servicer_Feed
LN100609,2022-01-01,Current,615324.56,0,2022-01-02,Servicer_Feed
LN101031,2023-12-01,Current,90264.61,0,2023-12-01,Servicer_Feed
LN100494,2024-02-01,Current,323962.93,0,2024-02-09,Servicer_Feed
LN101019,2020-11-01,Current,170914.70536479878,0,2020-11-06,Servicer_Feed
LN101984,2024-11-01,Current,373306.26,0,2024-11-07,Servicer_Feed
LN100256,2021-10-01,Current,189727.75,0,2021-06-01,Servicer_Feed
LN101485,2022-11-01,Current,195112.32805820394,0,2022-11-07,Servicer_Feed
LN100786,2021-08-01,Current,397993.34,0,2021-08-01,Servicer_Feed
LN100405,2024-07-01,Current,227872.46,0,2024-07-02,Servicer_Feed
LN100209,2022-12-01,Current,112759.85484358328,0,2022-12-06,Servicer_Feed
LN101573,2022-04-01,Current,171472.8768634687,0,2022-04-01,Servicer_Feed
LN100121,2024-02-01,Current,159265.65,0,2024-02-04,Servicer_Feed
LN100013,2020-06-01,Current,130816.84533980624,0,2020-06-06,Servicer_Feed
LN101887,2023-10-01,Current,115079.3,0,2023-10-10,Servicer_Feed
LN101899,2024-01-01,60DPD,182050.39,60,2023-09-01,Servicer_Feed
LN100948,2024-01-01,Current,367548.21,0,2024-01-06,Servicer_Feed
LN100937,2022-05-01,Current,162728.94,0,2022-05-03,Servicer_Feed
LN100345,2021-02-01,Current,231728.0,0,2020-10-01,Servicer_Feed
LN101387,2024-04-01,Current,120671.23,0,2024-04-05,Servicer_Feed
LN101983,2024-10-01,Current,189139.57,0,2024-10-10,Servicer_Feed
LN100528,2020-06-01,Current,142082.58,0,2020-06-03,Servicer_Feed
LN100966,2022-08-01,Current,689688.4278748272,0,2022-08-09,Servicer_Feed
LN100794,2023-05-01,Current,270438.66,0,2023-05-08,Servicer_Feed
LN101055,2023-01-01,Current,210452.29,0,2022-09-01,Servicer_Feed
LN100374,2023-12-01,Current,119758.83,0,2023-12-09,Servicer_Feed
LN100225,2023-01-01,Current,182106.54567007924,0,2023-01-02,Servicer_Feed
LN101093,2023-06-01,Current,102830.42,0,2023-06-01,Servicer_Feed
LN101853,2024-02-01,Current,276928.5,0,2024-02-08,Servicer_Feed
LN100080,2023-05-01,Current,395633.272254021,0,2023-05-03,Servicer_Feed
LN101621,2023-07-01,Current,334678.47,0,2023-07-06,Servicer_Feed
LN100306,2022-07-01,Current,337205.0,0,2022-07-10,Servicer_Feed
LN101409,2020-06-01,Current,301339.23,0,2020-06-01,Servicer_Feed
LN101919,2024-11-01,Current,98503.97,0,2024-11-08,Servicer_Feed
LN100057,2022-11-01,Current,500077.01,0,2022-11-04,Servicer_Feed
LN101109,2020-12-01,Current,317263.22,0,2020-12-04,Servicer_Feed
LN101283,2020-06-01,Current,208812.01,0,2021-03-03,Servicer_Feed
LN100539,2023-08-01,Current,61675.71,0,2023-08-06,Servicer_Feed
LN101549,2021-05-01,Current,347399.4,0,2021-01-01,Servicer_Feed
LN101112,2019-12-01,Current,570256.4084091932,0,2019-12-02,Servicer_Feed
LN101235,2022-03-01,Current,162997.35359862063,0,2022-03-06,Servicer_Feed
LN101972,2023-06-01,Current,219494.67,0,2023-06-09,Servicer_Feed
LN101978,2023-12-01,Current,164306.71,0,2023-12-09,Servicer_Feed
LN100274,2022-07-01,Current,173144.14,0,2022-07-05,Servicer_Feed
LN101754,2024-03-01,Current,288463.3,0,2024-03-03,Servicer_Feed
LN101337,2019-11-01,Current,511159.87,0,2019-11-07,Servicer_Feed
LN101061,2024-02-01,Current,202723.82,0,2024-02-05,Servicer_Feed
LN101882,2024-12-01,Current,264928.95,0,2024-12-07,Servicer_Feed
LN101110,2023-06-01,Current,150173.59,0,2023-06-10,Servicer_Feed
LN101139,2020-06-01,Current,312716.12,0,2020-06-03,Servicer_Feed
LN101328,2021-01-01,Current,242313.98,0,2021-01-02,Servicer_Feed
LN101255,2024-06-01,Current,197068.73,0,2024-06-04,Servicer_Feed
LN100282,2022-09-01,Current,307650.06232847605,0,2022-09-03,Servicer_Feed
LN100185,2024-09-01,Current,249476.99,0,2024-09-01,Servicer_Feed
LN100937,2023-03-01,Current,160056.93,0,2022-11-01,Servicer_Feed
LN100444,2023-04-01,Current,361686.22,0,2023-04-09,Servicer_Feed
LN101900,2022-01-01,Current,213727.41129643712,0,2022-01-03,Servicer_Feed
LN101553,2024-01-01,Current,211699.52,0,2024-01-09,Servicer_Feed
LN101331,2020-08-01,Current,331209.43,0,2020-08-09,Servicer_Feed
LN101461,2024-01-01,Current,153405.95,0,2024-01-04,Servicer_Feed
LN101874,2020-12-01,Current,167808.61,0,2020-12-09,Servicer_Feed
LN100240,2023-03-01,Current,179750.54,0,2023-03-05,Servicer_Feed
LN100700,2020-09-01,Current,142705.87,0,2020-09-03,Servicer_Feed
LN101337,2021-11-01,Current,492735.68,0,2021-11-02,Servicer_Feed
LN101861,2024-08-01,Current,174713.14,0,2024-08-01,Servicer_Feed
LN100699,2024-03-01,Current,186323.34,0,2024-03-01,Servicer_Feed
LN101826,2022-06-01,Current,402870.41,0,2022-02-01,Servicer_Feed
LN101057,2022-10-01,Current,446838.88606434886,0,2022-10-02,Servicer_Feed
LN100754,2023-07-01,Current,158266.70150223494,0,2023-07-07,Servicer_Feed
LN101675,2024-04-01,Current,190988.88,0,2024-04-08,Servicer_Feed
LN101724,2024-09-01,Current,332106.53,0,2024-09-06,Servicer_Feed
LN100573,2022-09-01,Current,282094.3281604818,0,2022-09-05,Servicer_Feed
LN101883,2024-12-01,Current,195244.43,0,2024-12-07,Servicer_Feed
LN101186,2024-05-01,Current,337860.9713008329,0,2024-05-05,Servicer_Feed
LN101156,2024-12-01,Current,227719.80489123662,0,2024-12-10,Servicer_Feed
LN100051,2021-11-01,Current,222156.1,0,2021-11-07,Servicer_Feed
LN100922,2021-05-01,Current,212981.98,0,2021-05-06,Servicer_Feed
LN100261,2022-06-01,Current,203212.25,0,2022-02-01,Servicer_Feed
LN100514,2024-11-01,Current,178263.21,0,2024-11-05,Servicer_Feed
LN101155,2024-07-01,Current,222408.16,0,2024-07-09,Servicer_Feed
LN101149,2021-09-01,Current,155631.0218183973,0,2021-09-10,Servicer_Feed
LN100001,2024-08-01,Current,328375.00936970825,0,2024-04-01,Servicer_Feed
LN101279,2021-11-01,Current,237527.44371999297,0,2021-11-07,Servicer_Feed
LN101337,2022-12-01,Current,482880.65,0,2022-08-01,Servicer_Feed
LN100389,2024-09-01,Current,494532.88,0,2024-09-05,Servicer_Feed
LN101337,2023-10-01,Current,621668.8500313171,0,2023-10-07,Servicer_Feed
LN100184,2024-06-01,Current,186011.75,0,2024-06-02,Servicer_Feed
LN100337,2023-03-01,Current,506485.4281919145,0,2023-03-09,Servicer_Feed
LN100138,2021-03-01,Current,541846.13,0,2021-03-04,Servicer_Feed
LN101168,2024-12-01,Current,514132.7628585253,0,2024-12-08,Servicer_Feed
LN101864,2021-04-01,Current,310626.02,0,2021-04-03,Servicer_Feed
LN101072,2024-12-01,Current,119969.13,0,2024-08-01,Servicer_Feed
LN101901,2021-06-01,Current,231870.2,0,2021-06-04,Servicer_Feed
LN101527,2021-11-01,Current,119294.83,0,2021-11-01,Servicer_Feed
LN100291,2022-11-01,Prepaid,181311.35,0,2022-11-10,Servicer_Feed
LN101304,2022-06-01,Current,672144.37,0,2022-06-08,Servicer_Feed
LN101609,2023-03-01,Current,255105.03,0,2023-03-05,Servicer_Feed
LN100046,2022-07-01,Current,94245.23964500234,0,2022-07-09,Servicer_Feed
LN101962,2021-03-01,Current,175053.85,0,2021-03-02,Servicer_Feed
LN100898,2022-11-01,Current,240739.22,0,2022-11-02,Servicer_Feed
LN101938,2022-04-01,Current,217967.41,0,2021-12-01,Servicer_Feed
LN100108,2024-10-01,Current,381998.82405201707,0,2024-10-04,Servicer_Feed
LN101832,2022-12-01,Current,704744.66,0,2022-12-01,Servicer_Feed
LN101567,2023-07-01,Current,185032.47,0,2023-07-09,Servicer_Feed
LN100929,2024-02-01,Current,250819.08,0,2024-02-03,Servicer_Feed
LN101300,2022-11-01,Current,332175.0042671034,0,2022-11-09,Servicer_Feed
LN100476,2021-09-01,Current,182747.24,0,2021-09-08,Servicer_Feed
LN100491,2024-12-01,Current,176815.81,0,2024-12-09,Servicer_Feed
LN101478,2022-02-01,Current,323727.99,0,2021-10-01,Servicer_Feed
LN101524,2021-09-01,Current,145122.54,0,2021-09-02,Servicer_Feed
LN100729,2024-05-01,Current,96087.03,0,2024-01-01,Servicer_Feed
LN100374,2022-07-01,Current,123091.39,0,2022-07-10,Servicer_Feed
LN101519,2023-04-01,Current,141643.44,0,2023-04-03,Servicer_Feed
LN100047,2024-04-01,Current,261289.22,0,2024-04-10,Servicer_Feed
LN100880,2020-11-01,Current,141970.86833734394,0,2021-12-04,Servicer_Feed
LN100228,2022-09-01,Current,256932.82,0,2022-09-05,Servicer_Feed
LN101703,2022-05-01,Current,183339.92,0,2022-05-10,Servicer_Feed
LN100240,2024-08-01,Current,179107.80377535502,0,2024-08-08,Servicer_Feed
LN100791,2022-03-01,Current,533097.48,0,2021-11-01,Servicer_Feed
LN100459,2020-05-01,Current,457692.59,0,2020-05-09,Servicer_Feed
LN101985,2022-06-01,Current,298256.76,0,2022-06-03,Servicer_Feed
LN101282,2021-03-01,Current,124937.77,0,2021-03-08,Servicer_Feed
LN101303,2022-03-01,Current,154616.86,0,2022-03-01,Servicer_Feed
LN101322,2019-06-01,Current,314323.79291541944,0,2019-06-05,Servicer_Feed
LN100329,2023-09-01,Current,319311.25,0,2023-09-10,Servicer_Feed
LN101254,2024-02-01,Current,264289.44,0,2024-02-06,Servicer_Feed
LN100353,2023-07-01,Current,602655.0,0,2023-07-08,Servicer_Feed
LN101557,2022-08-01,Current,249366.81,0,2022-08-05,Servicer_Feed
LN100516,2021-12-01,Current,254526.33,0,2021-12-03,Servicer_Feed
LN100783,2021-05-01,Current,112394.33,0,2021-05-05,Servicer_Feed
LN100288,2022-09-01,Current,300841.04,0,2022-09-07,Servicer_Feed
LN101595,2022-02-01,Current,182762.38,0,2022-02-06,Servicer_Feed
LN101608,2023-07-01,Current,294542.49,0,2023-07-06,Servicer_Feed
LN101846,2021-10-01,Current,436720.35721675976,0,2021-10-03,Servicer_Feed
LN101239,2020-05-01,Current,346036.06,0,2020-05-10,Servicer_Feed
LN101351,2022-03-01,Current,219574.83,0,2022-03-03,Servicer_Feed
LN101805,2024-04-01,90DPD,267457.5211591237,95,2024-04-06,Servicer_Feed
LN100466,2023-07-01,Current,173820.54,0,2023-07-10,Servicer_Feed
LN101960,2023-02-01,Current,313429.76,0,2023-02-08,Servicer_Feed
LN100965,2021-11-01,Current,241231.91,0,2021-11-08,Servicer_Feed
LN100360,2021-12-01,Current,273002.14556306857,0,2021-12-05,Servicer_Feed
LN100272,2024-09-01,Current,324175.13,0,2024-05-01,Servicer_Feed
LN100791,2023-01-01,Current,524813.93,0,2023-01-03,Servicer_Feed
LN100762,2022-08-01,Current,170623.46,0,2022-08-07,Servicer_Feed
LN100424,2024-05-01,Current,379237.9150088328,0,2024-05-08,Servicer_Feed
LN101508,2022-12-01,Current,178848.74,0,2022-12-08,Servicer_Feed
LN101477,2020-11-01,Current,91234.92,0,2020-11-04,Servicer_Feed
LN100874,2021-05-01,Current,190553.63,0,2021-05-06,Servicer_Feed
LN101833,2023-01-01,Current,194090.78,0,2023-01-02,Servicer_Feed
LN100347,2024-01-01,Current,250548.13,0,2023-09-01,Servicer_Feed
LN100402,2022-09-01,Current,113530.23,0,2022-05-01,Servicer_Feed
LN101592,2022-03-01,Current,95654.04,0,2022-03-04,Servicer_Feed
LN101165,2021-09-01,Current,209730.24480498707,0,2021-09-01,Servicer_Feed
LN100859,2024-12-01,Prepaid,91124.18,0,2024-12-04,Servicer_Feed
LN101239,2023-11-01,Current,295439.03,0,2023-11-05,Servicer_Feed
LN100500,2024-06-01,Current,605507.49,0,2024-02-01,Servicer_Feed
LN100074,2022-02-01,Current,280677.89,0,2022-02-08,Servicer_Feed
LN101754,2023-05-01,Current,299151.66,0,2023-05-05,Servicer_Feed
LN101416,2021-06-01,Current,185716.92,0,2021-06-09,Servicer_Feed
LN100057,2021-09-01,Current,511840.26,0,2021-09-03,Servicer_Feed
LN101708,2024-06-01,Current,246101.8773802175,0,2024-06-06,Servicer_Feed
LN100137,2023-12-01,Current,146211.01,0,2023-12-03,Servicer_Feed
LN101143,2020-08-01,Current,199319.27,0,2020-04-01,Servicer_Feed
LN100671,2021-02-01,Current,237268.44,0,2021-02-04,Servicer_Feed
LN100594,2024-03-01,Current,136617.55,0,2024-03-05,Servicer_Feed
LN101966,2023-04-01,Current,147900.21,0,2022-12-01,Servicer_Feed
LN101891,2022-06-01,Current,207728.25,0,2022-06-02,Servicer_Feed
LN101754,2023-07-01,Current,297039.2,0,2023-07-06,Servicer_Feed
LN101167,2022-08-01,Current,200712.83,0,2022-08-10,Servicer_Feed
LN101134,2023-03-01,Current,121016.92,0,2023-03-05,Servicer_Feed
LN101140,2023-09-01,Current,332583.78,0,2023-09-01,Servicer_Feed
LN101477,2020-04-01,Current,120317.50399425099,0,2020-04-09,Servicer_Feed
LN100383,2024-02-01,Current,285166.6,0,2024-02-02,Servicer_Feed
LN101116,2023-07-01,Current,311842.49,0,2023-03-01,Servicer_Feed
LN100043,2023-07-01,Current,290166.99,0,2023-07-09,Servicer_Feed
LN100722,2021-09-01,Current,344649.53,0,2021-09-02,Servicer_Feed
LN100207,2022-08-01,Current,267672.67,0,2022-08-04,Servicer_Feed
LN101375,2023-07-01,Current,255987.26,0,2023-03-01,Servicer_Feed
LN100971,2023-12-01,Current,278902.7,0,2023-12-05,Servicer_Feed
LN100208,2024-07-01,Current,219313.02,0,2024-07-05,Servicer_Feed
LN101615,2023-02-01,Current,256122.69,0,2023-02-07,Servicer_Feed
LN101896,2023-12-01,Current,168138.36,0,2023-12-01,Servicer_Feed
LN101778,2021-05-01,Current,372065.32,0,2021-05-02,Servicer_Feed
LN101301,2023-03-01,Current,146582.92,0,2023-03-04,Servicer_Feed
LN100524,2019-07-01,Current,258094.6480893973,0,2019-07-09,Servicer_Feed
LN101239,2019-09-01,Current,355207.92,0,2019-05-01,Servicer_Feed
LN101221,2022-04-01,Current,623853.1051254753,0,2022-04-08,Servicer_Feed
LN101096,2024-03-01,Current,465530.29,0,2024-03-06,Servicer_Feed
LN101477,2021-11-01,Current,89502.12,0,2021-07-01,Servicer_Feed
LN100113,2022-07-01,Current,182968.38,0,2022-07-10,Servicer_Feed
LN101334,2024-02-01,Prepaid,157553.88,0,2024-02-07,Servicer_Feed
LN100098,2023-08-01,Current,247154.16,0,2023-04-01,Servicer_Feed
LN101534,2021-04-01,Current,124521.24,0,2021-04-03,Servicer_Feed
LN100434,2024-04-01,Current,876795.101774579,0,2024-04-06,Servicer_Feed
LN100996,2020-06-01,Current,188465.29,0,2020-02-01,Servicer_Feed
LN101446,2019-12-01,Current,188661.61,0,2019-12-07,Servicer_Feed
LN100046,2024-05-01,Current,91826.34,0,2024-05-09,Servicer_Feed
LN101506,2024-04-01,Current,646241.8910998914,0,2024-04-02,Servicer_Feed
LN100715,2024-03-01,Current,348080.89,0,2024-03-10,Servicer_Feed
LN101985,2020-04-01,Current,311261.7,0,2020-04-08,Servicer_Feed
LN101996,2024-12-01,Current,385820.26,0,2024-12-10,Servicer_Feed
LN100343,2023-12-01,Current,186467.54,0,2023-12-02,Servicer_Feed
LN100675,2020-10-01,Current,147529.62653193114,0,2020-10-08,Servicer_Feed
LN100609,2021-04-01,Current,624604.03,0,2021-04-10,Servicer_Feed
LN101496,2022-05-01,Current,196167.29,0,2022-05-01,Servicer_Feed
LN101496,2024-10-01,Current,176898.93,0,2024-10-06,Servicer_Feed
LN100064,2021-11-01,Current,97990.28,0,2021-11-09,Servicer_Feed
LN100392,2020-12-01,Current,262530.55,0,2020-12-03,Servicer_Feed
LN101358,2022-09-01,Current,178491.32,0,2022-09-01,Servicer_Feed
LN100250,2023-11-01,Current,119016.66,0,2023-11-02,Servicer_Feed
LN101584,2021-05-01,Current,296926.73,0,2021-05-07,Servicer_Feed
LN100131,2022-04-01,Current,142900.29,0,2022-04-08,Servicer_Feed
LN100937,2021-08-01,Current,165103.41,0,2021-08-01,Servicer_Feed
LN101220,2024-04-01,Current,156731.27,0,2023-12-01,Servicer_Feed
LN100358,2024-03-01,Current,308793.13,0,2024-03-05,Servicer_Feed
LN101895,2022-11-01,Current,194367.4,0,2022-11-03,Servicer_Feed
LN100726,2021-10-01,Current,237660.47,0,2021-10-05,Servicer_Feed
LN100254,2021-09-01,Current,176193.42,0,2021-09-02,Servicer_Feed
LN101486,2023-05-01,Current,185805.81,0,2023-01-01,Servicer_Feed
LN101172,2024-06-01,Current,574666.846753866,0,2024-06-06,Servicer_Feed
LN100701,2023-05-01,Current,171417.03,0,2023-01-01,Servicer_Feed
LN101506,2023-11-01,Current,260382.4,0,2023-11-03,Servicer_Feed
LN101421,2024-09-01,Current,268039.3198840788,0,2024-09-05,Servicer_Feed
LN101060,2022-01-01,Current,153736.43,0,2022-01-01,Servicer_Feed
LN100235,2022-09-01,Current,80511.71,0,2022-05-01,Servicer_Feed
LN100219,2023-08-01,Current,223221.46,0,2023-08-06,Servicer_Feed
LN101443,2024-06-01,Current,201124.56,0,2024-02-01,Servicer_Feed
LN101283,2022-12-01,Current,201890.08,0,2022-12-09,Servicer_Feed
LN100123,2023-08-01,Current,496879.36,0,2023-08-10,Servicer_Feed
LN100034,2020-09-01,Current,345492.7991236439,0,2020-09-02,Servicer_Feed
LN100218,2024-09-01,Current,207429.15,0,2024-05-01,Servicer_Feed
LN100643,2024-10-01,Current,512232.68893281,0,2024-10-10,Servicer_Feed
LN101945,2021-07-01,Current,143055.2,0,2021-07-06,Servicer_Feed
LN100586,2024-12-01,Current,256600.01800585267,0,2024-12-09,Servicer_Feed
LN100302,2020-06-01,Current,125154.79,0,2024-09-01,Servicer_Feed
LN101113,2019-12-01,Current,179048.61,0,2019-08-01,Servicer_Feed
LN100029,2022-03-01,Current,138506.29,0,2022-03-04,Servicer_Feed
LN100509,2022-11-01,Current,387353.9,0,2022-11-10,Servicer_Feed
LN101314,2022-02-01,Current,320262.83,0,2022-02-06,Servicer_Feed
LN101236,2023-08-01,Current,343255.02,0,2023-04-01,Servicer_Feed
LN100428,2019-09-01,Current,454544.3398176883,0,2019-09-06,Servicer_Feed
LN100534,2024-04-01,Current,141081.84,0,2024-04-09,Servicer_Feed
LN101322,2019-08-01,Current,378090.36,0,2019-04-01,Servicer_Feed
LN100966,2022-02-01,Current,278159.39,0,2022-02-04,Servicer_Feed
LN100809,2022-11-01,Current,202622.81,0,2022-11-02,Servicer_Feed
LN100516,2022-03-01,Current,252034.64,0,2022-03-01,Servicer_Feed
LN101244,2020-07-01,Current,161093.31,0,2020-07-01,Servicer_Feed
LN101685,2023-03-01,Current,192021.3,0,2023-03-03,Servicer_Feed
LN100759,2023-04-01,Current,210925.47,0,2023-04-08,Servicer_Feed
LN101921,2024-06-01,Current,580925.5,0,2024-06-08,Servicer_Feed
LN100041,2024-01-01,Current,150394.43,0,2024-01-04,Servicer_Feed
LN100855,2023-07-01,Current,203181.8,0,2023-03-01,Servicer_Feed
LN101401,2022-05-01,Current,86126.05293954466,0,2022-05-06,Servicer_Feed
LN100530,2022-05-01,Current,160610.37,0,2022-05-06,Servicer_Feed
LN101073,2020-01-01,60DPD,77695.2,60,2020-01-04,Servicer_Feed
LN101890,2024-04-01,Current,139605.71,0,2024-04-02,Servicer_Feed
LN100508,2022-05-01,Current,362374.77,0,2022-05-10,Servicer_Feed
LN101945,2020-09-01,Current,145083.49,0,2020-09-10,Servicer_Feed
LN100444,2022-12-01,Current,363926.88,0,2022-12-05,Servicer_Feed
LN101731,2023-10-01,30DPD,197293.89,30,2023-10-07,Servicer_Feed
LN100493,2022-09-01,Current,133829.9,0,2022-09-01,Servicer_Feed
LN100126,2023-01-01,Current,241683.87,0,2023-01-04,Servicer_Feed
LN100968,2021-02-01,Current,191027.51,0,2021-02-01,Servicer_Feed
LN100881,2023-03-01,Current,192018.76,0,2022-11-01,Servicer_Feed
LN100241,2020-06-01,Current,443623.09,0,2020-06-01,Servicer_Feed
LN101527,2022-09-01,Current,117376.11,0,2022-09-08,Servicer_Feed
LN101508,2023-06-01,Current,176974.31,0,2023-06-05,Servicer_Feed
LN100164,2023-12-01,Current,201505.47,0,2023-12-03,Servicer_Feed
LN100072,2023-01-01,Current,222357.85,0,2023-01-06,Servicer_Feed
LN100751,2023-04-01,Current,135555.22,0,2023-04-07,Servicer_Feed
LN101595,2023-04-01,Current,175419.17,0,2023-04-01,Servicer_Feed
LN100028,2021-04-01,Current,293319.8748587823,0,2021-04-07,Servicer_Feed
LN100468,2022-11-01,Current,121273.62,0,2022-11-07,Servicer_Feed
LN101557,2021-09-01,Current,253942.98,0,2021-05-01,Servicer_Feed
LN100313,2022-06-01,Current,376708.5110850595,0,2022-06-08,Servicer_Feed
LN101544,2024-01-01,Current,73760.89,0,2024-01-03,Servicer_Feed
LN100608,2022-06-01,Current,166394.68,0,2022-06-06,Servicer_Feed
LN100233,2023-02-01,Current,103822.26,0,2023-02-01,Servicer_Feed
LN100426,2021-03-01,Current,210023.16,0,2021-03-01,Servicer_Feed
LN100493,2023-02-01,Prepaid,170930.65735158496,0,2023-02-06,Servicer_Feed
LN100889,2024-06-01,Current,309574.11,0,2024-02-01,Servicer_Feed
LN101976,2021-08-01,Current,360191.63,0,2021-08-04,Servicer_Feed
LN101816,2024-01-01,Current,151929.65,0,2024-01-01,Servicer_Feed
LN101785,2023-07-01,Current,144892.92645416732,0,2023-07-03,Servicer_Feed
LN100235,2023-09-01,Current,78994.25,0,2023-09-08,Servicer_Feed
LN101946,2023-03-01,Current,542478.12,0,2023-03-02,Servicer_Feed
LN101547,2023-11-01,Current,203127.26,0,2023-11-07,Servicer_Feed
LN101963,2023-07-01,Current,291617.909386558,0,2023-07-10,Servicer_Feed
LN101929,2019-10-01,Current,221062.69,0,2019-10-08,Servicer_Feed
LN101647,2023-05-01,Current,223200.8274148855,0,2023-05-10,Servicer_Feed
LN101323,2022-04-01,Current,348574.9,0,2022-04-07,Servicer_Feed
LN100283,2021-02-01,Current,240978.95851948534,0,2021-02-07,Servicer_Feed
LN100100,2021-04-01,Current,256309.54,0,2021-04-10,Servicer_Feed
LN101066,2022-04-01,Current,198603.19,0,2021-12-01,Servicer_Feed
LN101037,2021-12-01,Current,254396.03,0,2021-08-01,Servicer_Feed
LN100992,2020-12-01,Current,400888.3,0,2020-12-09,Servicer_Feed
LN101561,2021-12-01,Current,223924.88,0,2021-12-05,Servicer_Feed
LN100331,2021-07-01,Current,311120.62,0,2021-07-01,Servicer_Feed
LN101403,2023-07-01,Current,247780.0362569458,0,2023-07-06,Servicer_Feed
LN100486,2024-09-01,Current,250735.4,0,2024-09-05,Servicer_Feed
LN101018,2022-08-01,Current,249029.39,0,2022-08-03,Servicer_Feed
LN101391,2024-03-01,Current,207636.47,0,2024-03-06,Servicer_Feed
LN101822,2023-01-01,Current,387221.24,0,2022-09-01,Servicer_Feed
LN100684,2024-01-01,30DPD,186922.86,30,2024-01-09,Servicer_Feed
LN101982,2020-08-01,Current,239398.28,0,2020-08-08,Servicer_Feed
LN101428,2023-12-01,Current,205677.14,0,2023-12-01,Servicer_Feed
LN101933,2022-03-01,Current,268190.78,0,2022-03-02,Servicer_Feed
LN101934,2024-05-01,Current,261922.27,0,2024-05-05,Servicer_Feed
LN101450,2023-06-01,Current,475651.13,0,2023-06-06,Servicer_Feed
LN101725,2023-01-01,Current,111614.34,0,2023-01-03,Servicer_Feed
LN100942,2023-06-01,Current,232707.89,0,2023-06-04,Servicer_Feed
LN101213,2020-07-01,Current,294192.73,0,2020-07-01,Servicer_Feed
LN101080,2022-10-01,Current,279470.09,0,2022-10-01,Servicer_Feed
LN101577,2023-11-01,Current,303544.08,0,2023-11-09,Servicer_Feed
LN100875,2022-06-01,Current,252500.69,0,2022-06-02,Servicer_Feed
LN100560,2024-02-01,Current,276827.31,0,2024-02-03,Servicer_Feed
LN101807,2023-10-01,60DPD,247501.24,60,2023-10-05,Servicer_Feed
LN101503,2023-07-01,Current,365605.02,0,2023-07-03,Servicer_Feed
LN101801,2021-05-01,Current,142718.61,0,2021-01-01,Servicer_Feed
LN100241,2020-08-01,Current,442266.72,0,2020-08-02,Servicer_Feed
LN100129,2023-10-01,Current,225283.12,0,2023-10-09,Servicer_Feed
LN100855,2024-04-01,Current,200635.94,0,2023-12-01,Servicer_Feed
LN100606,2020-02-01,Current,335381.3,0,2019-10-01,Servicer_Feed
LN100126,2022-01-01,Current,246475.44,0,2021-09-01,Servicer_Feed
LN100227,2024-11-01,Current,292245.31,0,2024-07-01,Servicer_Feed
LN100678,2023-10-01,Current,260622.65,0,2023-10-06,Servicer_Feed
LN100185,2019-03-01,Current,278946.89,0,2019-03-08,Servicer_Feed
LN101252,2020-10-01,Current,259582.77,0,2020-10-10,Servicer_Feed
LN100325,2024-02-01,Current,204787.24,0,2024-02-04,Servicer_Feed
LN100555,2020-08-01,Current,185418.25,0,2020-08-01,Servicer_Feed
LN100845,2021-06-01,Current,291328.052444241,0,2021-06-08,Servicer_Feed
LN101751,2023-10-01,Current,179827.3,0,2023-10-02,Servicer_Feed
LN101079,2021-06-01,Current,197145.15,0,2021-06-07,Servicer_Feed
LN100398,2024-10-01,Current,393008.22,0,2024-10-01,Servicer_Feed
LN100853,2021-06-01,Current,349866.15,0,2021-06-02,Servicer_Feed
LN100533,2023-04-01,Current,189820.31,0,2023-04-02,Servicer_Feed
LN100941,2023-02-01,Current,119963.05,0,2023-02-02,Servicer_Feed
LN101016,2022-02-01,Current,79372.30943328017,0,2022-02-05,Servicer_Feed
LN101074,2022-07-01,Current,422461.87,0,2022-07-09,Servicer_Feed
LN101291,2021-10-01,Current,214206.74,0,2021-10-10,Servicer_Feed
LN101821,2023-12-01,Current,126141.99,0,2023-12-06,Servicer_Feed
LN101985,2020-10-01,Current,308300.45,0,2020-10-10,Servicer_Feed
LN100595,2020-02-01,Current,138426.33233426872,0,2020-02-05,Servicer_Feed
LN100205,2024-11-01,Current,181591.21296300765,0,2024-11-02,Servicer_Feed
LN100840,2023-07-01,Current,234775.48095754016,0,2023-07-09,Servicer_Feed
LN100442,2020-01-01,Current,81875.07,0,2020-01-10,Servicer_Feed
LN100844,2024-10-01,Current,145373.97,0,2024-10-10,Servicer_Feed
LN101731,2023-11-01,30DPD,197293.89,30,2023-11-10,Servicer_Feed
LN100860,2021-03-01,Current,151621.09533162348,0,2021-03-02,Servicer_Feed
LN101993,2023-05-01,Current,198991.42,0,2023-05-03,Servicer_Feed
LN101278,2022-11-01,Current,186320.14065061448,0,2022-11-02,Servicer_Feed
LN100474,2024-06-01,Current,225832.43016315642,0,2024-06-04,Servicer_Feed
LN101062,2020-03-01,Current,356318.55,0,2020-03-07,Servicer_Feed
LN101902,2022-12-01,Current,351839.36,0,2022-12-04,Servicer_Feed
LN101710,2022-09-01,Current,229320.03,0,2022-09-03,Servicer_Feed
LN100050,2022-04-01,Current,393762.4663834097,0,2022-04-07,Servicer_Feed
LN101634,2021-01-01,Current,229246.06,0,2021-01-09,Servicer_Feed
LN101109,2022-07-01,Current,307705.69,0,2022-07-05,Servicer_Feed
LN101485,2021-09-01,Current,245745.05,0,2021-09-04,Servicer_Feed
LN101095,2021-02-01,Current,116521.61,0,2021-02-09,Servicer_Feed
LN101757,2023-08-01,Current,189713.42,0,2023-08-06,Servicer_Feed
LN101532,2023-06-01,Current,274331.48,0,2023-06-06,Servicer_Feed
LN100319,2021-08-01,Current,259396.14,0,2021-08-04,Servicer_Feed
LN100630,2021-05-01,Current,112356.38,0,2021-05-01,Servicer_Feed
LN101501,2023-02-01,Current,214960.49280077885,0,2023-02-04,Servicer_Feed
LN100182,2022-10-01,Current,220513.84,0,2022-10-10,Servicer_Feed
LN101617,2024-07-01,Current,229493.13,0,2024-07-09,Servicer_Feed
LN100287,2022-05-01,Current,154765.93,0,2022-01-01,Servicer_Feed
LN101599,2021-10-01,Current,145122.54,0,2021-10-03,Servicer_Feed
LN100934,2019-12-01,Current,252364.4,0,2019-12-05,Servicer_Feed
LN101648,2023-04-01,Current,189471.31,0,2023-04-05,Servicer_Feed
LN100892,2024-02-01,Current,363706.22,0,2024-02-10,Servicer_Feed
LN101200,2019-11-01,Current,152231.2,0,2019-11-07,Servicer_Feed
LN100663,2023-03-01,30DPD,163660.64,30,2023-03-07,Servicer_Feed
LN100814,2021-12-01,Current,133305.36070768576,0,2021-12-10,Servicer_Feed
LN101602,2020-12-01,Current,167839.62,0,2020-12-03,Servicer_Feed
LN101112,2020-03-01,Current,226806.69,0,2020-03-08,Servicer_Feed
LN101387,2024-10-01,Current,119452.96,0,2024-10-10,Servicer_Feed
LN100039,2021-10-01,Current,245473.94,0,2021-10-07,Servicer_Feed
LN101895,2021-01-01,Current,192325.13024004383,0,2021-01-01,Servicer_Feed
LN100576,2024-03-01,Current,258426.48,0,2024-03-02,Servicer_Feed
LN100659,2022-01-01,Current,217160.42,0,2022-01-02,Servicer_Feed
LN100559,2023-09-01,Current,508807.44,0,2023-09-02,Servicer_Feed
LN100540,2024-11-01,Current,159019.53,0,2024-11-07,Servicer_Feed
LN101318,2024-12-01,Current,180991.35,0,2024-12-04,Servicer_Feed
LN101322,2023-09-01,Current,349636.1,0,2023-09-06,Servicer_Feed
LN101428,2022-07-01,Current,211880.69,0,2022-07-05,Servicer_Feed
LN101759,2021-10-01,Current,258864.55,0,2021-06-01,Servicer_Feed
LN100300,2021-11-01,Current,239302.53216094544,0,2021-11-07,Servicer_Feed
LN101080,2021-02-01,Current,347624.62136351736,0,2022-12-08,Servicer_Feed
LN101867,2021-08-01,Current,241910.76,0,2021-08-01,Servicer_Feed
LN101659,2022-12-01,Current,250797.73,0,2022-12-02,Servicer_Feed
LN100753,2020-08-01,Current,294547.24,0,2020-08-07,Servicer_Feed
LN101853,2024-05-01,Current,273789.09,0,2024-05-09,Servicer_Feed
LN100150,2020-09-01,Current,181111.97,0,2020-09-07,Servicer_Feed
LN101590,2021-01-01,Current,212528.94,0,2021-01-06,Servicer_Feed
LN101575,2023-12-01,Current,171017.52,0,2023-12-04,Servicer_Feed
LN101635,2020-02-01,Current,179280.41333695847,0,2020-02-04,Servicer_Feed
LN100212,2023-05-01,Current,450597.07,0,2023-05-02,Servicer_Feed
LN100212,2023-07-01,Current,447149.6,0,2023-07-07,Servicer_Feed
LN101128,2024-08-01,Current,198511.07,0,2024-08-04,Servicer_Feed
LN101675,2021-11-01,Current,200147.66,0,2021-11-07,Servicer_Feed
LN100986,2021-11-01,Current,568589.9735080308,0,2021-11-03,Servicer_Feed
LN100957,2024-10-01,Current,151837.33,0,2024-10-06,Servicer_Feed
LN100169,2021-08-01,Current,209332.97,0,2021-08-07,Servicer_Feed
LN101288,2024-12-01,Current,139314.12,0,2024-12-04,Servicer_Feed
LN100420,2024-07-01,Current,252287.25,0,2024-07-05,Servicer_Feed
LN101942,2024-01-01,Current,155129.42,0,2023-09-01,Servicer_Feed
LN100623,2024-03-01,Current,150994.67,0,2023-11-01,Servicer_Feed
LN101279,2021-05-01,Current,210000.6,0,2021-01-01,Servicer_Feed
LN101235,2024-05-01,Current,158222.88,0,2024-05-10,Servicer_Feed
LN101817,2023-12-01,Current,179458.0,0,2023-12-02,Servicer_Feed
LN100107,2022-04-01,Current,387908.86,0,2022-04-03,Servicer_Feed
LN100528,2020-09-01,Current,141400.18,0,2020-05-01,Servicer_Feed
LN100993,2019-07-01,Current,179199.15,0,2019-03-01,Servicer_Feed
LN101257,2020-07-01,Current,353050.61,0,2020-07-04,Servicer_Feed
LN100498,2019-09-01,Current,256323.8166172867,0,2019-09-08,Servicer_Feed
LN100819,2020-11-01,Current,319024.9022882544,0,2020-11-05,Servicer_Feed
LN101760,2020-09-01,Current,501985.41,0,2021-07-01,Servicer_Feed
LN101344,2024-06-01,Current,395712.4578491817,0,2024-06-02,Servicer_Feed
LN101555,2021-11-01,Current,319323.41,0,2021-07-01,Servicer_Feed
LN101604,2023-10-01,Current,106397.38924508831,0,2023-10-02,Servicer_Feed
LN101208,2024-12-01,Current,162092.29,0,2024-12-01,Servicer_Feed
LN101027,2022-03-01,Current,483642.98781735305,0,2022-03-02,Servicer_Feed
LN101297,2024-04-01,Current,205730.03,0,2024-04-03,Servicer_Feed
LN100903,2022-05-01,Current,267860.11,0,2022-05-01,Servicer_Feed
LN101333,2024-04-01,Current,169321.56,0,2024-04-03,Servicer_Feed
LN101951,2020-11-01,Current,303641.87,0,2020-07-01,Servicer_Feed
LN100285,2022-02-01,Current,107883.64,0,2022-02-09,Servicer_Feed
LN101529,2022-10-01,Current,412208.0,0,2023-04-06,Servicer_Feed
LN101769,2023-03-01,Current,263032.93,0,2023-03-04,Servicer_Feed
LN101029,2020-10-01,Current,306739.45,0,2020-10-06,Servicer_Feed
LN100916,2021-10-01,Current,191358.65,0,2021-06-01,Servicer_Feed
LN100138,2024-09-01,Current,503853.88,0,2024-05-01,Servicer_Feed
LN100410,2020-08-01,Current,209145.59,0,2020-08-02,Servicer_Feed
LN101907,2022-08-01,Current,381423.73,0,2022-08-03,Servicer_Feed
LN100768,2023-03-01,Current,203648.95,0,2023-03-01,Servicer_Feed
LN101328,2022-04-01,Current,236582.84,0,2022-04-02,Servicer_Feed
LN100810,2024-11-01,Current,205841.95,0,2024-11-01,Servicer_Feed
LN101956,2023-03-01,Current,329239.11,0,2022-11-01,Servicer_Feed
LN101571,2023-01-01,Current,274391.97,0,2023-01-07,Servicer_Feed
LN100546,2022-09-01,Current,308124.85,0,2022-09-07,Servicer_Feed
LN101921,2021-03-01,Current,619970.51,0,2021-03-08,Servicer_Feed
LN101660,2022-07-01,Current,404938.02,0,2022-07-06,Servicer_Feed
LN100765,2024-04-01,Current,597155.84,0,2023-12-01,Servicer_Feed
LN101776,2022-03-01,Current,249863.15,0,2022-03-05,Servicer_Feed
LN100343,2023-01-01,30DPD,189436.26,30,2023-01-02,Servicer_Feed
LN101807,2020-04-01,Current,280844.01,0,2020-04-08,Servicer_Feed
LN101470,2020-02-01,Current,204750.3976817301,0,2020-02-02,Servicer_Feed
LN101275,2022-10-01,Current,289604.658706673,0,2022-10-03,Servicer_Feed
LN101549,2022-04-01,Current,342277.35,0,2022-04-09,Servicer_Feed
LN101301,2024-03-01,Current,143446.93,0,2024-03-07,Servicer_Feed
LN101400,2023-03-01,Current,168214.39,0,2023-03-02,Servicer_Feed
LN100021,2024-05-01,Current,145620.94,0,2024-05-03,Servicer_Feed
LN101467,2022-02-01,Current,365231.41,0,2022-02-02,Servicer_Feed
LN100029,2019-07-01,Current,145777.56,0,2019-07-03,Servicer_Feed
LN101352,2022-11-01,Current,133695.36,0,2022-11-10,Servicer_Feed
LN100722,2022-02-01,Current,339357.36,0,2022-02-07,Servicer_Feed
LN100978,2023-12-01,30DPD,259979.74,30,2023-12-10,Servicer_Feed
LN100950,2024-09-01,Current,197148.27,0,2024-09-08,Servicer_Feed
LN101221,2023-11-01,Current,241535.39,0,2023-07-01,Servicer_Feed
LN100803,2019-06-01,Current,149742.04,0,2019-06-06,Servicer_Feed
LN100246,2022-05-01,Current,426217.52,0,2022-05-09,Servicer_Feed
LN100181,2022-05-01,Current,406717.9,0,2022-05-10,Servicer_Feed
LN101930,2019-10-01,Current,318055.59,0,2019-10-07,Servicer_Feed
LN100954,2024-02-01,Current,281367.0780263836,0,2024-02-04,Servicer_Feed
LN101738,2022-11-01,30DPD,144729.7807820238,30,2022-11-08,Servicer_Feed
LN100487,2024-05-01,Current,365140.81,0,2024-05-01,Servicer_Feed
LN101463,2020-08-01,Current,279673.25,0,2020-04-01,Servicer_Feed
LN101487,2023-03-01,Current,753175.36,0,2023-03-06,Servicer_Feed
LN100072,2023-12-01,Current,218110.47,0,2023-12-05,Servicer_Feed
LN101904,2022-11-01,Current,418487.38,0,2022-07-01,Servicer_Feed
LN101595,2023-03-01,Current,176043.84,0,2023-03-05,Servicer_Feed
LN101449,2023-10-01,Current,271605.96,0,2023-10-02,Servicer_Feed
LN100699,2022-11-01,Current,191206.41,0,2022-11-08,Servicer_Feed
LN101641,2024-03-01,Current,399615.2519701156,0,2024-03-02,Servicer_Feed
LN100397,2023-05-01,Current,431884.33299707965,0,2023-05-09,Servicer_Feed
LN100409,2022-07-01,Current,288777.68,0,2022-07-05,Servicer_Feed
LN100726,2022-05-01,Current,241334.41228273188,0,2022-05-07,Servicer_Feed
LN101490,2020-06-01,Current,140329.68,0,2020-06-01,Servicer_Feed
LN100641,2023-08-01,Current,358883.7,0,2023-08-07,Servicer_Feed
LN100695,2020-11-01,Current,225247.36512815536,0,2020-11-07,Servicer_Feed
LN100283,2024-09-01,Current,166543.63,0,2024-09-09,Servicer_Feed
LN101222,2021-02-01,Current,223958.15,0,2021-02-05,Servicer_Feed
LN100944,2020-02-01,Current,221824.64,0,2019-10-01,Servicer_Feed
LN100029,2023-08-01,Current,134513.55,0,2023-08-07,Servicer_Feed
LN101759,2021-06-01,30DPD,327790.8790209813,30,2021-06-04,Servicer_Feed
LN100497,2019-06-01,Current,267524.1,0,2019-06-04,Servicer_Feed
LN101571,2021-02-01,Current,284591.62,0,2021-02-09,Servicer_Feed
LN101568,2024-09-01,Current,219279.76,0,2024-05-01,Servicer_Feed
LN100384,2024-04-01,Current,294096.68,0,2024-04-07,Servicer_Feed
LN100831,2020-08-01,Current,119621.21051235127,0,2020-08-05,Servicer_Feed
LN101006,2021-09-01,Current,130101.48,0,2021-05-01,Servicer_Feed
LN101495,2020-11-01,Current,185474.57,0,2020-11-08,Servicer_Feed
LN101694,2024-12-01,Current,229513.55,0,2024-12-07,Servicer_Feed
LN100289,2023-12-01,Current,226435.85,0,2023-12-06,Servicer_Feed
LN100230,2024-02-01,Current,183479.42,0,2024-02-02,Servicer_Feed
LN101970,2020-07-01,Current,346198.47,0,2020-07-09,Servicer_Feed
LN101560,2021-11-01,Current,159573.27,0,2021-11-06,Servicer_Feed
LN100615,2024-02-01,Current,147041.32,0,2024-02-04,Servicer_Feed
LN101030,2022-08-01,Current,153018.95,0,2022-08-03,Servicer_Feed
LN101163,2024-01-01,Current,193620.37,0,2024-01-07,Servicer_Feed
LN101961,2024-12-01,Current,235375.14,0,2024-08-01,Servicer_Feed
LN101917,2023-02-01,60DPD,117669.01632381204,60,2023-02-06,Servicer_Feed
LN100759,2020-11-01,Current,232291.99,0,2020-11-07,Servicer_Feed
LN100531,2023-10-01,Current,330574.64,0,2023-06-01,Servicer_Feed
LN100088,2023-02-01,Current,477983.78,0,2023-02-09,Servicer_Feed
LN100129,2024-02-01,Current,223847.87,0,2024-02-09,Servicer_Feed
LN100781,2023-11-01,Current,114203.61,0,2023-11-03,Servicer_Feed
LN100214,2022-03-01,Current,265229.97,0,2022-03-09,Servicer_Feed
LN100230,2023-06-01,Current,186066.84,0,2023-06-01,Servicer_Feed
LN101607,2020-12-01,Current,208143.08,0,2020-12-02,Servicer_Feed
LN100978,2024-10-01,Current,255524.66,0,2024-10-06,Servicer_Feed
LN101313,2023-11-01,Current,180789.38,0,2023-11-09,Servicer_Feed
LN101182,2024-09-01,Current,454973.41,0,2024-09-06,Servicer_Feed
LN101822,2023-03-01,Current,386027.37,0,2023-03-04,Servicer_Feed
LN101920,2022-09-01,Current,243482.32,0,2022-09-07,Servicer_Feed
LN101584,2020-05-01,Current,301613.36,0,2020-05-03,Servicer_Feed
LN101474,2023-11-01,Current,348097.2,0,2023-11-04,Servicer_Feed
LN101151,2023-01-01,Current,100324.52,0,2022-09-01,Servicer_Feed
LN101235,2023-01-01,Current,162746.8,0,2023-01-07,Servicer_Feed
LN100979,2022-08-01,Current,145808.1,0,2022-08-07,Servicer_Feed
LN100657,2024-03-01,Current,353499.3,0,2024-03-02,Servicer_Feed
LN100783,2024-10-01,Current,104776.29,0,2024-10-02,Servicer_Feed
LN101817,2022-03-01,Current,185574.33,0,2022-03-03,Servicer_Feed
LN101436,2021-07-01,Current,116550.82765990176,0,2021-07-07,Servicer_Feed
LN101389,2024-05-01,Current,228011.17737383526,0,2024-05-04,Servicer_Feed
LN101671,2023-12-01,Current,392295.68,0,2023-12-01,Servicer_Feed
LN100978,2023-07-01,Current,261738.94,0,2023-07-04,Servicer_Feed
LN101499,2024-05-01,Current,257679.67,0,2024-01-01,Servicer_Feed
LN100384,2024-03-01,Current,295157.7,0,2024-03-05,Servicer_Feed
LN101701,2024-04-01,Current,175841.46,0,2023-12-01,Servicer_Feed
LN100472,2021-01-01,Current,447442.93,0,2021-01-10,Servicer_Feed
LN101234,2024-10-01,Current,111099.32,0,2024-06-01,Servicer_Feed
LN101565,2022-04-01,Current,174177.78048301107,0,2022-04-08,Servicer_Feed
LN101046,2023-08-01,Current,134631.4,0,2023-08-02,Servicer_Feed
LN100604,2022-06-01,Current,257828.20879270698,0,2022-06-08,Servicer_Feed
LN100503,2021-06-01,Current,287605.88,0,2021-06-08,Servicer_Feed
LN101848,2024-11-01,Current,348965.68,0,2024-11-03,Servicer_Feed
LN101720,2024-07-01,Current,81551.59,0,2024-07-10,Servicer_Feed
LN100981,2023-01-01,Current,349863.84,0,2023-01-08,Servicer_Feed
LN100523,2024-07-01,Current,99506.62756742624,0,2024-07-01,Servicer_Feed
LN101598,2024-05-01,Current,314140.28,0,2024-05-05,Servicer_Feed
LN100326,2020-10-01,Current,556940.5747310355,0,2020-10-08,Servicer_Feed
LN100028,2024-01-01,Current,329052.48,0,2023-09-01,Servicer_Feed
LN100897,2020-10-01,Current,485816.4,0,2020-06-01,Servicer_Feed
LN100645,2020-08-01,Current,326007.55,0,2020-08-03,Servicer_Feed
LN101325,2023-02-01,Current,117359.96,0,2023-02-10,Servicer_Feed
LN100644,2019-10-01,Current,136572.21199143174,0,2019-10-03,Servicer_Feed
LN101558,2023-08-01,Current,294792.5684087649,0,2023-08-08,Servicer_Feed
LN100357,2024-05-01,Current,314397.83,0,2024-05-01,Servicer_Feed
LN101502,2023-04-01,Current,204903.15,0,2023-04-06,Servicer_Feed
LN101146,2022-06-01,Current,216039.6,0,2022-06-05,Servicer_Feed
LN101212,2022-01-01,Current,122213.52,0,2022-01-09,Servicer_Feed
LN101921,2022-11-01,Current,600736.27,0,2022-11-02,Servicer_Feed
LN101485,2024-06-01,Current,232253.74,0,2024-02-01,Servicer_Feed
LN101263,2020-04-01,Current,278819.56,0,2019-12-01,Servicer_Feed
LN101942,2022-01-01,Current,167290.11,0,2021-09-01,Servicer_Feed
LN100973,2019-06-01,Current,259406.43,0,2019-06-09,Servicer_Feed
LN101899,2024-12-01,90DPD,182050.39,95,2024-08-01,Servicer_Feed
LN101867,2023-11-01,Current,219855.12,0,2023-07-01,Servicer_Feed
LN101722,2024-03-01,Current,449836.23,0,2024-03-08,Servicer_Feed
LN101709,2022-11-01,Current,328962.00400098506,0,2022-11-06,Servicer_Feed
LN100586,2022-04-01,Current,202211.88,0,2022-04-02,Servicer_Feed
LN101840,2023-07-01,Current,349786.3,0,2023-07-04,Servicer_Feed
LN101040,2023-07-01,Current,182547.67966557876,0,2023-07-10,Servicer_Feed
LN101390,2024-12-01,Current,575158.8,0,2024-12-09,Servicer_Feed
LN100473,2023-06-01,Current,198097.53,0,2023-06-10,Servicer_Feed
LN100695,2020-10-01,Current,273243.79,0,2020-10-04,Servicer_Feed
LN101997,2023-01-01,Current,129316.55,0,2023-01-05,Servicer_Feed
LN100831,2023-08-01,Current,156854.37,0,2023-04-01,Servicer_Feed
LN101706,2024-03-01,Current,242717.63,0,2024-03-09,Servicer_Feed
LN101254,2024-09-01,Current,261293.6,0,2024-09-03,Servicer_Feed
LN101727,2023-09-01,Current,299301.56,0,2023-09-02,Servicer_Feed
LN100502,2023-05-01,Current,189790.3,0,2023-05-01,Servicer_Feed
LN100569,2024-04-01,Current,285849.51,0,2024-04-03,Servicer_Feed
LN101017,2024-10-01,Current,415582.55,0,2024-10-06,Servicer_Feed
LN100769,2024-09-01,Current,204797.82,0,2024-09-01,Servicer_Feed
LN101727,2022-10-01,Current,304712.04,0,2022-06-01,Servicer_Feed
LN101780,2023-12-01,Current,120629.7,0,2023-12-05,Servicer_Feed
LN101815,2022-07-01,Current,382072.3,0,2022-07-08,Servicer_Feed
LN101751,2023-02-01,Current,182081.45,0,2023-02-10,Servicer_Feed
LN101252,2021-04-01,Current,257148.28,0,2021-04-02,Servicer_Feed
LN100485,2022-09-01,60DPD,239870.68,60,2022-09-03,Servicer_Feed
LN100612,2022-08-01,Current,288715.54,0,2022-08-09,Servicer_Feed
LN101017,2024-09-01,Current,416248.06,0,2024-09-06,Servicer_Feed
LN101516,2019-07-01,Current,500270.01,0,2019-03-01,Servicer_Feed
LN100314,2021-08-01,Current,158428.63,0,2021-08-05,Servicer_Feed
LN101611,2021-04-01,Current,88592.85,0,2020-12-01,Servicer_Feed
LN100681,2023-10-01,Current,208479.68,0,2023-10-08,Servicer_Feed
LN101941,2022-11-01,Current,347747.1,0,2022-11-05,Servicer_Feed
LN100416,2023-12-01,Current,328292.44,0,2023-12-05,Servicer_Feed
LN101632,2021-06-01,Current,74378.17,0,2021-06-07,Servicer_Feed
LN100045,2022-10-01,Current,168638.33,0,2022-10-05,Servicer_Feed
LN100307,2022-10-01,Current,256820.96,0,2022-10-01,Servicer_Feed
LN101846,2024-06-01,Current,198859.89323585326,0,2024-06-03,Servicer_Feed
LN100974,2020-02-01,Current,382537.82,0,2019-10-01,Servicer_Feed
LN100208,2024-10-01,Current,218109.0,0,2024-10-07,Servicer_Feed
LN101358,2024-10-01,Current,161125.92,0,2024-06-01,Servicer_Feed
LN101345,2023-09-01,Current,245577.41,0,2023-09-03,Servicer_Feed
LN101574,2021-04-01,Current,132871.0655625731,0,2021-04-02,Servicer_Feed
LN100076,2020-06-01,Current,241268.5,0,2020-06-09,Servicer_Feed
LN101123,2023-07-01,Current,363244.28,0,2023-07-01,Servicer_Feed
LN101340,2020-04-01,Current,231724.91,0,2020-04-07,Servicer_Feed
LN101347,2023-08-01,Current,200520.78,0,2023-08-01,Servicer_Feed
LN100241,2021-05-01,Current,589534.0428746549,0,2021-05-01,Servicer_Feed
LN100513,2023-05-01,Current,106480.57,0,2023-05-10,Servicer_Feed
LN100323,2023-05-01,Current,123388.12,0,2023-01-01,Servicer_Feed
LN101011,2024-12-01,Current,147925.59,0,2024-12-02,Servicer_Feed
LN100075,2022-09-01,Current,212008.34,0,2022-09-08,Servicer_Feed
LN101503,2023-09-01,Current,364339.45,0,2023-09-09,Servicer_Feed
LN100873,2023-10-01,Current,120455.94,0,2023-10-01,Servicer_Feed
LN100892,2022-03-01,Current,392881.53,0,2022-03-04,Servicer_Feed
LN101447,2021-03-01,Current,168595.25,0,2020-11-01,Servicer_Feed
LN100296,2023-10-01,Current,266911.77,0,2023-06-01,Servicer_Feed
LN101474,2022-01-01,Current,359374.04,0,2022-01-03,Servicer_Feed
LN101671,2024-12-01,Current,384866.28,0,2024-12-01,Servicer_Feed
LN101855,2024-12-01,Current,345212.75,0,2024-12-09,Servicer_Feed
LN101181,2021-03-01,Current,235443.33,0,2020-11-01,Servicer_Feed
LN101019,2022-07-01,Current,148896.59616336506,0,2022-07-10,Servicer_Feed
LN100000,2024-01-01,Current,371672.29293847235,0,2024-01-05,Servicer_Feed
LN100081,2023-01-01,Current,231203.31,0,2023-01-03,Servicer_Feed
LN101344,2022-01-01,Current,362291.04,0,2021-09-01,Servicer_Feed
LN101054,2023-09-01,Current,365454.96,0,2023-09-07,Servicer_Feed
LN101071,2023-07-01,Current,157535.36655795298,0,2023-07-08,Servicer_Feed
LN100898,2021-05-01,Current,207468.3701009891,0,2021-05-10,Servicer_Feed
LN100764,2021-06-01,Current,433939.21919173264,0,2021-06-09,Servicer_Feed
LN100896,2024-05-01,Current,270390.46511637716,0,2024-05-01,Servicer_Feed
LN101890,2023-09-01,Current,148030.9182994817,0,2023-09-09,Servicer_Feed
LN100775,2024-09-01,Current,315776.83,0,2024-09-04,Servicer_Feed
LN100381,2021-04-01,Current,253074.97,0,2021-04-06,Servicer_Feed
LN100136,2019-10-01,Current,192805.79,0,2019-10-03,Servicer_Feed
LN100023,2024-03-01,Current,169838.45,0,2024-03-01,Servicer_Feed
LN100739,2023-08-01,Current,149759.01,0,2023-08-09,Servicer_Feed
LN101869,2024-07-01,Current,255350.12,0,2024-03-01,Servicer_Feed
LN101853,2021-10-01,Current,303845.23,0,2021-10-05,Servicer_Feed
LN100061,2021-07-01,Current,129503.39,0,2021-07-06,Servicer_Feed
LN100997,2024-04-01,Current,212769.65,0,2024-04-07,Servicer_Feed
LN101893,2021-03-01,Current,223415.32,0,2021-03-07,Servicer_Feed
LN100552,2024-06-01,Current,320463.46,0,2024-06-03,Servicer_Feed
LN101214,2024-05-01,Current,120811.81,0,2024-05-09,Servicer_Feed
LN101118,2020-06-01,Current,347040.38213281624,0,2020-06-01,Servicer_Feed
LN100319,2021-11-01,Current,256971.84,0,2021-11-08,Servicer_Feed
LN101212,2022-06-01,Current,121277.59,0,2022-06-05,Servicer_Feed
LN100321,2021-10-01,Current,204126.36393588776,0,2021-10-03,Servicer_Feed
LN100800,2024-06-01,Current,288264.39,0,2024-06-06,Servicer_Feed
LN101467,2022-04-01,Current,362971.49,0,2022-04-06,Servicer_Feed
LN100034,2023-07-01,Current,274848.8,0,2023-07-10,Servicer_Feed
LN101506,2021-06-01,Current,272683.92,0,2021-06-09,Servicer_Feed
LN101000,2021-09-01,Current,139905.2,0,2021-09-03,Servicer_Feed
LN100530,2023-09-01,Current,156255.89,0,2023-09-06,Servicer_Feed
LN100142,2023-08-01,Current,155790.86,0,2023-08-08,Servicer_Feed
LN100254,2024-02-01,Current,168385.7,0,2024-02-06,Servicer_Feed
LN100029,2019-10-01,Current,145108.58,0,2019-06-01,Servicer_Feed
LN101607,2023-10-01,Current,197034.3,0,2023-10-10,Servicer_Feed
LN100131,2024-08-01,Current,165696.08616624674,0,2024-08-01,Servicer_Feed
LN100792,2020-06-01,Current,153479.57,0,2020-02-01,Servicer_Feed
LN100625,2023-11-01,Current,315684.64,0,2023-11-06,Servicer_Feed
LN101242,2023-06-01,Current,479774.21,0,2023-02-01,Servicer_Feed
LN100759,2022-08-01,Current,216991.25,0,2022-08-10,Servicer_Feed
LN100219,2023-05-01,Current,225364.11,0,2023-05-07,Servicer_Feed
LN101706,2021-11-01,Current,254348.02,0,2021-11-10,Servicer_Feed
LN100855,2024-02-01,30DPD,201276.26,30,2024-02-06,Servicer_Feed
LN100595,2024-06-01,Current,125193.57,0,2024-02-01,Servicer_Feed
LN101121,2023-04-01,Current,273940.59,0,2023-04-02,Servicer_Feed
LN100014,2021-03-01,Current,316346.9655697582,0,2021-03-08,Servicer_Feed
LN101165,2021-06-01,Current,228102.39,0,2021-06-09,Servicer_Feed
LN100934,2023-07-01,Current,235076.06,0,2023-07-01,Servicer_Feed
LN101388,2024-12-01,Current,335530.11,0,2024-12-04,Servicer_Feed
LN101387,2023-06-01,Current,122679.63,0,2023-06-04,Servicer_Feed
LN100283,2023-02-01,Current,171991.94,0,2023-02-05,Servicer_Feed
LN101062,2023-09-01,Current,307650.51,0,2023-09-01,Servicer_Feed
LN100313,2022-11-01,Current,276033.21,0,2022-11-04,Servicer_Feed
LN101834,2020-12-01,Current,327777.55,0,2020-12-04,Servicer_Feed
LN101548,2022-10-01,Current,156784.88,0,2022-06-01,Servicer_Feed
LN101378,2024-11-01,Current,117150.58911980235,0,2024-11-06,Servicer_Feed
LN101837,2023-12-01,Current,220307.39,0,2023-12-07,Servicer_Feed
LN101312,2022-08-01,Current,216634.07,0,2022-08-07,Servicer_Feed
LN101783,2023-11-01,Current,227201.5,0,2023-11-08,Servicer_Feed
LN100330,2024-12-01,Current,147977.34,0,2024-12-02,Servicer_Feed
LN101289,2021-09-01,Current,224069.38,0,2021-09-06,Servicer_Feed
LN100010,2019-04-01,Current,235392.62,0,2019-04-08,Servicer_Feed
LN101902,2023-12-01,Current,464519.18566653563,0,2023-12-09,Servicer_Feed
LN101508,2022-01-01,Current,182244.13,0,2022-01-07,Servicer_Feed
LN100452,2024-09-01,Current,89065.64,0,2024-09-09,Servicer_Feed
LN100157,2022-04-01,Current,214291.7,0,2022-04-02,Servicer_Feed
LN100425,2024-05-01,Current,100505.53,0,2024-01-01,Servicer_Feed
LN101933,2023-11-01,Current,259896.03,0,2023-11-05,Servicer_Feed
LN101361,2022-01-01,Current,265794.43,0,2022-01-07,Servicer_Feed
LN101209,2022-07-01,Current,151081.86,0,2022-07-10,Servicer_Feed
LN101433,2023-06-01,Current,341142.77,0,2023-06-01,Servicer_Feed
LN101986,2021-02-01,Current,262984.45,0,2021-02-10,Servicer_Feed
LN101838,2024-09-01,Current,84115.64,0,2024-05-01,Servicer_Feed
LN100636,2024-12-01,Current,255305.58,0,2024-08-01,Servicer_Feed
LN101034,2024-09-01,Current,210606.28,0,2024-09-08,Servicer_Feed
LN101508,2019-07-01,Current,190330.77,0,2019-07-02,Servicer_Feed
LN101833,2020-08-01,Current,203037.5,0,2020-04-01,Servicer_Feed
LN100603,2023-08-01,Current,1453547.9730429207,0,2023-08-08,Servicer_Feed
LN101352,2021-04-01,Current,142719.25,0,2021-04-08,Servicer_Feed
LN101599,2020-05-01,Current,149044.18,0,2020-01-01,Servicer_Feed
LN100484,2022-11-01,Current,348754.85,0,2022-11-06,Servicer_Feed
LN100945,2020-07-01,Current,187189.22,0,2020-07-09,Servicer_Feed
LN101521,2023-03-01,Current,173780.07,0,2023-03-03,Servicer_Feed
LN101039,2023-11-01,Current,122704.08,0,2023-11-09,Servicer_Feed
LN100184,2024-03-01,Current,186893.96,0,2024-03-07,Servicer_Feed
LN101470,2022-11-01,Current,194687.17,0,2022-11-01,Servicer_Feed
LN101371,2021-12-01,Current,214643.55,0,2021-12-06,Servicer_Feed
LN100954,2024-08-01,Current,312328.77,0,2024-08-05,Servicer_Feed
LN100868,2024-08-01,Current,276431.15,0,2024-08-03,Servicer_Feed
LN101554,2023-11-01,Current,246777.2,0,2023-11-04,Servicer_Feed
LN100292,2022-04-01,Current,197169.67240991959,0,2022-04-09,Servicer_Feed
LN101713,2019-10-01,Current,504756.29,0,2019-10-04,Servicer_Feed
LN101083,2024-06-01,Current,537681.79,0,2024-06-07,Servicer_Feed
LN100312,2023-04-01,Current,204687.67,0,2023-04-04,Servicer_Feed
LN101863,2022-05-01,Current,371330.08,0,2022-05-07,Servicer_Feed
LN101284,2023-09-01,Current,93015.48,0,2023-09-08,Servicer_Feed
LN101602,2021-09-01,Current,162747.99,0,2021-09-03,Servicer_Feed
LN100937,2021-03-01,Current,166410.57,0,2021-03-08,Servicer_Feed
LN100143,2021-07-01,Current,223006.05,0,2021-07-02,Servicer_Feed
LN101202,2023-10-01,Current,280997.0,0,2023-10-07,Servicer_Feed
LN101192,2024-11-01,Current,263081.54,0,2024-11-01,Servicer_Feed
LN101849,2024-11-01,Current,246477.73,0,2024-07-01,Servicer_Feed
LN101834,2024-02-01,Current,259184.07566675925,0,2024-02-09,Servicer_Feed
LN101755,2021-12-01,Current,355410.25,0,2021-12-02,Servicer_Feed
LN101206,2023-05-01,Current,292241.78,0,2023-05-08,Servicer_Feed
LN100337,2022-03-01,Current,403070.46,0,2022-03-03,Servicer_Feed
LN101331,2021-08-01,Current,325298.38,0,2021-08-06,Servicer_Feed
LN101095,2020-09-01,Current,117420.83,0,2020-09-05,Servicer_Feed
LN100150,2021-10-01,Current,177361.44,0,2021-06-01,Servicer_Feed
LN100903,2023-04-01,Current,258689.4,0,2023-04-02,Servicer_Feed
LN101733,2024-12-01,Current,125909.89,0,2024-12-09,Servicer_Feed
LN101322,2022-11-01,Current,323190.6117067592,0,2022-11-09,Servicer_Feed
LN101782,2024-03-01,Current,196448.37,0,2024-03-08,Servicer_Feed
LN100080,2023-01-01,Current,324880.14,0,2023-01-10,Servicer_Feed
LN100485,2021-10-01,Current,243088.32,0,2021-10-09,Servicer_Feed
LN101668,2023-12-01,Current,171861.04452119188,0,2023-12-07,Servicer_Feed
LN100715,2023-02-01,Current,355574.48,0,2023-02-10,Servicer_Feed
LN101326,2022-05-01,Current,358281.29,0,2022-05-07,Servicer_Feed
LN101062,2024-05-01,Current,297652.82,0,2024-05-10,Servicer_Feed
LN100417,2021-07-01,Current,253833.03,0,2021-07-03,Servicer_Feed
LN100202,2020-07-01,Current,261399.66,0,2020-07-04,Servicer_Feed
LN100756,2024-07-01,Current,154231.51,0,2024-07-03,Servicer_Feed
LN100185,2023-03-01,Current,257786.93,0,2023-03-06,Servicer_Feed
LN100454,2024-09-01,Current,180602.49,0,2024-09-09,Servicer_Feed
LN100624,2022-08-01,Current,416062.72,0,2022-08-02,Servicer_Feed
LN100829,2024-12-01,Current,151762.44,0,2024-12-10,Servicer_Feed
LN101922,2022-12-01,Current,211884.42,0,2022-12-05,Servicer_Feed
LN100712,2024-03-01,Current,272542.65,0,2024-03-01,Servicer_Feed
LN100681,2023-05-01,Current,210199.57,0,2023-01-01,Servicer_Feed
LN100704,2021-11-01,Current,166167.41,0,2021-11-02,Servicer_Feed
LN100172,2019-06-01,Current,263573.77,0,2019-06-08,Servicer_Feed
LN100783,2024-07-01,Current,105348.94,0,2024-07-05,Servicer_Feed
LN100261,2021-12-01,Current,205187.11,0,2021-12-05,Servicer_Feed
LN101811,2022-12-01,Current,603275.81,0,2022-12-04,Servicer_Feed
LN100413,2022-01-01,Current,190118.56,0,2022-01-06,Servicer_Feed
LN100451,2020-11-01,Current,229175.02,0,2020-11-02,Servicer_Feed
LN101574,2024-05-01,Current,172001.01,0,2024-05-01,Servicer_Feed
LN101300,2024-08-01,60DPD,256116.32,60,2024-04-01,Servicer_Feed
LN100163,2022-04-01,Current,275885.60769711906,0,2022-04-04,Servicer_Feed
LN101096,2024-04-01,Current,464804.96,0,2024-04-03,Servicer_Feed
LN100756,2022-07-01,Current,160210.03,0,2022-07-03,Servicer_Feed
LN100690,2024-03-01,Current,178959.27,0,2023-11-01,Servicer_Feed
LN100392,2022-09-01,Current,243851.91,0,2022-09-08,Servicer_Feed
LN100567,2023-06-01,Current,240846.54,0,2023-06-04,Servicer_Feed
LN101741,2023-02-01,Current,285659.58,0,2022-10-01,Servicer_Feed
LN101303,2019-12-01,Current,181924.06959289435,0,2019-12-05,Servicer_Feed
LN101080,2022-09-01,Current,279918.94,0,2022-09-05,Servicer_Feed
LN101841,2022-08-01,Current,153502.9,0,2022-08-09,Servicer_Feed
LN101115,2023-12-01,Current,139100.2,0,2023-08-01,Servicer_Feed
LN101943,2023-02-01,Current,280043.54,0,2022-10-01,Servicer_Feed
LN100179,2024-09-01,Current,157637.04680181973,0,2024-09-09,Servicer_Feed
LN100235,2021-06-01,Current,82402.34,0,2021-06-09,Servicer_Feed
LN101011,2024-07-01,Current,114037.17009634624,0,2024-07-03,Servicer_Feed
LN100157,2022-11-01,Current,209024.43,0,2022-11-01,Servicer_Feed
LN100619,2020-07-01,Current,207132.83,0,2020-07-06,Servicer_Feed
LN100636,2021-05-01,Current,296339.84,0,2021-01-01,Servicer_Feed
LN101098,2023-03-01,Current,212092.07,0,2023-03-04,Servicer_Feed
LN101045,2021-06-01,Current,337961.45,0,2021-06-05,Servicer_Feed
LN101602,2022-09-01,Current,155748.97,0,2022-09-07,Servicer_Feed
LN101882,2020-04-01,Current,290810.61,0,2020-04-05,Servicer_Feed
LN101008,2024-11-01,Current,314694.25,0,2024-11-04,Servicer_Feed
LN100951,2022-03-01,Current,202470.74,0,2022-03-10,Servicer_Feed
LN100107,2023-08-01,Current,377766.86,0,2023-08-02,Servicer_Feed
LN100593,2024-12-01,Current,218531.610913448,0,2024-12-07,Servicer_Feed
LN100379,2022-04-01,Current,160210.03,0,2022-04-06,Servicer_Feed
LN101870,2024-03-01,Current,106211.71,0,2023-11-01,Servicer_Feed
LN101974,2024-01-01,30DPD,299223.53,30,2023-09-01,Servicer_Feed
LN100321,2021-03-01,Current,186397.76,0,2021-03-02,Servicer_Feed
LN100863,2022-10-01,Current,453838.05,0,2022-10-10,Servicer_Feed
LN101763,2023-08-01,Current,196803.73,0,2023-08-07,Servicer_Feed
LN101230,2021-11-01,Current,243900.83,0,2021-07-01,Servicer_Feed
LN100726,2020-06-01,Current,243945.12,0,2020-02-01,Servicer_Feed
LN101862,2024-12-01,Current,457958.07,0,2024-08-01,Servicer_Feed
LN100677,2022-08-01,Current,208810.84,0,2022-08-07,Servicer_Feed
LN101983,2021-10-01,Current,200317.3,0,2021-10-03,Servicer_Feed
LN100946,2020-12-01,Current,381766.8,0,2020-12-01,Servicer_Feed
LN101997,2022-07-01,Current,130576.98,0,2022-03-01,Servicer_Feed
LN101016,2024-05-01,Current,106874.04,0,2024-05-01,Servicer_Feed
LN101720,2021-12-01,30DPD,85890.07,30,2021-12-06,Servicer_Feed
LN100555,2023-02-01,Current,176348.42,0,2022-10-01,Servicer_Feed
LN100929,2022-10-01,Current,257372.91,0,2022-10-10,Servicer_Feed
LN101390,2022-11-01,Current,601810.71,0,2022-11-05,Servicer_Feed
LN101369,2022-02-01,Current,235640.44,0,2022-02-03,Servicer_Feed
LN100964,2020-05-01,Current,318244.97,0,2020-05-03,Servicer_Feed
LN100002,2024-06-01,Current,343362.07,0,2024-06-03,Servicer_Feed
LN101894,2024-02-01,Current,113867.75,0,2024-02-06,Servicer_Feed
LN101907,2020-02-01,Current,431106.5438208155,0,2020-02-01,Servicer_Feed
LN101127,2021-11-01,Current,547136.6869691735,0,2021-11-05,Servicer_Feed
LN100955,2022-04-01,30DPD,273659.1584124828,30,2022-04-02,Servicer_Feed
LN101474,2022-10-01,Current,354337.33,0,2022-06-01,Servicer_Feed
LN100606,2019-11-01,Current,336953.85,0,2019-11-03,Servicer_Feed
LN101443,2023-09-01,Current,203675.67,0,2023-09-03,Servicer_Feed
LN100784,2024-11-01,Current,109625.32,0,2024-11-06,Servicer_Feed
LN101582,2022-01-01,Current,301040.23,0,2022-01-03,Servicer_Feed
LN101589,2021-02-01,Current,225556.48981672674,0,2021-02-01,Servicer_Feed
LN100869,2021-07-01,Current,162651.81,0,2021-07-04,Servicer_Feed
LN101142,2020-09-01,30DPD,221162.53,30,2020-09-08,Servicer_Feed
LN101961,2024-07-01,Current,237389.43,0,2024-07-07,Servicer_Feed
LN100483,2024-04-01,Current,371561.25,0,2024-04-09,Servicer_Feed
LN101852,2024-11-01,Current,94924.18,0,2024-11-05,Servicer_Feed
LN100772,2024-03-01,Current,436215.2174533937,0,2024-03-02,Servicer_Feed
LN100742,2023-12-01,Current,223630.65,0,2023-08-01,Servicer_Feed
LN101583,2022-11-01,Current,227716.7,0,2022-07-01,Servicer_Feed
LN100454,2022-06-01,Current,186301.06,0,2022-06-02,Servicer_Feed
LN100968,2020-05-01,Current,262697.1852885609,0,2020-05-02,Servicer_Feed
LN100008,2024-04-01,Current,279487.0,0,2023-12-01,Servicer_Feed
LN100653,2022-02-01,Current,145537.59,0,2022-02-10,Servicer_Feed
LN100545,2024-12-01,Current,205867.78,0,2024-08-01,Servicer_Feed
LN101777,2022-08-01,Current,337963.96,0,2022-08-08,Servicer_Feed
LN101657,2022-02-01,Current,118427.76,0,2022-02-10,Servicer_Feed
LN101278,2020-09-01,Current,155131.97,0,2020-09-09,Servicer_Feed
LN101982,2022-12-01,Current,217140.34,0,2022-08-01,Servicer_Feed
LN101028,2020-06-01,Current,210741.953850862,0,2020-06-07,Servicer_Feed
LN100203,2022-01-01,Current,298305.21,0,2022-01-07,Servicer_Feed
LN101186,2023-10-01,Current,331082.37,0,2023-10-05,Servicer_Feed
LN100923,2022-08-01,Current,482173.36,0,2022-08-03,Servicer_Feed
LN100748,2024-05-01,Current,211222.02,0,2024-05-02,Servicer_Feed
LN101085,2024-04-01,Current,109507.85,0,2024-04-05,Servicer_Feed
LN101944,2020-09-01,Current,151416.84179060545,0,2020-09-08,Servicer_Feed
LN100190,2021-01-01,Current,223318.39,0,2021-01-07,Servicer_Feed
LN100290,2022-09-01,Current,158852.32,0,2022-09-03,Servicer_Feed
LN100415,2024-04-01,Current,521771.5945371193,0,2024-04-09,Servicer_Feed
LN101664,2022-11-01,Current,236841.75,0,2022-11-09,Servicer_Feed
LN100762,2020-12-01,Current,176386.79,0,2020-12-02,Servicer_Feed
LN101941,2019-10-01,Current,343815.8199663313,0,2019-10-01,Servicer_Feed
LN100801,2024-12-01,Current,177820.12,0,2024-08-01,Servicer_Feed
LN100006,2020-12-01,Current,226734.11,0,2020-12-03,Servicer_Feed
LN101106,2019-10-01,Current,409971.19,0,2019-10-04,Servicer_Feed
LN100528,2023-12-01,Current,132269.36,0,2023-12-04,Servicer_Feed
LN100533,2024-01-01,Current,182710.89,0,2024-01-06,Servicer_Feed
LN101202,2023-06-01,Current,282875.31,0,2023-06-10,Servicer_Feed
LN101841,2021-05-01,Current,161200.31,0,2021-05-09,Servicer_Feed
LN101042,2023-01-01,Current,271743.75,0,2023-01-05,Servicer_Feed
LN100670,2024-09-01,Current,155034.59,0,2024-09-03,Servicer_Feed
LN101711,2021-12-01,Current,436275.79396961106,0,2021-12-04,Servicer_Feed
LN100466,2024-11-01,Current,168879.53,0,2024-11-10,Servicer_Feed
LN101549,2024-10-01,Current,326314.88,0,2024-06-01,Servicer_Feed
LN101208,2022-10-01,Current,169181.65,0,2022-10-06,Servicer_Feed
LN101921,2024-08-01,Current,578807.96,0,2024-08-03,Servicer_Feed
LN101968,2022-04-01,Current,180306.35,0,2022-04-03,Servicer_Feed
LN100282,2022-12-01,Current,322227.86,0,2022-08-01,Servicer_Feed
LN100374,2021-10-01,Current,124826.12,0,2021-10-03,Servicer_Feed
LN101235,2019-11-01,Current,157827.33710967813,0,2019-11-01,Servicer_Feed
LN101367,2020-07-01,Current,256524.13,0,2020-07-05,Servicer_Feed
LN101340,2023-03-01,Current,218687.1,0,2023-03-07,Servicer_Feed
LN100060,2023-03-01,Current,146380.28,0,2023-03-08,Servicer_Feed
LN100007,2019-09-01,Current,1540989.0978166417,0,2019-05-01,Servicer_Feed
LN101437,2020-11-01,Current,239577.9018106835,0,2020-11-05,Servicer_Feed
LN101132,2024-09-01,Current,236660.4755369572,0,2024-09-05,Servicer_Feed
LN100808,2024-05-01,Current,231069.93,0,2024-05-07,Servicer_Feed
LN101407,2024-09-01,Current,321117.11,0,2024-09-10,Servicer_Feed
LN101904,2021-02-01,Current,432835.5,0,2021-02-02,Servicer_Feed
LN100414,2020-05-01,Current,242405.22,0,2020-05-06,Servicer_Feed
LN100208,2023-01-01,Current,225627.82,0,2023-01-01,Servicer_Feed
LN101941,2023-09-01,Current,341769.39,0,2023-09-07,Servicer_Feed
LN101989,2022-07-01,Current,594675.49,0,2022-07-07,Servicer_Feed
LN101903,2024-03-01,Current,265023.54942875076,0,2024-03-04,Servicer_Feed
LN101494,2021-10-01,Current,198325.92,0,2021-10-07,Servicer_Feed
LN101780,2023-07-01,Current,121646.2,0,2023-07-05,Servicer_Feed
LN100433,2024-01-01,Current,144354.5,0,2024-01-09,Servicer_Feed
LN101268,2020-12-01,Current,352834.56,0,2020-12-08,Servicer_Feed
LN100664,2021-02-01,Current,187651.16,0,2021-02-10,Servicer_Feed
LN101034,2023-03-01,Current,216770.91,0,2023-03-03,Servicer_Feed
LN100180,2021-05-01,Current,212423.41,0,2021-05-01,Servicer_Feed
LN100845,2021-05-01,Current,296491.69,0,2021-05-10,Servicer_Feed
LN100586,2022-10-01,Current,200320.81,0,2022-06-01,Servicer_Feed
LN101580,2023-03-01,Current,190121.42,0,2023-03-08,Servicer_Feed
LN100924,2023-07-01,Current,245819.79,0,2023-07-04,Servicer_Feed
LN100866,2023-09-01,Current,408192.53,0,2023-09-03,Servicer_Feed
LN100084,2023-02-01,Current,206411.54,0,2023-02-01,Servicer_Feed
LN101321,2023-08-01,30DPD,526819.37,30,2023-08-04,Servicer_Feed
LN101968,2022-02-01,Current,180921.02,0,2022-02-10,Servicer_Feed
LN101308,2021-03-01,Current,78897.51,0,2020-11-01,Servicer_Feed
LN101964,2023-11-01,Current,470092.96,0,2023-07-01,Servicer_Feed
LN100423,2024-09-01,Current,169602.69,0,2024-09-03,Servicer_Feed
LN101921,2021-02-01,Current,583996.1907528313,0,2021-02-10,Servicer_Feed
LN100367,2020-12-01,Current,247698.2475697805,0,2020-12-09,Servicer_Feed
LN100652,2022-08-01,Current,147625.07,0,2022-04-01,Servicer_Feed
LN101933,2024-02-01,Current,259053.39,0,2024-02-08,Servicer_Feed
LN101122,2022-07-01,Current,220414.91,0,2022-07-06,Servicer_Feed
LN100868,2023-09-01,Current,281473.4,0,2023-09-07,Servicer_Feed
LN100208,2019-11-01,Current,240025.49,0,2019-07-01,Servicer_Feed
LN101086,2021-09-01,Current,494865.7020266485,0,2021-09-08,Servicer_Feed
LN100376,2024-03-01,Current,186778.88,0,2024-03-10,Servicer_Feed
LN101605,2023-10-01,Current,126721.53,0,2023-10-07,Servicer_Feed
LN101596,2019-05-01,Current,170179.54,0,2019-05-08,Servicer_Feed
LN101343,2023-03-01,60DPD,371201.264096425,60,2023-03-10,Servicer_Feed
LN101249,2020-05-01,Current,209071.7,0,2020-05-06,Servicer_Feed
LN101568,2024-01-01,Current,225347.79,0,2024-01-03,Servicer_Feed
LN100561,2024-05-01,Current,205388.2713356768,0,2024-05-06,Servicer_Feed
LN100718,2020-08-01,Current,283259.89,0,2020-08-03,Servicer_Feed
LN101807,2020-09-01,Current,276531.58,0,2020-09-05,Servicer_Feed
LN100326,2023-02-01,Current,404503.42,0,2023-02-08,Servicer_Feed
LN101675,2024-07-01,Current,190020.87,0,2024-07-03,Servicer_Feed
LN101171,2024-03-01,Current,237546.06,0,2024-03-10,Servicer_Feed
LN100058,2022-01-01,Current,120559.39,0,2022-01-06,Servicer_Feed
LN101506,2021-09-01,Current,271432.55,0,2021-09-09,Servicer_Feed
LN101200,2021-01-01,Current,148863.28,0,2021-01-01,Servicer_Feed
LN100909,2024-11-01,Current,375169.37159032276,0,2024-11-06,Servicer_Feed
LN100600,2022-12-01,Current,128498.61,0,2022-12-06,Servicer_Feed
LN100745,2020-01-01,Current,212230.9,0,2020-01-07,Servicer_Feed
LN101279,2021-01-01,Current,212638.8,0,2021-01-08,Servicer_Feed
LN100754,2020-12-01,Current,272311.22439416975,0,2020-12-01,Servicer_Feed
LN101004,2021-12-01,Current,297628.72,0,2021-12-04,Servicer_Feed
LN101175,2021-12-01,Current,173663.64,0,2021-12-04,Servicer_Feed
LN100313,2024-08-01,Current,266722.58,0,2024-08-02,Servicer_Feed
LN101587,2021-11-01,Current,167891.56,0,2021-11-02,Servicer_Feed
LN100694,2022-06-01,Current,265559.1880217337,0,2022-06-02,Servicer_Feed
LN101899,2022-02-01,Current,188070.28,0,2022-02-04,Servicer_Feed
LN101120,2021-11-01,Current,175611.47,0,2021-11-03,Servicer_Feed
LN101552,2023-06-01,Current,280424.46,0,2023-06-10,Servicer_Feed
LN100465,2024-06-01,Current,163087.2772654081,0,2024-06-07,Servicer_Feed
LN101770,2020-03-01,Current,294177.43,0,2020-03-09,Servicer_Feed
LN101876,2024-05-01,Current,326548.0,0,2024-05-09,Servicer_Feed
LN101376,2023-03-01,Current,220067.06,0,2022-11-01,Servicer_Feed
LN100792,2022-06-01,Current,147686.69,0,2022-06-03,Servicer_Feed
LN101312,2020-06-01,Current,226022.73,0,2020-06-01,Servicer_Feed
LN100145,2024-03-01,Current,254346.06,0,2024-03-01,Servicer_Feed
LN101961,2022-03-01,Current,248421.11,0,2022-03-06,Servicer_Feed
LN100308,2023-09-01,60DPD,240709.57,60,2023-09-02,Servicer_Feed
LN100537,2021-02-01,Current,267172.11,0,2021-02-01,Servicer_Feed
LN101301,2021-02-01,Current,152946.27,0,2021-02-02,Servicer_Feed
LN100092,2021-03-01,Current,153258.60294719372,0,2021-03-03,Servicer_Feed
LN100135,2023-02-01,Current,281270.82,0,2023-02-02,Servicer_Feed
LN100659,2023-03-01,Current,208831.08,0,2023-03-03,Servicer_Feed
LN101061,2024-01-01,Current,203037.5,0,2024-01-01,Servicer_Feed
LN101654,2020-10-01,Current,87321.84,0,2020-10-06,Servicer_Feed
LN100855,2024-11-01,Current,198381.55,0,2024-11-05,Servicer_Feed
LN100747,2024-06-01,Current,367916.84,0,2024-06-05,Servicer_Feed
LN100451,2022-08-01,Current,221599.81,0,2022-08-06,Servicer_Feed
LN101062,2022-12-01,Current,318589.32,0,2022-08-01,Servicer_Feed
LN100922,2023-07-01,Current,192691.29,0,2023-07-09,Servicer_Feed
LN101048,2022-06-01,Current,416184.37,0,2022-06-02,Servicer_Feed
LN100403,2020-09-01,Current,404931.76,0,2020-09-02,Servicer_Feed
LN100571,2024-05-01,Current,153619.98,0,2024-01-01,Servicer_Feed
LN101054,2024-07-01,Current,900468.633243343,0,2024-07-04,Servicer_Feed
LN101171,2020-06-01,Current,255079.89,0,2020-06-03,Servicer_Feed
LN100615,2021-12-01,Current,162640.09,0,2021-12-10,Servicer_Feed
LN100595,2021-05-01,Current,133299.36,0,2021-05-02,Servicer_Feed
LN101312,2020-12-01,Current,223884.75,0,2020-08-01,Servicer_Feed
LN100491,2023-12-01,Current,180720.1,0,2023-08-01,Servicer_Feed
LN101889,2020-06-01,Current,188198.4307797288,0,2020-06-04,Servicer_Feed
LN100187,2021-07-01,Current,380202.71,0,2021-03-01,Servicer_Feed
LN101187,2022-12-01,Current,160679.46,0,2022-08-01,Servicer_Feed
LN100689,2022-09-01,Current,162901.79,0,2022-09-06,Servicer_Feed
LN100616,2023-11-01,Current,310163.68,0,2023-11-04,Servicer_Feed
LN100058,2022-10-01,Current,118879.23,0,2022-10-06,Servicer_Feed
LN101349,2023-07-01,Current,370965.91,0,2023-03-01,Servicer_Feed
LN100853,2021-08-01,Current,348796.44,0,2021-04-01,Servicer_Feed
LN100762,2023-01-01,Current,169157.6,0,2023-01-03,Servicer_Feed
LN100928,2023-03-01,Current,258645.53992665073,0,2023-03-02,Servicer_Feed
LN101332,2023-11-01,Current,378664.59,0,2023-07-01,Servicer_Feed
LN100389,2021-12-01,Current,523727.11,0,2021-12-01,Servicer_Feed
LN100146,2022-07-01,Current,191885.94,0,2022-03-01,Servicer_Feed
LN101261,2022-03-01,Current,74971.49,0,2022-03-07,Servicer_Feed
LN101334,2023-03-01,Current,159866.48,0,2023-03-09,Servicer_Feed
LN101340,2023-05-01,Current,177553.08258051044,0,2023-05-01,Servicer_Feed
LN100588,2021-09-01,Current,354210.43020565406,0,2021-09-06,Servicer_Feed
LN101586,2023-08-01,Current,87892.27,0,2023-08-10,Servicer_Feed
LN100451,2022-04-01,Current,223058.91,0,2021-12-01,Servicer_Feed
LN101980,2023-11-01,Current,208983.18,0,2023-07-01,Servicer_Feed
LN101720,2021-05-01,Current,67118.65574214928,0,2021-05-08,Servicer_Feed
LN101200,2024-08-01,Current,138352.43,0,2024-08-02,Servicer_Feed
LN100678,2020-12-01,Current,275450.74,0,2020-12-04,Servicer_Feed
LN101743,2024-05-01,30DPD,215600.53,30,2024-05-06,Servicer_Feed
LN101253,2022-07-01,30DPD,474385.78,30,2022-07-03,Servicer_Feed
LN100914,2022-08-01,Current,237485.8269299929,0,2022-08-08,Servicer_Feed
LN101594,2022-05-01,Current,209979.6,0,2022-05-04,Servicer_Feed
LN100566,2023-05-01,Current,254820.77,0,2023-05-06,Servicer_Feed
LN100767,2024-09-01,Current,259149.28,0,2024-09-07,Servicer_Feed
LN100094,2024-02-01,Current,281821.91,0,2024-02-02,Servicer_Feed
LN101339,2024-11-01,Current,189323.26,0,2024-11-06,Servicer_Feed
LN101659,2023-10-01,Current,246833.5,0,2023-10-02,Servicer_Feed
LN101536,2022-12-01,Current,155480.64,0,2022-12-01,Servicer_Feed
LN100849,2022-01-01,Current,159519.5,0,2022-01-07,Servicer_Feed
LN101551,2024-12-01,Current,233276.38,0,2024-12-10,Servicer_Feed
LN101887,2024-12-01,Current,112378.07,0,2024-12-02,Servicer_Feed
LN101162,2022-09-01,Current,256370.29,0,2022-09-07,Servicer_Feed
LN100339,2021-11-01,Current,225283.12,0,2021-11-08,Servicer_Feed
LN100608,2024-04-01,Current,159986.41,0,2024-04-03,Servicer_Feed
LN101660,2021-01-01,Current,417226.99,0,2021-01-10,Servicer_Feed
LN100212,2024-05-01,Current,429574.6,0,2024-05-08,Servicer_Feed
LN101170,2019-04-01,Current,558691.34,0,2019-04-09,Servicer_Feed
LN101696,2022-02-01,Current,169758.89,0,2022-02-09,Servicer_Feed
LN101797,2019-04-01,Current,460056.82,0,2019-04-06,Servicer_Feed
LN101759,2021-11-01,Prepaid,258864.55,0,2021-07-01,Servicer_Feed
LN100533,2020-01-01,Current,546621.4553629938,0,2020-01-04,Servicer_Feed
LN101500,2021-04-01,Current,277892.94,0,2021-04-02,Servicer_Feed
LN101392,2020-11-01,Current,347070.42,0,2020-11-05,Servicer_Feed
LN101278,2021-07-01,Current,152636.85,0,2021-07-02,Servicer_Feed
LN100131,2022-01-01,Current,143560.94,0,2021-09-01,Servicer_Feed
LN100249,2022-12-01,Current,243884.37,0,2022-12-04,Servicer_Feed
LN100476,2024-05-01,Current,172966.32,0,2024-01-01,Servicer_Feed
LN100919,2023-09-01,Current,192140.94,0,2023-05-01,Servicer_Feed
LN101654,2022-02-01,Current,85091.8,0,2022-02-10,Servicer_Feed
LN101387,2024-11-01,Current,119248.92,0,2024-11-03,Servicer_Feed
LN101418,2020-12-01,Current,176289.53,0,2020-12-06,Servicer_Feed
LN100485,2021-03-01,Current,245875.44,0,2021-03-03,Servicer_Feed
LN101590,2024-01-01,Current,200111.94,0,2023-09-01,Servicer_Feed
LN100051,2022-07-01,Current,216583.32,0,2022-07-07,Servicer_Feed
LN101602,2022-04-01,Current,158695.91,0,2022-04-09,Servicer_Feed
LN101161,2024-03-01,Current,107335.8,0,2023-11-01,Servicer_Feed
LN100696,2021-07-01,Current,208831.07,0,2021-07-08,Servicer_Feed
LN100389,2024-10-01,Current,493626.23,0,2024-10-05,Servicer_Feed
LN101450,2022-05-01,Current,677712.3690788352,0,2022-05-01,Servicer_Feed
LN101165,2021-08-01,Current,227403.03,0,2021-08-05,Servicer_Feed
LN100139,2024-07-01,Current,145194.28,0,2024-07-03,Servicer_Feed
LN100080,2021-08-01,Current,408459.9935952991,0,2021-08-01,Servicer_Feed
LN100874,2021-10-01,Current,188975.7,0,2021-10-09,Servicer_Feed
LN100333,2021-10-01,Current,378740.51,0,2021-10-06,Servicer_Feed
LN100096,2023-11-01,Current,132187.95,0,2023-11-10,Servicer_Feed
LN100269,2022-06-01,Current,154873.6,0,2022-06-06,Servicer_Feed
LN100533,2020-09-01,Current,216971.59240003483,0,2020-09-08,Servicer_Feed
LN101060,2024-02-01,Current,147670.68,0,2024-02-05,Servicer_Feed
LN101982,2021-10-01,Current,228491.19,0,2021-10-09,Servicer_Feed
LN100995,2023-01-01,Current,72821.6,0,2023-01-05,Servicer_Feed
LN100759,2022-12-01,Current,213975.95,0,2022-12-05,Servicer_Feed
LN101703,2020-12-01,Current,188630.76,0,2020-12-06,Servicer_Feed
LN101452,2021-12-01,Current,192699.61,0,2021-12-07,Servicer_Feed
LN100837,2023-09-01,Current,134486.66,0,2023-05-01,Servicer_Feed
LN100225,2021-01-01,Current,262895.58,0,2021-01-08,Servicer_Feed
LN100797,2020-04-01,Current,271929.74,0,2020-04-03,Servicer_Feed
LN100598,2024-10-01,Current,89856.76377561362,0,2024-10-09,Servicer_Feed
LN101503,2022-09-01,Current,371879.9,0,2022-09-03,Servicer_Feed
LN101726,2023-12-01,Current,140651.29,0,2023-12-01,Servicer_Feed
LN101884,2022-03-01,Current,387438.14,0,2022-03-09,Servicer_Feed
LN100460,2020-06-01,Current,244791.4075917227,0,2020-06-09,Servicer_Feed
LN100947,2024-08-01,Current,148655.76,0,2024-08-06,Servicer_Feed
LN101301,2023-04-01,Current,146323.69,0,2023-04-02,Servicer_Feed
LN101863,2023-12-01,Current,360111.44,0,2023-08-01,Servicer_Feed
LN101974,2024-04-01,Current,297778.0,0,2024-04-03,Servicer_Feed
LN101598,2020-08-01,Current,338667.56,0,2020-08-05,Servicer_Feed
LN101368,2023-06-01,Current,210001.54,0,2023-06-08,Servicer_Feed
LN101163,2021-11-01,Current,202553.3,0,2021-11-03,Servicer_Feed
LN101282,2020-10-01,Current,125935.54,0,2020-10-05,Servicer_Feed
LN100253,2019-08-01,Current,261586.93,0,2019-08-04,Servicer_Feed
LN100451,2024-12-01,Current,211156.66,0,2024-12-01,Servicer_Feed
LN100367,2024-09-01,Current,261097.58,0,2024-09-05,Servicer_Feed
LN101802,2020-07-01,Current,548239.07,0,2020-07-10,Servicer_Feed
LN101328,2021-05-01,Current,240796.6,0,2021-05-08,Servicer_Feed
LN101245,2023-01-01,Current,267095.92,0,2023-01-09,Servicer_Feed
LN100492,2024-06-01,Current,126173.57,0,2024-06-10,Servicer_Feed
LN101390,2023-12-01,Current,588075.05,0,2023-12-01,Servicer_Feed
LN101615,2024-05-01,Current,249473.99,0,2024-01-01,Servicer_Feed
LN100778,2023-03-01,Current,295650.32675456774,0,2023-03-06,Servicer_Feed
LN101909,2024-05-01,Current,123286.88,0,2024-05-09,Servicer_Feed
LN100273,2021-08-01,Current,463679.55,0,2021-08-10,Servicer_Feed
LN100209,2022-09-01,Current,139724.73,0,2022-05-01,Servicer_Feed
LN101917,2021-10-01,Current,113600.11,0,2021-06-01,Servicer_Feed
LN101062,2024-07-01,Current,295110.23,0,2024-07-06,Servicer_Feed
LN100908,2023-07-01,Current,482928.07,0,2023-07-04,Servicer_Feed
LN100608,2021-04-01,Current,170369.48,0,2021-04-02,Servicer_Feed
LN101696,2020-12-01,Current,237955.9725460582,0,2020-12-04,Servicer_Feed
LN100892,2023-04-01,Current,375881.35,0,2022-12-01,Servicer_Feed
LN101518,2024-07-01,Current,150195.37,0,2024-07-01,Servicer_Feed
LN100200,2024-03-01,Current,101953.74231648732,0,2024-03-01,Servicer_Feed
LN101170,2020-07-01,Current,545737.34,0,2020-07-02,Servicer_Feed
LN101728,2021-05-01,Current,216781.26,0,2021-05-05,Servicer_Feed
LN101408,2021-01-01,Current,74094.84,0,2020-09-01,Servicer_Feed
LN101763,2024-06-01,Current,236959.5068782778,0,2024-06-03,Servicer_Feed
LN101005,2023-07-01,Current,184052.1,0,2023-03-01,Servicer_Feed
LN101235,2021-12-01,Current,166064.81,0,2021-12-02,Servicer_Feed
LN101305,2023-10-01,Current,295407.4,0,2023-10-07,Servicer_Feed
LN101941,2020-02-01,Current,366904.35,0,2020-02-02,Servicer_Feed
LN100502,2023-11-01,Current,185693.07,0,2023-11-08,Servicer_Feed
LN100247,2024-08-01,Current,176426.21,0,2024-08-04,Servicer_Feed
LN100852,2021-01-01,Current,374098.94,0,2021-01-03,Servicer_Feed
LN100733,2019-10-01,Current,376723.5,0,2019-10-02,Servicer_Feed
LN100989,2023-05-01,Current,127717.09,0,2023-01-01,Servicer_Feed
LN100314,2024-01-01,Current,151560.51,0,2024-01-08,Servicer_Feed
LN101739,2021-07-01,Current,261708.83,0,2021-07-02,Servicer_Feed
LN101460,2024-07-01,Current,158914.42,0,2024-07-03,Servicer_Feed
LN101241,2021-01-01,Current,273293.43,0,2021-01-04,Servicer_Feed
LN100450,2023-06-01,Current,461898.78,0,2023-06-01,Servicer_Feed
LN101962,2021-04-01,Current,174780.33,0,2021-04-03,Servicer_Feed
LN101769,2023-11-01,Current,221220.51028619468,0,2023-11-02,Servicer_Feed
LN101726,2022-12-01,Current,104114.98960121539,0,2022-12-09,Servicer_Feed
LN100249,2019-09-01,Current,259993.79,0,2019-09-06,Servicer_Feed
LN100463,2021-04-01,Current,223159.49,0,2021-04-06,Servicer_Feed
LN100284,2024-12-01,Prepaid,377606.1799760521,0,2024-12-01,Servicer_Feed
LN100345,2023-08-01,Current,296718.88114476576,0,2023-08-05,Servicer_Feed
LN101813,2020-06-01,Current,178065.17874105982,0,2020-06-04,Servicer_Feed
LN101527,2022-05-01,Current,162638.78016485658,0,2022-05-01,Servicer_Feed
LN100783,2024-04-01,Current,105919.05,0,2024-04-06,Servicer_Feed
LN101592,2023-10-01,Current,86426.00809920888,0,2023-10-06,Servicer_Feed
LN100014,2021-10-01,60DPD,270263.8,60,2021-06-01,Servicer_Feed
LN100040,2023-05-01,Current,348052.8,0,2023-05-04,Servicer_Feed
LN100907,2023-07-01,Current,124696.22,0,2023-07-09,Servicer_Feed
LN100375,2023-10-01,Current,213194.05,0,2023-10-07,Servicer_Feed
LN101793,2023-09-01,Current,254978.2658031544,0,2023-09-06,Servicer_Feed
LN100224,2024-04-01,60DPD,219312.26,60,2023-12-01,Servicer_Feed
LN100244,2023-05-01,Current,92575.27,0,2023-05-07,Servicer_Feed
LN101954,2022-09-01,Current,172528.96,0,2022-09-07,Servicer_Feed
LN101830,2024-07-01,Current,244339.43,0,2024-03-01,Servicer_Feed
LN101882,2020-10-01,Current,288128.97,0,2020-10-03,Servicer_Feed
LN100979,2023-07-01,Current,143057.67,0,2023-03-01,Servicer_Feed
LN101841,2023-01-01,Current,150866.07,0,2023-01-04,Servicer_Feed
LN100564,2020-10-01,Current,562578.49,0,2020-10-01,Servicer_Feed
LN100655,2023-05-01,Current,586104.02,0,2023-01-01,Servicer_Feed
LN100885,2024-09-01,Current,190545.4,0,2024-09-08,Servicer_Feed
LN101453,2024-05-01,Current,361716.37,0,2024-01-01,Servicer_Feed
LN101489,2022-10-01,Current,284070.55,0,2022-10-02,Servicer_Feed
LN101015,2021-03-01,Current,300873.24,0,2021-03-06,Servicer_Feed
LN101015,2022-05-01,Current,294158.91,0,2022-01-01,Servicer_Feed
LN100713,2024-03-01,Current,416417.1,0,2024-03-05,Servicer_Feed
LN100339,2022-12-01,Current,221653.21,0,2022-12-07,Servicer_Feed
LN101402,2023-12-01,Current,312258.28,0,2023-12-05,Servicer_Feed
LN100946,2021-08-01,Current,377013.82,0,2021-08-10,Servicer_Feed
LN100080,2024-09-01,Current,314663.24,0,2024-09-08,Servicer_Feed
LN101405,2021-01-01,Current,263940.62,0,2021-01-06,Servicer_Feed
LN101346,2020-03-01,Current,186951.53,0,2020-03-05,Servicer_Feed
LN100146,2019-09-01,Current,238289.09296988216,0,2019-09-01,Servicer_Feed
LN101794,2023-11-01,Current,236404.2,0,2023-11-01,Servicer_Feed
LN100979,2021-09-01,Current,190975.2734285862,0,2021-09-02,Servicer_Feed
LN101240,2024-07-01,Current,215939.87,0,2024-03-01,Servicer_Feed
LN100995,2024-06-01,Current,70709.34,0,2024-02-01,Servicer_Feed
LN100898,2023-02-01,Current,238233.84,0,2023-02-10,Servicer_Feed
LN100324,2023-08-01,Current,176570.95230827128,0,2023-08-03,Servicer_Feed
LN101404,2023-07-01,Current,375165.51,0,2023-07-02,Servicer_Feed
LN100231,2023-08-01,Current,141709.46,0,2023-08-10,Servicer_Feed
LN101917,2019-09-01,Current,123324.12,0,2019-09-07,Servicer_Feed
LN101677,2021-03-01,Current,167620.79,0,2021-03-09,Servicer_Feed
LN100948,2024-12-01,Current,360783.76,0,2024-12-04,Servicer_Feed
LN100564,2021-04-01,Current,727293.7456924246,0,2021-04-02,Servicer_Feed
LN101620,2024-09-01,Current,77137.11,0,2024-09-03,Servicer_Feed
LN100159,2024-06-01,Current,204048.69,0,2024-06-04,Servicer_Feed
LN100638,2023-10-01,Current,479504.52666465647,0,2023-10-02,Servicer_Feed
LN100828,2023-06-01,Current,332619.12,0,2023-06-08,Servicer_Feed
LN101638,2020-04-01,Current,263381.86,0,2020-04-03,Servicer_Feed
LN101660,2022-01-01,Current,409067.88,0,2022-01-10,Servicer_Feed
LN101314,2021-02-01,Current,333911.06,0,2021-02-04,Servicer_Feed
LN101555,2024-06-01,Current,303860.03,0,2024-06-10,Servicer_Feed
LN101639,2024-12-01,Current,207238.36,0,2024-12-10,Servicer_Feed
LN101451,2020-07-01,Current,341755.84,0,2020-03-01,Servicer_Feed
LN100988,2024-11-01,Current,217670.86,0,2024-07-01,Servicer_Feed
LN100295,2020-04-01,Current,150298.00419325288,0,2020-04-08,Servicer_Feed
LN100875,2023-09-01,Current,629296.1932972504,0,2023-09-06,Servicer_Feed
LN101186,2020-04-01,Current,354515.78,0,2020-04-01,Servicer_Feed
LN100295,2019-10-01,Current,203549.56,0,2019-10-03,Servicer_Feed
LN100607,2023-03-01,Current,310078.75,0,2022-11-01,Servicer_Feed
LN100008,2024-01-01,Current,282783.39,0,2024-01-05,Servicer_Feed
LN101066,2020-04-01,Current,206486.96,0,2020-04-01,Servicer_Feed
LN100188,2021-12-01,Current,392168.39,0,2021-08-01,Servicer_Feed
LN101326,2021-07-01,Current,364262.47,0,2021-07-01,Servicer_Feed
LN100892,2021-12-01,Current,396719.69,0,2021-12-03,Servicer_Feed
LN100922,2024-01-01,60DPD,190237.03,60,2024-01-04,Servicer_Feed
LN101063,2023-07-01,Current,216105.11,0,2023-07-01,Servicer_Feed
LN100497,2019-02-01,Current,269176.77,0,2019-02-04,Servicer_Feed
LN101113,2020-03-01,Current,177384.65,0,2020-03-08,Servicer_Feed
LN100494,2019-07-01,Current,355266.01,0,2019-07-01,Servicer_Feed
LN101894,2021-11-01,Current,119100.06,0,2021-07-01,Servicer_Feed
LN100132,2021-09-01,Current,158732.69,0,2021-05-01,Servicer_Feed
LN101375,2024-01-01,Current,253551.88,0,2024-01-08,Servicer_Feed
LN100101,2022-03-01,Current,310450.54,0,2021-11-01,Servicer_Feed
LN100993,2024-12-01,Current,128115.14773838434,0,2024-12-06,Servicer_Feed
LN101200,2019-08-01,Current,152944.99,0,2019-04-01,Servicer_Feed
LN101151,2022-01-01,Current,104440.42,0,2022-01-06,Servicer_Feed
LN101449,2024-10-01,Current,266862.95,0,2024-10-01,Servicer_Feed
LN100829,2023-12-01,Current,155136.1,0,2023-08-01,Servicer_Feed
LN101465,2024-09-01,Current,119366.66755284755,0,2024-09-08,Servicer_Feed
LN101166,2020-11-01,Current,229417.49,0,2020-07-01,Servicer_Feed
LN100406,2020-10-01,Current,248601.22,0,2020-10-01,Servicer_Feed
LN100508,2023-04-01,Current,355474.63,0,2022-12-01,Servicer_Feed
LN101998,2022-11-01,Current,386062.2786641115,0,2022-11-09,Servicer_Feed
LN100524,2020-10-01,Current,232210.31,0,2020-06-01,Servicer_Feed
LN100371,2023-03-01,Current,191199.86,0,2023-03-07,Servicer_Feed
LN100298,2024-01-01,Current,225765.71,0,2024-01-08,Servicer_Feed
LN101595,2021-10-01,Current,185139.85,0,2021-10-02,Servicer_Feed
LN101024,2024-06-01,Current,228119.96,0,2024-02-01,Servicer_Feed
LN101466,2024-07-01,Current,299743.4800478025,0,2024-07-02,Servicer_Feed
LN101783,2021-02-01,Current,293008.1946734501,0,2021-02-10,Servicer_Feed
LN101282,2021-08-01,Current,87091.15528778004,0,2021-08-06,Servicer_Feed
LN101049,2020-12-01,Current,157034.09974642,0,2020-12-06,Servicer_Feed
LN100118,2024-12-01,Current,329810.72,0,2024-12-04,Servicer_Feed
LN101303,2021-09-01,Current,156146.48,0,2021-09-02,Servicer_Feed
LN100817,2019-10-01,Current,294746.95,0,2019-06-01,Servicer_Feed
LN101266,2024-06-01,Current,571678.8466357682,0,2024-06-01,Servicer_Feed
LN101092,2022-07-01,Current,143094.34,0,2022-07-08,Servicer_Feed
LN101765,2024-01-01,Current,295204.66,0,2023-09-01,Servicer_Feed
LN100659,2023-10-01,Current,145188.7833610964,0,2023-10-03,Servicer_Feed
LN100702,2024-11-01,Current,196368.03759413515,0,2024-11-07,Servicer_Feed
LN100608,2019-08-01,Current,175919.68,0,2019-08-04,Servicer_Feed
LN101984,2022-04-01,Current,395594.75175962487,0,2022-04-06,Servicer_Feed
LN100431,2019-08-01,Current,104182.46,0,2019-04-01,Servicer_Feed
LN100444,2024-04-01,Current,354894.98,0,2024-04-04,Servicer_Feed
LN101340,2020-06-01,Current,230996.16,0,2020-06-10,Servicer_Feed
LN100453,2021-02-01,Current,244564.70172407117,0,2021-02-08,Servicer_Feed
LN101764,2024-12-01,Current,176399.53,0,2024-12-05,Servicer_Feed
LN101010,2022-10-01,Current,110126.86664370782,0,2022-10-01,Servicer_Feed
LN101340,2024-11-01,Current,210943.45,0,2024-11-01,Servicer_Feed
LN100274,2024-08-01,Current,167284.74,0,2024-08-09,Servicer_Feed
LN100742,2019-06-01,Current,241660.92,0,2019-06-05,Servicer_Feed
LN100362,2024-06-01,Current,175228.27,0,2024-02-01,Servicer_Feed
LN100640,2022-08-01,Current,98175.5,0,2022-08-03,Servicer_Feed
LN100088,2023-04-01,Current,579068.0423864282,0,2023-04-02,Servicer_Feed
LN100467,2024-03-01,Current,273181.16,0,2023-11-01,Servicer_Feed
LN100565,2020-10-01,Current,390617.45,0,2020-10-01,Servicer_Feed
LN100518,2020-12-01,Current,235228.26,0,2020-12-06,Servicer_Feed
LN100680,2024-04-01,Current,446985.11275371205,0,2024-04-02,Servicer_Feed
LN100014,2022-01-01,60DPD,270263.8,60,2022-01-03,Servicer_Feed
LN101036,2023-07-01,Current,270545.0584228241,0,2023-07-10,Servicer_Feed
LN100452,2024-01-01,Current,90208.12,0,2024-01-03,Servicer_Feed
LN101096,2023-08-01,Current,470581.95,0,2023-08-04,Servicer_Feed
LN101069,2021-05-01,Current,211722.9,0,2021-05-10,Servicer_Feed
LN100837,2023-03-01,Current,135770.94,0,2023-03-09,Servicer_Feed
LN101524,2020-11-01,Current,147439.72,0,2020-11-06,Servicer_Feed
LN100553,2024-10-01,Current,292876.53238146595,0,2024-10-09,Servicer_Feed
LN100102,2023-06-01,Current,215053.66,0,2023-06-02,Servicer_Feed
LN101118,2019-06-01,Current,261398.25,0,2019-06-01,Servicer_Feed
LN100770,2019-09-01,Current,276357.68,0,2019-09-03,Servicer_Feed
LN101611,2020-12-01,Current,89458.33,0,2020-12-01,Servicer_Feed
LN100325,2021-01-01,Current,543016.0751842525,0,2020-09-01,Servicer_Feed
LN100029,2020-10-01,Current,142406.99,0,2020-06-01,Servicer_Feed
LN100879,2024-04-01,Current,207913.17,0,2024-04-01,Servicer_Feed
LN101239,2021-09-01,Current,327066.92,0,2021-09-03,Servicer_Feed
LN100290,2023-11-01,Current,150052.03,0,2023-11-02,Servicer_Feed
LN100552,2020-07-01,Current,386805.24,0,2020-07-07,Servicer_Feed
LN101615,2022-10-01,Current,257871.93,0,2022-06-01,Servicer_Feed
LN101063,2022-04-01,Current,221355.59,0,2022-04-03,Servicer_Feed
LN101486,2024-05-01,Current,177317.18,0,2024-05-09,Servicer_Feed
LN100544,2024-06-01,Current,325292.68,0,2024-02-01,Servicer_Feed
LN101312,2024-05-01,Current,291946.28477441944,0,2024-05-04,Servicer_Feed
LN101796,2023-07-01,Current,199013.12,0,2023-07-07,Servicer_Feed
LN101590,2024-08-01,Current,197623.8,0,2024-08-02,Servicer_Feed
LN100866,2023-03-01,Current,412292.24,0,2023-03-06,Servicer_Feed
LN100540,2024-06-01,Current,160388.91,0,2024-06-05,Servicer_Feed
LN100710,2024-10-01,Current,199444.87,0,2024-10-04,Servicer_Feed
LN100259,2021-05-01,Current,220371.01078393884,0,2021-05-04,Servicer_Feed
LN101287,2022-08-01,Current,194594.31,0,2022-08-02,Servicer_Feed
LN101666,2022-06-01,Current,336514.31222618127,0,2022-06-07,Servicer_Feed
LN100100,2023-12-01,Current,229402.1,0,2023-12-02,Servicer_Feed
LN100985,2024-11-01,Current,488668.26,0,2024-11-05,Servicer_Feed
LN101946,2021-09-01,Current,575393.2,0,2021-09-06,Servicer_Feed
LN101983,2022-12-01,Current,195910.85,0,2022-12-06,Servicer_Feed
LN101503,2020-09-01,Current,422995.83274151204,0,2020-09-10,Servicer_Feed
LN100385,2020-10-01,Current,193999.96,0,2020-10-10,Servicer_Feed
LN101199,2021-08-01,Current,376947.17,0,2021-08-09,Servicer_Feed
LN100600,2024-06-01,Current,120599.83,0,2024-02-01,Servicer_Feed
LN101100,2024-06-01,Current,282188.39,0,2024-06-08,Servicer_Feed
LN100115,2021-04-01,Current,236280.77,0,2021-04-04,Servicer_Feed
LN100127,2022-01-01,Current,297149.92,0,2022-01-05,Servicer_Feed
LN100599,2023-04-01,Current,166664.76,0,2023-04-06,Servicer_Feed
LN100747,2024-11-01,Current,364984.98,0,2024-11-04,Servicer_Feed
LN100565,2022-07-01,Current,377246.6,0,2022-07-03,Servicer_Feed
LN101279,2020-11-01,Current,213947.9,0,2020-11-03,Servicer_Feed
LN101748,2022-04-01,Current,279501.24,0,2022-04-04,Servicer_Feed
LN100703,2023-01-01,Current,136360.82,0,2023-01-06,Servicer_Feed
LN101125,2024-04-01,Current,180414.08120865718,0,2024-04-05,Servicer_Feed
LN101656,2024-08-01,Current,373949.3254812309,0,2024-08-05,Servicer_Feed
LN101774,2024-06-01,Current,293782.5980108346,0,2024-06-10,Servicer_Feed
LN101560,2024-02-01,Current,152764.4,0,2024-02-09,Servicer_Feed
LN101397,2023-02-01,Current,284593.73,0,2022-10-01,Servicer_Feed
LN101609,2023-05-01,Current,293533.29117828666,0,2023-05-05,Servicer_Feed
LN100855,2023-05-01,Current,203813.73,0,2023-05-03,Servicer_Feed
LN100856,2024-12-01,Current,76179.25,0,2024-08-01,Servicer_Feed
LN100594,2022-04-01,Current,149140.66,0,2022-04-08,Servicer_Feed
LN101653,2019-08-01,Current,280345.52,0,2019-08-10,Servicer_Feed
LN100853,2024-01-01,Current,334550.93,0,2024-01-01,Servicer_Feed
LN100287,2024-04-01,Current,141452.71,0,2023-12-01,Servicer_Feed
LN100110,2022-08-01,Current,468355.9,0,2022-08-02,Servicer_Feed
LN101478,2023-07-01,Current,304726.02,0,2023-07-09,Servicer_Feed
LN101424,2024-03-01,Current,194934.14714645268,0,2024-03-10,Servicer_Feed
LN100549,2023-12-01,Current,93523.77,0,2023-12-02,Servicer_Feed
LN100554,2020-06-01,Current,359575.4,0,2020-06-04,Servicer_Feed
LN100239,2020-07-01,Current,83332.38,0,2020-03-01,Servicer_Feed
LN101615,2022-09-01,Current,258307.73,0,2022-09-10,Servicer_Feed
LN100321,2022-09-01,Current,175734.97,0,2022-09-04,Servicer_Feed
LN101190,2023-11-01,Current,264960.87,0,2023-07-01,Servicer_Feed
LN101550,2023-07-01,Current,285064.12,0,2023-07-07,Servicer_Feed
LN100508,2019-04-01,Current,384835.9,0,2019-04-02,Servicer_Feed
LN101648,2021-02-01,Current,263795.14342596364,0,2021-02-05,Servicer_Feed
LN100986,2019-02-01,Current,428290.15,0,2019-02-01,Servicer_Feed
LN101539,2024-11-01,Current,201520.44,0,2024-07-01,Servicer_Feed
LN101248,2023-03-01,Current,350475.62,0,2023-03-06,Servicer_Feed
LN101322,2021-07-01,Current,365612.32,0,2021-03-01,Servicer_Feed
LN101464,2022-12-01,Current,192209.37,0,2022-12-08,Servicer_Feed
LN100697,2024-05-01,Current,74294.37270110194,0,2024-05-09,Servicer_Feed
LN101549,2019-07-01,Current,359651.22,0,2019-07-08,Servicer_Feed
LN101771,2023-06-01,Current,154889.84,0,2023-06-03,Servicer_Feed
LN101610,2024-12-01,Current,282769.34,0,2024-12-05,Servicer_Feed
LN100288,2024-11-01,Current,294460.79,0,2024-07-01,Servicer_Feed
LN100929,2023-06-01,Current,254113.28,0,2023-02-01,Servicer_Feed
LN101900,2020-07-01,Current,188024.96,0,2020-03-01,Servicer_Feed
LN101109,2020-06-01,Current,320232.76,0,2020-06-02,Servicer_Feed
LN100685,2024-07-01,Current,250545.02,0,2024-07-02,Servicer_Feed
LN101361,2022-03-01,Current,264981.77,0,2022-03-09,Servicer_Feed
LN100001,2021-12-01,Current,147697.37,0,2021-12-08,Servicer_Feed
LN100808,2021-08-01,Current,258614.75,0,2021-08-07,Servicer_Feed
LN100915,2024-10-01,30DPD,95367.27303109427,30,2024-10-02,Servicer_Feed
LN101600,2024-10-01,Current,380499.77,0,2024-10-04,Servicer_Feed
LN100490,2020-03-01,Current,181154.79,0,2020-03-02,Servicer_Feed
LN100760,2021-11-01,Current,136262.92,0,2021-11-07,Servicer_Feed
LN101049,2024-08-01,Current,117730.66,0,2024-08-07,Servicer_Feed
LN100271,2021-01-01,Current,651481.44,0,2021-01-06,Servicer_Feed
LN100991,2023-07-01,Current,235421.21,0,2023-03-01,Servicer_Feed
LN101710,2021-04-01,Current,235552.96,0,2021-04-07,Servicer_Feed
LN101324,2024-12-01,Current,150440.38,0,2024-12-06,Servicer_Feed
LN101338,2022-02-01,Current,217890.36,0,2022-02-09,Servicer_Feed
LN101403,2023-12-01,Current,180260.41,0,2023-12-05,Servicer_Feed
LN101957,2024-02-01,Current,312523.41,0,2024-02-06,Servicer_Feed
LN100627,2024-08-01,Current,178683.22,0,2024-04-01,Servicer_Feed
LN101140,2021-06-01,Current,347443.22,0,2021-06-06,Servicer_Feed
LN101333,2024-09-01,Current,168017.61,0,2024-05-01,Servicer_Feed
LN100002,2023-12-01,Current,350938.18,0,2023-12-02,Servicer_Feed
LN100119,2021-07-01,Current,204921.19,0,2021-07-04,Servicer_Feed
LN100422,2024-08-01,Current,361891.98,0,2024-04-01,Servicer_Feed
LN100287,2022-09-01,Current,152422.91,0,2022-09-07,Servicer_Feed
LN100212,2023-08-01,Current,445417.68,0,2023-04-01,Servicer_Feed
LN101706,2023-04-01,Current,247340.05,0,2023-04-07,Servicer_Feed
LN100322,2023-03-01,Current,100988.81,0,2023-03-06,Servicer_Feed
LN101763,2021-05-01,Current,205575.48,0,2021-01-01,Servicer_Feed
LN101270,2024-03-01,Current,115627.09363352755,0,2024-03-07,Servicer_Feed
LN100326,2023-08-01,60DPD,403085.35,60,2023-08-01,Servicer_Feed
LN101219,2023-05-01,Current,189133.85,0,2023-01-01,Servicer_Feed
LN101767,2021-05-01,Current,274785.36,0,2021-05-05,Servicer_Feed
LN101171,2022-02-01,Current,246867.3,0,2022-02-03,Servicer_Feed
LN101067,2021-04-01,Current,370475.75,0,2021-04-08,Servicer_Feed
LN100338,2024-05-01,Current,221355.74,0,2024-05-01,Servicer_Feed
LN100445,2022-01-01,Current,293124.44,0,2022-01-01,Servicer_Feed
LN100298,2023-08-01,Current,227537.83,0,2023-08-08,Servicer_Feed
LN101902,2022-08-01,Current,354025.17,0,2022-08-09,Servicer_Feed
LN101021,2024-03-01,Current,266232.95,0,2024-03-02,Servicer_Feed
LN101542,2024-09-01,60DPD,264261.5,60,2024-09-05,Servicer_Feed
LN100753,2020-10-01,Current,293620.92,0,2020-10-07,Servicer_Feed
LN101334,2022-05-01,Current,222957.08568091533,0,2022-05-03,Servicer_Feed
LN101963,2022-09-01,Current,241191.15,0,2022-09-06,Servicer_Feed
LN101861,2023-04-01,Current,184981.54,0,2023-04-03,Servicer_Feed
LN100908,2024-07-01,Current,571784.5165885865,0,2024-07-05,Servicer_Feed
LN101960,2022-06-01,Current,317634.13,0,2022-06-01,Servicer_Feed
LN100693,2023-04-01,Current,344647.5202621507,0,2023-04-10,Servicer_Feed
LN101408,2021-04-01,Current,73382.17,0,2021-04-03,Servicer_Feed
LN101985,2024-01-01,Current,288451.95,0,2024-01-06,Servicer_Feed
LN101321,2022-07-01,Current,535882.31,0,2022-07-09,Servicer_Feed
LN100385,2020-04-01,Current,197866.77,0,2019-12-01,Servicer_Feed
LN101539,2024-06-01,Current,203102.25,0,2024-06-05,Servicer_Feed
LN100697,2023-11-01,Current,103622.43,0,2023-11-08,Servicer_Feed
LN101231,2021-12-01,Current,118962.09,0,2021-12-02,Servicer_Feed
LN100481,2024-11-01,Current,335425.43,0,2024-11-07,Servicer_Feed
LN100115,2021-01-01,Current,237421.06,0,2021-01-06,Servicer_Feed
LN100215,2020-04-01,Current,141184.57,0,2020-04-08,Servicer_Feed
LN100812,2020-12-01,Current,202416.8,0,2020-12-04,Servicer_Feed
LN100247,2019-02-01,Current,197199.1,0,2019-02-08,Servicer_Feed
LN100415,2023-07-01,Current,211567.24,0,2023-07-08,Servicer_Feed
LN100202,2021-11-01,Current,248295.31,0,2021-11-10,Servicer_Feed
LN101073,2020-04-01,90DPD,77695.2,95,2020-04-05,Servicer_Feed
LN101982,2024-05-01,Current,203472.16,0,2024-05-02,Servicer_Feed
LN100127,2023-09-01,Current,287828.44,0,2023-09-01,Servicer_Feed
LN101120,2021-12-01,Current,175328.22,0,2021-08-01,Servicer_Feed
LN101914,2024-12-01,Current,291115.2636776279,0,2024-12-10,Servicer_Feed
LN100583,2022-04-01,Current,125436.14,0,2022-04-01,Servicer_Feed
LN101807,2023-04-01,Current,248450.18,0,2023-04-04,Servicer_Feed
LN101595,2023-07-01,Current,173534.13,0,2023-03-01,Servicer_Feed
LN100670,2023-09-01,Current,157984.21,0,2023-09-06,Servicer_Feed
LN100499,2021-08-01,Current,360087.93,0,2021-04-01,Servicer_Feed
LN101699,2021-05-01,Current,167886.55,0,2021-05-01,Servicer_Feed
LN101373,2023-02-01,Current,293137.86,0,2023-02-03,Servicer_Feed
LN100345,2020-08-01,Current,205792.3729629603,0,2020-08-06,Servicer_Feed
LN101209,2020-09-01,Current,162578.93,0,2020-05-01,Servicer_Feed
LN100076,2020-07-01,Current,240459.37,0,2020-07-04,Servicer_Feed
LN100587,2022-05-01,Current,219129.83,0,2022-05-10,Servicer_Feed
LN101882,2024-08-01,Current,266845.43,0,2024-08-01,Servicer_Feed
LN100785,2021-07-01,Current,144268.42,0,2021-07-02,Servicer_Feed
LN100079,2022-11-01,Current,314687.61,0,2022-11-07,Servicer_Feed
LN101642,2019-10-01,Current,197598.49,0,2019-10-07,Servicer_Feed
LN100204,2022-05-01,Current,207733.0748043283,0,2022-05-09,Servicer_Feed
LN100475,2023-09-01,Current,717608.7148480711,0,2023-09-02,Servicer_Feed
LN101647,2024-11-01,Current,192524.22908849883,0,2024-11-08,Servicer_Feed
LN100375,2024-03-01,Current,209845.62,0,2024-03-04,Servicer_Feed
LN101540,2022-05-01,Current,147807.98,0,2022-05-08,Servicer_Feed
LN101257,2019-02-01,Current,362591.08,0,2019-02-07,Servicer_Feed
LN101756,2023-11-01,Current,375315.61,0,2023-11-01,Servicer_Feed
LN100683,2021-05-01,Current,174188.99,0,2021-05-10,Servicer_Feed
LN101495,2021-02-01,Current,183603.35,0,2021-02-04,Servicer_Feed
LN101829,2024-09-01,Current,293926.36,0,2024-09-02,Servicer_Feed
LN101484,2023-11-01,Current,351785.21,0,2023-11-03,Servicer_Feed
LN100773,2021-07-01,Current,90419.64,0,2021-07-02,Servicer_Feed
LN100021,2022-07-01,Current,151160.32,0,2022-07-03,Servicer_Feed
LN100811,2019-10-01,Current,294136.6350359473,0,2019-10-10,Servicer_Feed
LN101921,2022-08-01,Current,602787.38,0,2022-08-09,Servicer_Feed
LN100728,2021-11-01,Current,310846.7294808537,0,2021-11-05,Servicer_Feed
LN100608,2020-02-01,Current,174269.82,0,2020-02-06,Servicer_Feed
LN100867,2024-10-01,Current,432540.99,0,2024-10-03,Servicer_Feed
LN100832,2024-12-01,Current,174448.48,0,2024-12-01,Servicer_Feed
LN100524,2021-07-01,Current,228821.49,0,2021-07-07,Servicer_Feed
LN101105,2024-11-01,Current,159015.94,0,2024-11-02,Servicer_Feed
LN101941,2024-03-01,Current,338141.36,0,2024-03-06,Servicer_Feed
LN101639,2021-08-01,Current,221183.13,0,2021-08-01,Servicer_Feed
LN100013,2022-03-01,Current,104322.56,0,2022-03-04,Servicer_Feed
LN100996,2019-09-01,Current,191121.34,0,2019-09-04,Servicer_Feed
LN101737,2022-04-01,Current,111616.70867090777,0,2022-04-04,Servicer_Feed
LN101806,2024-04-01,Current,308503.92,0,2024-04-01,Servicer_Feed
LN100429,2024-07-01,Current,212001.15,0,2024-07-05,Servicer_Feed
LN100603,2022-07-01,Current,592813.59,0,2022-07-02,Servicer_Feed
LN101886,2022-08-01,Current,271487.42,0,2022-08-10,Servicer_Feed
LN100043,2023-10-01,Current,267601.263752223,0,2023-10-08,Servicer_Feed
LN100863,2024-07-01,Current,438706.83,0,2024-07-07,Servicer_Feed
LN100107,2022-09-01,Current,384762.99,0,2022-09-06,Servicer_Feed
LN100122,2020-10-01,Current,299805.5,0,2020-10-06,Servicer_Feed
LN100724,2021-12-01,Current,236386.4,0,2021-12-01,Servicer_Feed
LN100183,2023-11-01,Current,523224.43,0,2023-11-10,Servicer_Feed
LN100481,2023-07-01,Current,343605.67,0,2023-07-02,Servicer_Feed
LN100991,2024-06-01,Current,232113.25,0,2024-06-01,Servicer_Feed
LN101116,2023-03-01,Current,314076.31,0,2022-11-01,Servicer_Feed
LN101249,2023-01-01,Current,187510.03,0,2023-01-09,Servicer_Feed
LN100110,2023-07-01,Current,459865.32,0,2023-07-09,Servicer_Feed
LN101898,2021-12-01,30DPD,231875.12,30,2021-12-10,Servicer_Feed
LN100347,2023-12-01,Current,250932.57,0,2023-12-04,Servicer_Feed
LN101702,2023-11-01,Current,193754.53,0,2023-11-01,Servicer_Feed
LN101436,2024-06-01,Current,85987.42,0,2024-06-03,Servicer_Feed
LN100073,2024-01-01,Current,284674.19,0,2024-01-06,Servicer_Feed
LN101615,2020-07-01,Current,269435.0,0,2020-03-01,Servicer_Feed
LN101499,2024-04-01,Current,200321.8182380475,0,2024-04-10,Servicer_Feed
LN100663,2023-01-01,Current,164195.01,0,2022-09-01,Servicer_Feed
LN101543,2022-01-01,Current,288987.4,0,2022-01-03,Servicer_Feed
LN101461,2021-11-01,Current,160054.37,0,2021-11-02,Servicer_Feed
LN101888,2023-06-01,Current,176430.41903418375,0,2023-06-01,Servicer_Feed
LN101393,2022-04-01,Current,210491.2,0,2022-04-03,Servicer_Feed
LN100799,2023-01-01,Current,281984.11,0,2023-01-05,Servicer_Feed
LN101732,2022-10-01,Current,156044.79263383977,0,2022-10-03,Servicer_Feed
LN101726,2024-11-01,Current,142190.22059228705,0,2024-11-03,Servicer_Feed
LN100172,2019-03-01,Current,226132.0451439554,0,2019-03-01,Servicer_Feed
LN101241,2024-06-01,Current,255044.24,0,2024-06-10,Servicer_Feed
LN101192,2021-02-01,Current,282668.68,0,2021-02-07,Servicer_Feed
LN101369,2023-07-01,Current,229457.69,0,2023-07-07,Servicer_Feed
LN101776,2023-11-01,Current,241723.21,0,2023-11-05,Servicer_Feed
LN100879,2024-02-01,Current,209372.92,0,2024-02-04,Servicer_Feed
LN101258,2024-07-01,Current,276241.26,0,2024-07-08,Servicer_Feed
LN100583,2021-08-01,Current,128608.01,0,2021-08-05,Servicer_Feed
LN100426,2023-03-01,Current,192974.44,0,2023-03-10,Servicer_Feed
LN100699,2022-04-01,Current,180891.75420609827,0,2022-04-09,Servicer_Feed
LN100335,2021-05-01,Current,268673.78081409726,0,2021-05-10,Servicer_Feed
LN100251,2020-09-01,Current,261509.15332445395,0,2020-09-05,Servicer_Feed
LN101124,2024-12-01,Current,281945.68,0,2024-12-09,Servicer_Feed
LN100513,2024-02-01,Current,104992.43,0,2024-02-05,Servicer_Feed
LN101324,2024-07-01,Current,153036.77,0,2024-07-01,Servicer_Feed
LN100893,2021-04-01,Current,270914.33,0,2021-04-05,Servicer_Feed
LN100840,2023-11-01,Current,224998.9,0,2023-11-03,Servicer_Feed
LN100469,2023-05-01,Current,175894.34,0,2023-05-02,Servicer_Feed
LN100756,2023-10-01,Current,156495.34,0,2023-06-01,Servicer_Feed
LN100157,2021-08-01,Current,220184.63,0,2021-08-02,Servicer_Feed
LN101033,2020-12-01,Current,261953.02,0,2020-12-06,Servicer_Feed
LN100181,2021-05-01,Current,414367.73,0,2021-05-04,Servicer_Feed
LN101119,2022-12-01,Current,230533.23,0,2022-12-04,Servicer_Feed
LN101186,2021-12-01,Current,343520.21,0,2021-12-08,Servicer_Feed
LN101167,2022-01-01,Current,202921.98,0,2022-01-02,Servicer_Feed
LN100476,2023-04-01,Current,176993.13,0,2023-04-01,Servicer_Feed
LN100916,2022-04-01,Current,189516.89,0,2022-04-03,Servicer_Feed
LN100314,2022-05-01,Current,156169.84,0,2022-05-07,Servicer_Feed
LN101298,2024-11-01,Current,684012.44,0,2024-07-01,Servicer_Feed
LN101109,2024-07-01,Current,738995.4937748648,0,2024-07-07,Servicer_Feed
LN101573,2022-05-01,Current,128308.53,0,2022-05-02,Servicer_Feed
LN100473,2024-01-01,Current,193705.09,0,2024-01-04,Servicer_Feed
LN100022,2022-04-01,Current,210568.10255421398,0,2022-04-09,Servicer_Feed
LN100948,2023-01-01,Current,438902.41386005736,0,2023-01-08,Servicer_Feed
LN101117,2023-11-01,Current,105313.05811802612,0,2023-11-04,Servicer_Feed
LN101396,2023-11-01,Current,293675.4482486375,0,2023-11-09,Servicer_Feed
LN101495,2019-12-01,Current,192207.61,0,2019-12-07,Servicer_Feed
LN101622,2024-04-01,Current,489054.26,0,2024-04-07,Servicer_Feed
LN101241,2024-08-01,Current,254126.74,0,2024-08-08,Servicer_Feed
LN100583,2022-02-01,Current,126235.22,0,2022-02-05,Servicer_Feed
LN100684,2023-08-01,Current,188261.84,0,2023-08-10,Servicer_Feed
LN101980,2021-07-01,Current,218843.63,0,2021-07-07,Servicer_Feed
LN100324,2023-11-01,Current,184390.68,0,2023-07-01,Servicer_Feed
LN100369,2023-11-01,Current,174367.67,0,2023-11-04,Servicer_Feed
LN101779,2024-05-01,Current,324807.4860899125,0,2024-05-04,Servicer_Feed
LN101869,2020-09-01,Current,275153.49,0,2020-09-06,Servicer_Feed
LN100394,2022-11-01,Current,112686.44,0,2022-11-01,Servicer_Feed
LN101798,2024-10-01,Current,115279.31,0,2024-10-01,Servicer_Feed
LN100569,2023-11-01,Current,287620.36,0,2023-11-08,Servicer_Feed
LN101171,2021-10-01,Current,248527.56,0,2021-10-02,Servicer_Feed
LN101525,2022-01-01,Current,625117.9,0,2022-01-07,Servicer_Feed
LN101135,2024-02-01,Current,349320.03,0,2024-02-07,Servicer_Feed
LN101737,2020-10-01,Current,140285.94,0,2020-10-04,Servicer_Feed
LN101506,2022-10-01,Current,265954.44,0,2022-06-01,Servicer_Feed
LN101880,2024-02-01,Current,306931.66,0,2024-02-04,Servicer_Feed
LN101592,2023-04-01,Current,115989.71886536604,0,2023-04-05,Servicer_Feed
LN101770,2021-04-01,Current,288661.47,0,2021-04-07,Servicer_Feed
LN101106,2019-05-01,Current,413161.89,0,2019-05-01,Servicer_Feed
LN100584,2023-03-01,Current,166779.0820173829,0,2023-03-04,Servicer_Feed
LN100863,2022-01-01,Current,460197.8,0,2022-01-05,Servicer_Feed
LN101130,2022-09-01,Current,210656.35,0,2022-05-01,Servicer_Feed
LN100247,2024-02-01,Current,178396.0,0,2024-02-07,Servicer_Feed
LN101636,2022-04-01,Current,122814.87,0,2021-12-01,Servicer_Feed
LN101651,2020-03-01,Current,507318.02236822475,0,2020-03-05,Servicer_Feed
LN101451,2018-12-01,Current,337904.56,0,2018-08-01,Servicer_Feed
LN100698,2021-05-01,Current,207034.05,0,2021-01-01,Servicer_Feed
LN101314,2021-04-01,Current,331668.32,0,2021-04-04,Servicer_Feed
LN100341,2023-10-01,Current,184241.82,0,2023-10-05,Servicer_Feed
LN101982,2021-07-01,Current,230863.86,0,2021-07-10,Servicer_Feed
LN100979,2019-07-01,Current,154763.85,0,2019-07-06,Servicer_Feed
LN101184,2023-10-01,Current,713810.83,0,2023-10-01,Servicer_Feed
LN100508,2022-04-01,Current,362996.73,0,2022-04-10,Servicer_Feed
LN100114,2022-03-01,Current,362933.07,0,2022-03-02,Servicer_Feed
LN100385,2021-02-01,Current,191386.68,0,2020-10-01,Servicer_Feed
LN100734,2020-06-01,Current,143224.57,0,2020-02-01,Servicer_Feed
LN101702,2023-05-01,Current,195583.6,0,2023-05-04,Servicer_Feed
LN101525,2022-03-01,Current,623088.14,0,2022-03-06,Servicer_Feed
LN100180,2023-03-01,Current,205146.04,0,2023-03-06,Servicer_Feed
LN101653,2020-05-01,Current,272556.99,0,2020-05-04,Servicer_Feed
LN101452,2023-01-01,Current,188590.09,0,2023-01-05,Servicer_Feed
LN101800,2023-03-01,Current,242117.71,0,2023-03-02,Servicer_Feed
LN101098,2024-04-01,Current,207429.91,0,2024-04-07,Servicer_Feed
LN101397,2020-11-01,Current,297711.63,0,2020-11-05,Servicer_Feed
LN100570,2020-07-01,Current,188268.97,0,2020-03-01,Servicer_Feed
LN101106,2022-02-01,Current,376217.6924589551,0,2022-02-06,Servicer_Feed
LN101375,2023-05-01,Current,256794.85,0,2023-05-01,Servicer_Feed
LN100793,2023-07-01,Current,499603.13,0,2023-07-09,Servicer_Feed
LN100467,2022-12-01,Current,279244.79,0,2022-08-01,Servicer_Feed
LN101674,2021-05-01,Current,209334.8,0,2021-05-08,Servicer_Feed
LN101167,2022-10-01,Current,268581.1077655346,0,2022-10-02,Servicer_Feed
LN101000,2024-03-01,Current,133277.88,0,2024-03-05,Servicer_Feed
LN101909,2022-06-01,Current,128463.05,0,2022-06-02,Servicer_Feed
LN101568,2024-02-01,Current,267653.46795921633,0,2024-02-06,Servicer_Feed
LN100402,2022-06-01,Current,114112.16,0,2022-06-09,Servicer_Feed
LN101207,2024-02-01,Current,457039.82947212685,0,2024-02-09,Servicer_Feed
LN100234,2024-10-01,Current,490022.04,0,2024-06-01,Servicer_Feed
LN101287,2023-11-01,Current,250756.5660739618,0,2023-11-01,Servicer_Feed
LN100737,2021-06-01,Current,253357.63,0,2021-06-09,Servicer_Feed
LN101848,2024-02-01,Current,354118.4,0,2024-02-02,Servicer_Feed
LN101114,2023-09-01,Current,336309.55,0,2023-09-03,Servicer_Feed
LN100748,2023-08-01,Current,213943.41,0,2023-08-10,Servicer_Feed
LN100534,2022-10-01,30DPD,144479.54,30,2022-10-02,Servicer_Feed
LN100975,2021-10-01,Current,348778.82,0,2021-10-03,Servicer_Feed
LN100979,2022-10-01,Current,173241.39765410504,0,2022-10-10,Servicer_Feed
LN100109,2023-07-01,Current,259294.2,0,2023-07-02,Servicer_Feed
LN101393,2022-11-01,Current,208186.61,0,2022-07-01,Servicer_Feed
LN101532,2024-09-01,Current,289199.59110089653,0,2024-09-07,Servicer_Feed
LN101444,2024-11-01,Current,140623.73,0,2024-11-04,Servicer_Feed
LN101053,2024-11-01,Current,191817.31,0,2024-11-05,Servicer_Feed
LN100737,2022-12-01,Current,246131.77,0,2022-12-06,Servicer_Feed
LN101409,2021-10-01,Current,293775.28,0,2021-10-08,Servicer_Feed
LN100392,2020-01-01,Current,258085.37233640376,0,2020-01-06,Servicer_Feed
LN101184,2023-02-01,Current,723185.86,0,2023-02-03,Servicer_Feed
LN101254,2024-08-01,Current,261723.29,0,2024-08-10,Servicer_Feed
LN101700,2023-09-01,Current,325755.47,0,2023-09-01,Servicer_Feed
LN101900,2023-10-01,Current,176507.96,0,2023-06-01,Servicer_Feed
LN100777,2019-02-01,Prepaid,206984.17,0,2019-02-02,Servicer_Feed
LN100075,2020-12-01,Current,219213.02,0,2020-12-10,Servicer_Feed
LN100228,2024-01-01,Current,341277.4072192924,0,2024-01-06,Servicer_Feed
LN101851,2024-02-01,Current,179527.86,0,2024-02-05,Servicer_Feed
LN101259,2023-09-01,Current,316762.32,0,2023-09-03,Servicer_Feed
LN101739,2021-08-01,Current,261286.72,0,2021-08-05,Servicer_Feed
LN100486,2024-02-01,Current,253851.47,0,2024-02-06,Servicer_Feed
LN100993,2024-03-01,Current,163157.87,0,2023-11-01,Servicer_Feed
LN100884,2021-04-01,Current,179097.35,0,2021-04-08,Servicer_Feed
LN101951,2021-06-01,Current,300230.08,0,2021-06-08,Servicer_Feed
LN101451,2024-03-01,30DPD,318661.26,30,2024-03-10,Servicer_Feed
LN101559,2023-01-01,Current,106641.48,0,2023-01-06,Servicer_Feed
LN101465,2024-05-01,Current,136753.09260299877,0,2024-05-06,Servicer_Feed
LN101787,2019-09-01,Current,364470.99632629595,0,2019-09-03,Servicer_Feed
LN101122,2024-03-01,Current,213480.8,0,2023-11-01,Servicer_Feed
LN100944,2019-03-01,Current,225662.54,0,2018-11-01,Servicer_Feed
LN100955,2021-08-01,Current,258810.09,0,2021-08-04,Servicer_Feed
LN100894,2020-06-01,Current,147997.09,0,2020-06-01,Servicer_Feed
LN100349,2024-05-01,Current,233635.25,0,2024-05-04,Servicer_Feed
LN100659,2023-07-01,Current,205712.48,0,2023-07-02,Servicer_Feed
LN100083,2023-05-01,Current,258425.3643794171,0,2023-05-04,Servicer_Feed
LN101485,2023-05-01,Current,256811.16888859202,0,2023-05-02,Servicer_Feed
LN101071,2021-01-01,Current,217667.58,0,2021-01-08,Servicer_Feed
LN101550,2023-10-01,Current,282384.75,0,2023-06-01,Servicer_Feed
LN100781,2023-10-01,Current,114610.29,0,2023-06-01,Servicer_Feed
LN100220,2024-11-01,60DPD,262529.99,60,2024-07-01,Servicer_Feed
LN100846,2023-12-01,Current,135717.15,0,2023-12-09,Servicer_Feed
LN101974,2024-10-01,Current,294869.57,0,2024-06-01,Servicer_Feed
LN101244,2024-05-01,Current,149123.67,0,2024-05-03,Servicer_Feed
LN100412,2021-12-01,Current,286117.42,0,2021-12-09,Servicer_Feed
LN100623,2024-02-01,Current,141242.79543178418,0,2024-02-07,Servicer_Feed
LN100780,2024-09-01,90DPD,123013.5,95,2024-09-04,Servicer_Feed
LN101371,2022-09-01,Current,211668.96,0,2022-05-01,Servicer_Feed
LN100553,2024-05-01,Current,251474.92,0,2024-05-04,Servicer_Feed
LN100333,2024-01-01,Current,345178.56,0,2024-01-07,Servicer_Feed
LN100840,2024-01-01,Current,224293.32,0,2024-01-01,Servicer_Feed
LN100478,2023-11-01,Current,190843.42,0,2023-11-01,Servicer_Feed
LN100353,2024-02-01,Current,595507.97,0,2024-02-06,Servicer_Feed
LN101278,2021-12-01,Current,151376.7,0,2021-12-07,Servicer_Feed
LN101515,2021-11-01,Current,168143.85,0,2021-11-08,Servicer_Feed
LN100890,2024-11-01,Current,158856.15,0,2024-11-04,Servicer_Feed
LN101482,2023-04-01,Current,248659.5359546309,0,2023-04-01,Servicer_Feed
LN101221,2022-01-01,Current,250470.45,0,2022-01-07,Servicer_Feed
LN100879,2023-07-01,Current,214417.81,0,2023-07-07,Servicer_Feed
LN100337,2021-07-01,Current,408195.99,0,2021-07-09,Servicer_Feed
LN100674,2022-12-01,Current,365783.0,0,2022-12-07,Servicer_Feed
LN100129,2022-09-01,Current,229896.9,0,2022-05-01,Servicer_Feed
LN101571,2023-09-01,Current,270770.87,0,2023-09-10,Servicer_Feed
LN100326,2024-06-01,Current,397974.45,0,2024-02-01,Servicer_Feed
LN100993,2019-11-01,Current,178092.75,0,2019-11-10,Servicer_Feed
LN100305,2023-08-01,Current,137102.50732962633,0,2023-08-05,Servicer_Feed
LN101902,2023-04-01,Current,349642.37,0,2023-04-03,Servicer_Feed
LN101340,2023-04-01,Current,218305.27,0,2023-04-01,Servicer_Feed
LN100248,2022-12-01,Current,220185.64,0,2022-12-03,Servicer_Feed
LN101358,2023-01-01,Current,145504.13020936624,0,2023-01-10,Servicer_Feed
LN100272,2023-08-01,Current,296988.8843155845,0,2023-08-01,Servicer_Feed
LN100187,2020-05-01,Current,341882.5424862728,0,2020-05-02,Servicer_Feed
LN100871,2023-02-01,Current,126601.70352866681,0,2023-02-01,Servicer_Feed
LN100260,2023-04-01,Current,345472.85,0,2023-04-05,Servicer_Feed
LN100208,2024-03-01,Current,220910.02,0,2024-03-05,Servicer_Feed
LN100141,2024-09-01,Current,194902.43,0,2024-09-03,Servicer_Feed
LN100117,2021-07-01,Current,166592.42,0,2021-07-10,Servicer_Feed
LN100615,2020-11-01,Current,224844.6576811599,0,2020-11-06,Servicer_Feed
LN100773,2021-03-01,Current,91555.57,0,2021-03-06,Servicer_Feed
LN100065,2024-09-01,60DPD,230048.81,60,2024-09-02,Servicer_Feed
LN101542,2023-10-01,Current,266956.64,0,2023-10-05,Servicer_Feed
LN101505,2021-12-01,60DPD,422452.0,60,2021-12-04,Servicer_Feed
LN101455,2021-05-01,Current,222638.85,0,2021-05-06,Servicer_Feed
LN100936,2019-10-01,Current,396990.0,0,2019-10-08,Servicer_Feed
LN101547,2023-08-01,Current,204122.1,0,2023-08-04,Servicer_Feed
LN101965,2024-09-01,Current,130106.29,0,2024-09-01,Servicer_Feed
LN101867,2021-06-01,Current,243479.08,0,2021-06-04,Servicer_Feed
LN101901,2021-10-01,Current,230384.38,0,2021-10-02,Servicer_Feed
LN100258,2024-10-01,Current,332079.952850997,0,2024-10-10,Servicer_Feed
LN101480,2021-10-01,Current,157152.57,0,2021-10-04,Servicer_Feed
LN100432,2024-01-01,Current,193166.5,0,2024-01-05,Servicer_Feed
LN100324,2023-07-01,Current,187327.72,0,2023-03-01,Servicer_Feed
LN100013,2019-11-01,Current,109098.43,0,2019-11-07,Servicer_Feed
LN101537,2024-09-01,30DPD,517401.24,30,2024-09-01,Servicer_Feed
LN100926,2023-04-01,Current,287819.75,0,2023-04-06,Servicer_Feed
LN100553,2019-12-01,Current,272587.55,0,2019-12-10,Servicer_Feed
LN100807,2024-10-01,Current,238815.04,0,2024-10-02,Servicer_Feed
LN100815,2024-01-01,Current,656323.4446041546,0,2024-01-05,Servicer_Feed
LN101653,2021-02-01,Current,264581.94,0,2021-02-06,Servicer_Feed
LN100603,2023-03-01,Current,585433.08,0,2023-03-04,Servicer_Feed
LN101593,2019-12-01,Current,437167.54,0,2019-12-07,Servicer_Feed
LN101014,2024-03-01,Current,89665.62,0,2024-03-10,Servicer_Feed
LN100004,2024-08-01,Current,285886.91,0,2024-08-07,Servicer_Feed
LN101402,2022-03-01,Current,339019.7,0,2022-03-09,Servicer_Feed
LN101230,2023-03-01,Current,237466.61,0,2022-11-01,Servicer_Feed
LN101488,2021-02-01,Current,116606.36,0,2021-02-02,Servicer_Feed
LN100644,2020-09-01,Current,163631.06,0,2020-09-05,Servicer_Feed
LN101678,2024-07-01,Current,477117.63,0,2024-07-04,Servicer_Feed
LN100609,2021-10-01,Current,618430.37,0,2021-10-05,Servicer_Feed
LN100662,2023-12-01,Current,198870.14,0,2023-12-06,Servicer_Feed
LN101620,2023-07-01,Current,82289.41,0,2023-07-09,Servicer_Feed
LN100020,2020-11-01,Current,57026.01,0,2020-11-09,Servicer_Feed
LN101142,2020-08-01,Current,221162.53,0,2020-08-05,Servicer_Feed
LN101675,2023-09-01,Current,193232.09,0,2023-09-09,Servicer_Feed
LN101623,2024-09-01,Current,768715.08,0,2024-09-04,Servicer_Feed
LN101524,2024-03-01,Current,139137.07,0,2023-11-01,Servicer_Feed
LN100249,2024-08-01,Current,236541.14,0,2024-08-08,Servicer_Feed
LN101416,2023-06-01,Current,178522.07,0,2023-06-03,Servicer_Feed
LN100686,2022-05-01,Current,241901.89,0,2022-01-01,Servicer_Feed
LN101838,2023-04-01,Current,86428.81,0,2023-04-10,Servicer_Feed
LN101576,2020-05-01,Current,193128.09,0,2020-05-05,Servicer_Feed
LN101110,2023-03-01,Current,150933.91,0,2022-11-01,Servicer_Feed
LN101275,2022-05-01,Current,311088.93,0,2022-05-03,Servicer_Feed
LN100084,2024-06-01,Current,279711.4035875586,0,2024-06-05,Servicer_Feed
LN101662,2024-07-01,Current,96950.9,0,2024-03-01,Servicer_Feed
LN101674,2024-12-01,Current,195930.55,0,2024-12-06,Servicer_Feed
LN101231,2020-10-01,Current,124785.24,0,2020-10-03,Servicer_Feed
LN101115,2024-01-01,Current,138663.02,0,2024-01-10,Servicer_Feed
LN101427,2023-12-01,Current,152576.83,0,2023-12-04,Servicer_Feed
LN100279,2023-04-01,Current,195179.71,0,2023-04-01,Servicer_Feed
LN100125,2020-10-01,Prepaid,796983.53,0,2020-10-04,Servicer_Feed
LN101175,2023-06-01,Current,168937.6,0,2023-06-08,Servicer_Feed
LN101707,2020-10-01,Current,222289.35,0,2020-10-08,Servicer_Feed
LN100433,2020-04-01,Current,127961.55027516255,0,2020-04-01,Servicer_Feed
LN101752,2022-01-01,Current,225910.78,0,2022-01-10,Servicer_Feed
LN101941,2024-08-01,Current,335093.5,0,2024-08-04,Servicer_Feed
LN100238,2022-09-01,Current,535738.9795440945,0,2022-09-09,Servicer_Feed
LN101213,2020-08-01,Current,293739.49,0,2020-08-04,Servicer_Feed
LN101208,2021-11-01,Current,172108.75,0,2021-11-01,Servicer_Feed
LN100233,2023-07-01,Current,102954.7,0,2023-07-01,Servicer_Feed
LN100117,2022-01-01,Current,162899.35,0,2022-01-04,Servicer_Feed
LN101689,2023-05-01,Current,136381.28,0,2023-05-01,Servicer_Feed
LN100528,2022-10-01,Current,135604.91,0,2022-10-08,Servicer_Feed
LN100823,2022-06-01,60DPD,162331.63,60,2022-02-01,Servicer_Feed
LN100160,2021-11-01,Current,85769.99,0,2021-11-10,Servicer_Feed
LN101774,2022-11-01,Current,227952.01,0,2022-11-09,Servicer_Feed
LN101258,2024-09-01,Current,273917.66,0,2024-09-09,Servicer_Feed
LN101248,2024-11-01,Current,338955.59,0,2024-11-01,Servicer_Feed
LN101360,2021-01-01,Current,118926.1,0,2020-09-01,Servicer_Feed
LN101444,2022-09-01,Current,146774.13,0,2022-09-03,Servicer_Feed
LN101653,2021-04-01,Current,262782.88,0,2021-04-09,Servicer_Feed
LN100332,2024-08-01,Current,315918.42,0,2024-08-06,Servicer_Feed
LN101546,2020-04-01,Current,430118.5560026385,0,2020-04-09,Servicer_Feed
LN100365,2024-01-01,Current,99018.06,0,2024-01-03,Servicer_Feed
LN100107,2023-07-01,Current,378407.24,0,2023-07-03,Servicer_Feed
LN101690,2020-08-01,Current,185807.79,0,2020-08-10,Servicer_Feed
LN100724,2023-04-01,Current,230720.55,0,2023-04-08,Servicer_Feed
LN101888,2023-12-01,Current,231188.51,0,2023-12-06,Servicer_Feed
LN100486,2023-02-01,Current,259121.76,0,2023-02-07,Servicer_Feed
LN101085,2023-10-01,30DPD,110382.39,30,2023-10-03,Servicer_Feed
LN101159,2019-05-01,Current,177284.95,0,2019-05-02,Servicer_Feed
LN101018,2024-03-01,Current,241483.89,0,2024-03-06,Servicer_Feed
LN100257,2024-07-01,30DPD,301091.16,30,2024-07-03,Servicer_Feed
LN101184,2024-08-01,Current,701948.4,0,2024-08-05,Servicer_Feed
LN100776,2020-09-01,Current,157420.19,0,2020-09-06,Servicer_Feed
LN101922,2021-12-01,Current,298300.46315737156,0,2021-12-08,Servicer_Feed
LN100025,2023-07-01,Current,425577.79,0,2023-07-07,Servicer_Feed
LN100225,2024-12-01,Current,242254.82,0,2024-08-01,Servicer_Feed
LN101224,2022-11-01,Current,147883.54,0,2022-11-05,Servicer_Feed
LN100365,2022-09-01,Current,101560.08,0,2022-09-04,Servicer_Feed
LN100589,2024-11-01,Current,406449.2334541422,0,2024-07-01,Servicer_Feed
LN100291,2021-05-01,Current,186576.16,0,2021-01-01,Servicer_Feed
LN100975,2021-04-01,Current,355487.55,0,2021-04-10,Servicer_Feed
LN100612,2022-03-01,Current,291007.95,0,2022-03-04,Servicer_Feed
LN100030,2023-03-01,Current,210312.08327690457,0,2023-03-10,Servicer_Feed
LN100719,2023-06-01,Current,336580.73,0,2023-02-01,Servicer_Feed
LN100667,2023-04-01,Current,240394.94,0,2022-12-01,Servicer_Feed
LN100235,2024-09-01,Current,77309.71,0,2024-09-05,Servicer_Feed
LN101863,2022-02-01,Current,373076.15,0,2022-02-05,Servicer_Feed
LN100072,2023-03-01,Current,221590.56,0,2023-03-04,Servicer_Feed
LN100460,2023-02-01,Current,176778.99,0,2023-02-04,Servicer_Feed
LN100835,2022-09-01,30DPD,139378.51,30,2022-09-04,Servicer_Feed
LN101626,2022-07-01,Current,274423.37,0,2022-07-03,Servicer_Feed
LN100650,2024-12-01,Current,479599.43,0,2024-12-06,Servicer_Feed
LN100812,2023-07-01,Current,181861.65,0,2023-07-08,Servicer_Feed
LN100605,2019-10-01,Current,220569.13,0,2019-10-01,Servicer_Feed
LN101918,2024-05-01,Current,157849.27,0,2024-05-03,Servicer_Feed
LN100212,2020-10-01,Current,501526.4,0,2020-10-05,Servicer_Feed
LN101706,2024-01-01,Current,243563.41,0,2024-01-05,Servicer_Feed
LN100426,2021-11-01,Current,204469.75,0,2021-11-02,Servicer_Feed
LN100689,2024-04-01,Current,158105.03,0,2024-04-08,Servicer_Feed
LN100132,2021-05-01,Current,159718.82,0,2021-01-01,Servicer_Feed
LN101602,2022-10-01,Current,155154.1,0,2022-10-08,Servicer_Feed
LN100154,2020-10-01,Current,511496.4834773382,0,2020-10-03,Servicer_Feed
LN101256,2021-08-01,Current,292006.95,0,2021-08-01,Servicer_Feed
LN100828,2023-04-01,Current,333808.3,0,2023-04-10,Servicer_Feed
LN101560,2024-07-01,Current,151476.12,0,2024-07-09,Servicer_Feed
LN101368,2023-03-01,Current,211003.28,0,2023-03-07,Servicer_Feed
LN100516,2023-01-01,Current,243579.13,0,2023-01-08,Servicer_Feed
LN100247,2023-09-01,Current,180023.99,0,2023-09-10,Servicer_Feed
LN100698,2022-03-01,Current,203789.54,0,2022-03-03,Servicer_Feed
LN101592,2024-11-01,Current,90882.89,0,2024-07-01,Servicer_Feed
LN101058,2021-12-01,Current,270751.33,0,2021-12-10,Servicer_Feed
LN101668,2024-05-01,Current,181601.99,0,2024-05-02,Servicer_Feed
LN101198,2022-09-01,Current,123687.67,0,2022-05-01,Servicer_Feed
LN101558,2019-08-01,Current,430321.64,0,2019-04-01,Servicer_Feed
LN100503,2024-08-01,Current,318841.93008629436,0,2024-08-02,Servicer_Feed
LN101946,2023-02-01,Current,544349.32,0,2023-02-01,Servicer_Feed
LN100665,2022-11-01,Current,233209.63,0,2022-07-01,Servicer_Feed
LN100588,2024-01-01,Current,468381.98494088795,0,2024-01-04,Servicer_Feed
LN100266,2024-07-01,Current,174815.65,0,2024-07-04,Servicer_Feed
LN100228,2022-05-01,Current,258599.62,0,2022-05-02,Servicer_Feed
LN100501,2023-11-01,Current,452294.33,0,2023-11-06,Servicer_Feed
LN101758,2021-11-01,60DPD,138303.93,60,2021-11-05,Servicer_Feed
LN101842,2021-04-01,Current,349067.37,0,2021-04-06,Servicer_Feed
LN101869,2021-08-01,Current,270862.17,0,2021-08-03,Servicer_Feed
LN101079,2021-03-01,Current,198066.92,0,2021-03-07,Servicer_Feed
LN100205,2023-01-01,Current,215943.31,0,2023-01-02,Servicer_Feed
LN100146,2019-12-01,Current,202134.328241775,0,2019-12-04,Servicer_Feed
LN101365,2024-08-01,Current,139159.47194093946,0,2024-08-04,Servicer_Feed
LN100231,2024-04-01,Current,139950.16,0,2024-04-04,Servicer_Feed
LN100799,2021-05-01,Current,290339.83551994775,0,2021-05-07,Servicer_Feed
LN100459,2021-11-01,Current,358712.4059497346,0,2021-11-06,Servicer_Feed
LN101612,2020-11-01,Current,155684.26,0,2020-11-01,Servicer_Feed
LN100441,2024-11-01,Current,231094.35,0,2024-11-08,Servicer_Feed
LN100414,2018-11-01,Current,210671.62175579017,0,2020-02-05,Servicer_Feed
LN100564,2021-10-01,Current,540925.16,0,2021-10-01,Servicer_Feed
LN100501,2024-03-01,Current,449470.08,0,2024-03-04,Servicer_Feed
LN101030,2023-03-01,Current,151334.02,0,2023-03-05,Servicer_Feed
LN100607,2024-06-01,Current,757480.3971069881,0,2024-06-06,Servicer_Feed
LN101586,2023-11-01,Current,87477.38,0,2023-11-06,Servicer_Feed
LN100612,2022-06-01,Current,289634.28,0,2022-06-02,Servicer_Feed
LN101445,2022-10-01,Current,174748.42,0,2022-06-01,Servicer_Feed
LN101702,2024-05-01,Current,191911.21,0,2024-05-03,Servicer_Feed
LN100533,2022-06-01,Current,197472.47,0,2022-06-10,Servicer_Feed
LN101271,2023-10-01,Current,78419.9,0,2023-10-05,Servicer_Feed
LN101827,2023-11-01,Current,300193.83,0,2023-11-06,Servicer_Feed
LN101228,2024-09-01,Current,505934.96,0,2024-05-01,Servicer_Feed
LN100002,2022-12-01,Current,365702.93,0,2022-12-01,Servicer_Feed
LN101583,2019-12-01,Current,241045.01,0,2019-12-03,Servicer_Feed
LN100303,2023-02-01,Current,194802.76,0,2023-02-01,Servicer_Feed
LN100154,2020-11-01,Current,396206.37,0,2020-11-04,Servicer_Feed
LN100975,2021-02-01,Current,281886.25153299724,0,2021-02-05,Servicer_Feed
LN101062,2024-11-01,Current,316026.2164246181,0,2024-11-03,Servicer_Feed
LN100770,2020-04-01,Current,270401.5,0,2020-04-03,Servicer_Feed
LN100837,2023-02-01,Current,135984.02,0,2022-10-01,Servicer_Feed
LN100185,2024-02-01,Current,252735.19,0,2024-02-05,Servicer_Feed
LN101109,2023-06-01,Current,302059.78,0,2023-06-08,Servicer_Feed
LN100626,2023-01-01,Current,213253.32,0,2023-01-07,Servicer_Feed
LN100328,2022-11-01,Current,164104.12,0,2022-07-01,Servicer_Feed
LN101770,2020-07-01,Current,308924.4999236383,0,2020-07-09,Servicer_Feed
LN101015,2020-07-01,Current,383487.4697071403,0,2020-07-04,Servicer_Feed
LN100271,2020-07-01,Current,657649.19,0,2020-07-09,Servicer_Feed
LN100939,2023-11-01,30DPD,120144.24953057927,30,2023-11-04,Servicer_Feed
LN100626,2023-07-01,Current,211093.75,0,2023-07-07,Servicer_Feed
LN101096,2024-02-01,Current,466254.69,0,2024-02-10,Servicer_Feed
LN101217,2024-06-01,Current,526028.52,0,2024-02-01,Servicer_Feed
LN100393,2024-05-01,Current,194838.87,0,2024-05-01,Servicer_Feed
LN100254,2023-10-01,Current,169521.61,0,2023-10-01,Servicer_Feed
LN100449,2024-03-01,Current,552677.2236696304,0,2024-03-01,Servicer_Feed
LN100744,2024-12-01,Current,117444.54,0,2024-12-04,Servicer_Feed
LN100555,2022-08-01,Current,178192.55,0,2022-08-05,Servicer_Feed
LN101909,2023-02-01,Current,126682.29,0,2023-02-01,Servicer_Feed
LN100797,2023-07-01,Current,254982.77,0,2023-03-01,Servicer_Feed
LN100829,2020-06-01,Current,166215.31,0,2020-06-07,Servicer_Feed
LN100895,2022-11-01,Current,268431.00314734754,0,2022-11-09,Servicer_Feed
LN100009,2024-02-01,Current,151402.78,0,2024-02-10,Servicer_Feed
LN100057,2021-04-01,Current,515988.12,0,2020-12-01,Servicer_Feed
LN101714,2024-05-01,30DPD,206997.84,30,2024-05-03,Servicer_Feed
LN100337,2023-07-01,Current,392655.84,0,2023-07-09,Servicer_Feed
LN101341,2024-01-01,Current,192022.14,0,2024-01-09,Servicer_Feed
LN100333,2023-02-01,Current,357582.93,0,2023-02-07,Servicer_Feed
LN101488,2019-03-01,Current,120915.5,0,2018-11-01,Servicer_Feed
LN100729,2021-02-01,Current,102592.37,0,2021-02-01,Servicer_Feed
LN100274,2020-06-01,Current,180193.05,0,2020-06-07,Servicer_Feed
LN101153,2021-01-01,Current,193131.67,0,2021-01-04,Servicer_Feed
LN100684,2021-05-01,Current,197104.22,0,2021-05-01,Servicer_Feed
LN101368,2024-09-01,Current,204932.92,0,2024-09-02,Servicer_Feed
LN100902,2023-02-01,Current,187496.0,0,2023-02-03,Servicer_Feed
LN100247,2023-07-01,Current,180671.83,0,2023-07-05,Servicer_Feed
LN100790,2024-09-01,Current,302493.05,0,2024-09-01,Servicer_Feed
LN100775,2022-09-01,Current,328162.9,0,2022-09-05,Servicer_Feed
LN101027,2022-05-01,Current,474311.01,0,2022-05-03,Servicer_Feed
LN100291,2019-07-01,Current,192914.9,0,2019-07-10,Servicer_Feed
LN101205,2024-08-01,Current,149189.44,0,2024-08-10,Servicer_Feed
LN100737,2021-02-01,Current,254940.56,0,2021-02-07,Servicer_Feed
LN101846,2024-01-01,Current,286130.64,0,2024-01-06,Servicer_Feed
LN100548,2020-11-01,Current,199454.08,0,2020-07-01,Servicer_Feed
LN100054,2024-08-01,Current,148592.1,0,2024-08-02,Servicer_Feed
LN100622,2022-12-01,Current,264578.34,0,2022-12-04,Servicer_Feed
LN100459,2020-02-01,Current,440196.6021932282,0,2020-02-02,Servicer_Feed
LN101710,2022-03-01,Current,231535.56,0,2022-03-09,Servicer_Feed
LN100451,2024-04-01,Current,214182.88,0,2023-12-01,Servicer_Feed
LN101892,2023-05-01,Current,271406.54,0,2023-01-01,Servicer_Feed
LN100439,2021-08-01,Current,178392.87,0,2021-08-04,Servicer_Feed
LN101982,2023-07-01,Current,212118.41,0,2023-07-10,Servicer_Feed
LN100943,2024-11-01,Current,81905.86,0,2024-11-02,Servicer_Feed
LN100021,2024-08-01,Current,144852.18,0,2024-08-04,Servicer_Feed
LN101387,2021-11-01,Current,126423.36,0,2021-07-01,Servicer_Feed
LN101046,2024-07-01,Current,132309.04,0,2024-03-01,Servicer_Feed
LN100055,2024-06-01,Current,197847.9,0,2024-06-09,Servicer_Feed
LN100030,2024-03-01,Current,270515.91,0,2024-03-07,Servicer_Feed
LN101652,2021-08-01,Current,122810.73,0,2021-08-05,Servicer_Feed
LN101848,2024-09-01,Current,350116.09,0,2024-05-01,Servicer_Feed
LN101314,2024-04-01,Current,288914.5,0,2024-04-05,Servicer_Feed
LN101417,2021-06-01,Current,100012.89,0,2021-06-01,Servicer_Feed
LN101561,2022-04-01,Current,222446.92,0,2022-04-09,Servicer_Feed
LN101254,2022-11-01,Current,270617.43,0,2022-07-01,Servicer_Feed
LN101807,2023-06-01,30DPD,247501.24,30,2023-06-10,Servicer_Feed
LN100196,2022-12-01,Current,495344.17,0,2022-08-01,Servicer_Feed
LN101102,2023-12-01,Current,406323.8,0,2023-12-10,Servicer_Feed
LN100593,2022-10-01,Current,259104.64,0,2022-10-01,Servicer_Feed
LN100651,2023-10-01,Current,197974.52,0,2023-10-04,Servicer_Feed
LN100624,2023-10-01,Current,355509.2225443387,0,2023-10-01,Servicer_Feed
LN100720,2024-07-01,Current,466744.06,0,2024-07-09,Servicer_Feed
LN100341,2021-02-01,Current,193012.64,0,2021-02-02,Servicer_Feed
LN100902,2022-02-01,Current,194956.24,0,2022-02-05,Servicer_Feed
LN101241,2024-03-01,Current,256415.45,0,2024-03-03,Servicer_Feed
LN100552,2022-02-01,Current,335811.8835173438,0,2022-02-07,Servicer_Feed
LN100742,2022-12-01,Current,215559.11964196147,0,2022-12-09,Servicer_Feed
LN101270,2021-08-01,Current,160001.15,0,2021-08-07,Servicer_Feed
LN101590,2022-08-01,Current,206051.82,0,2022-04-01,Servicer_Feed
LN100839,2024-07-01,Current,314521.4841959543,0,2024-07-10,Servicer_Feed
LN101972,2022-02-01,Current,298755.4625355458,0,2022-02-08,Servicer_Feed
LN100831,2022-07-01,Current,160325.24,0,2022-03-01,Servicer_Feed
LN101376,2022-04-01,Current,228104.1,0,2022-04-09,Servicer_Feed
LN100376,2024-11-01,Current,184446.89,0,2024-07-01,Servicer_Feed
LN100739,2024-05-01,Current,144192.16,0,2024-05-09,Servicer_Feed
LN101727,2023-04-01,Current,311562.30255077215,0,2023-04-04,Servicer_Feed
LN100882,2020-02-01,Current,164484.88,0,2019-10-01,Servicer_Feed
LN101425,2022-10-01,Current,145440.95,0,2022-10-08,Servicer_Feed
LN101674,2021-02-01,Current,210308.05,0,2021-02-05,Servicer_Feed
LN100235,2022-10-01,Current,80375.04,0,2022-10-02,Servicer_Feed
LN100587,2023-01-01,Current,216432.2,0,2023-01-05,Servicer_Feed
LN101565,2023-08-01,60DPD,210348.44,60,2023-08-02,Servicer_Feed
LN101513,2020-11-01,Current,139749.35,0,2020-11-09,Servicer_Feed
LN101567,2024-12-01,Current,178245.96,0,2024-12-04,Servicer_Feed
LN100146,2024-06-01,Current,239530.20392885836,0,2024-06-08,Servicer_Feed
LN100088,2020-06-01,Current,504418.01,0,2020-06-07,Servicer_Feed
LN100304,2023-08-01,Current,151989.4531530785,0,2023-08-03,Servicer_Feed
LN101837,2024-11-01,Current,216112.42,0,2024-11-05,Servicer_Feed
LN100848,2024-09-01,Current,240139.93246196187,0,2024-09-03,Servicer_Feed
LN100667,2022-11-01,Current,244650.65,0,2022-11-01,Servicer_Feed
LN100627,2023-11-01,Current,181329.5,0,2023-11-09,Servicer_Feed
LN101700,2023-11-01,Current,324638.39,0,2023-11-06,Servicer_Feed
LN101516,2022-04-01,Current,474446.62,0,2022-04-05,Servicer_Feed
LN100338,2023-03-01,Current,226305.57,0,2023-03-08,Servicer_Feed
LN101003,2022-09-01,Current,649426.6,0,2022-09-09,Servicer_Feed
LN101443,2023-04-01,Current,205256.35,0,2023-04-09,Servicer_Feed
LN100528,2024-03-01,Current,131545.61,0,2024-03-07,Servicer_Feed
LN100528,2024-08-01,Prepaid,130575.52,0,2024-08-10,Servicer_Feed
LN101607,2023-08-01,Current,197701.85,0,2023-08-10,Servicer_Feed
LN100234,2024-01-01,Current,504271.63,0,2024-01-04,Servicer_Feed
LN100331,2024-02-01,Current,207845.5654834855,0,2024-02-06,Servicer_Feed
LN101072,2022-06-01,Current,132274.33,0,2022-06-09,Servicer_Feed
LN100269,2021-03-01,Current,158810.34,0,2021-03-02,Servicer_Feed
LN101105,2022-11-01,Current,172521.46,0,2022-11-04,Servicer_Feed
LN100195,2024-09-01,Current,209284.16,0,2024-05-01,Servicer_Feed
LN100089,2024-03-01,Current,607723.19,0,2023-11-01,Servicer_Feed
LN100119,2023-02-01,Current,198620.79,0,2023-02-01,Servicer_Feed
LN101445,2019-10-01,Current,229449.34852789802,0,2019-10-04,Servicer_Feed
LN101526,2023-09-01,Current,127047.8,0,2023-09-03,Servicer_Feed
LN100562,2021-10-01,Current,517187.0151560257,0,2021-10-09,Servicer_Feed
LN101916,2021-02-01,Current,520537.2,0,2021-02-09,Servicer_Feed
LN100552,2024-12-01,Current,311175.23,0,2024-12-10,Servicer_Feed
LN100307,2022-09-01,Current,257219.47,0,2022-09-07,Servicer_Feed
LN101224,2023-07-01,Current,163305.80956418073,0,2023-07-09,Servicer_Feed
LN100770,2021-09-01,Current,255467.78,0,2021-09-06,Servicer_Feed
LN100997,2022-03-01,Current,304685.6925171867,0,2022-03-10,Servicer_Feed
LN101489,2023-12-01,Current,277502.75,0,2023-12-03,Servicer_Feed
LN101372,2024-05-01,Current,287637.71,0,2024-05-01,Servicer_Feed
LN100329,2022-01-01,Current,329713.58,0,2022-01-01,Servicer_Feed
LN100413,2022-06-01,Current,188658.54,0,2022-02-01,Servicer_Feed
LN100016,2024-02-01,Current,69224.88,0,2024-02-01,Servicer_Feed
LN101143,2024-05-01,Current,185938.09,0,2024-05-08,Servicer_Feed
LN101566,2022-09-01,Current,81268.13460049317,0,2022-09-02,Servicer_Feed
LN100620,2023-07-01,Current,188413.14,0,2023-07-04,Servicer_Feed
LN101347,2021-01-01,Current,223645.83,0,2021-01-08,Servicer_Feed
LN101573,2021-08-01,Current,132106.62,0,2021-08-09,Servicer_Feed
LN101471,2023-04-01,Current,239924.01,0,2023-04-01,Servicer_Feed
LN101233,2023-06-01,Current,100987.11,0,2023-06-03,Servicer_Feed
LN101579,2022-09-01,Current,317426.05,0,2022-09-08,Servicer_Feed
LN100565,2021-05-01,Current,538485.7604574884,0,2021-05-10,Servicer_Feed
LN101203,2021-04-01,Current,260458.173955823,0,2021-04-09,Servicer_Feed
LN100920,2023-01-01,Current,149106.4,0,2023-01-02,Servicer_Feed
LN101093,2023-01-01,Current,103531.1,0,2023-01-04,Servicer_Feed
LN101502,2023-01-01,Current,205900.76,0,2023-01-08,Servicer_Feed
LN101081,2022-01-01,Current,432579.39,0,2021-09-01,Servicer_Feed
LN101966,2023-01-01,Current,148687.68,0,2023-01-03,Servicer_Feed
LN100995,2023-10-01,Current,71709.69,0,2023-10-04,Servicer_Feed
LN101538,2024-05-01,Current,496359.83,0,2024-05-06,Servicer_Feed
LN100204,2020-11-01,Current,186982.33,0,2020-07-01,Servicer_Feed
LN101189,2020-08-01,Current,128473.34941816828,0,2020-08-01,Servicer_Feed
LN101361,2024-10-01,Current,252113.35,0,2024-10-01,Servicer_Feed
LN100712,2020-07-01,Current,293495.42,0,2020-03-01,Servicer_Feed
LN100913,2024-06-01,Current,143649.96174372235,0,2024-06-02,Servicer_Feed
LN100020,2023-05-01,Current,51075.52,0,2023-05-06,Servicer_Feed
LN101288,2023-11-01,Current,142526.1,0,2023-11-10,Servicer_Feed
LN100562,2023-10-01,Current,198594.85,0,2023-10-10,Servicer_Feed
LN100858,2022-02-01,Current,103716.52719300862,0,2022-02-04,Servicer_Feed
LN100485,2022-08-01,60DPD,239870.68,60,2022-08-08,Servicer_Feed
LN100701,2024-09-01,Current,166853.93,0,2024-09-01,Servicer_Feed
LN101883,2023-07-01,Current,200613.62,0,2023-07-06,Servicer_Feed
LN100916,2023-07-01,Current,184847.04,0,2023-07-07,Servicer_Feed
LN100932,2021-02-01,Current,590399.13,0,2021-02-10,Servicer_Feed
LN100424,2023-08-01,Current,300326.37,0,2023-08-05,Servicer_Feed
LN100052,2024-09-01,Current,75362.59406915976,0,2024-09-05,Servicer_Feed
LN101192,2023-05-01,Current,271240.59,0,2023-05-09,Servicer_Feed
LN100388,2023-06-01,Current,184853.55260728588,0,2023-06-10,Servicer_Feed
LN101212,2022-08-01,Current,120901.56,0,2022-08-03,Servicer_Feed
LN100192,2023-02-01,Current,204315.31,0,2023-02-07,Servicer_Feed
LN100881,2020-02-01,Current,203564.13,0,2019-10-01,Servicer_Feed
LN100452,2023-02-01,Current,91759.99,0,2022-10-01,Servicer_Feed
LN101066,2021-01-01,Current,203559.84,0,2021-01-10,Servicer_Feed
LN100530,2020-09-01,Current,165921.3,0,2020-09-06,Servicer_Feed
LN100934,2020-02-01,Current,251581.93,0,2020-02-07,Servicer_Feed
LN100812,2022-11-01,Current,187342.4,0,2022-11-04,Servicer_Feed
LN101291,2022-12-01,Current,209481.26,0,2022-12-08,Servicer_Feed
LN101065,2021-10-01,Current,388736.05,0,2021-10-05,Servicer_Feed
LN101113,2023-12-01,Current,151797.7,0,2023-12-08,Servicer_Feed
LN100248,2022-09-01,Current,222239.41,0,2022-09-03,Servicer_Feed
LN101661,2021-09-01,Current,664123.3324213534,0,2021-09-06,Servicer_Feed
LN100242,2024-09-01,Current,301551.05,0,2024-09-06,Servicer_Feed
LN101725,2024-01-01,Current,109536.33,0,2024-01-02,Servicer_Feed
LN100848,2023-11-01,Current,175052.86,0,2023-07-01,Servicer_Feed
LN100554,2023-02-01,Current,341223.76,0,2023-02-06,Servicer_Feed
LN100003,2022-02-01,Current,403961.39,0,2022-02-07,Servicer_Feed
LN101782,2022-11-01,Current,201462.39,0,2022-11-09,Servicer_Feed
LN101334,2023-08-01,Current,158842.06,0,2023-08-02,Servicer_Feed
LN100238,2022-05-01,Current,304464.1131285569,0,2022-05-10,Servicer_Feed
LN100064,2020-03-01,Current,98682.68092223605,0,2020-03-09,Servicer_Feed
LN100871,2024-06-01,Current,114028.73,0,2024-06-02,Servicer_Feed
LN100796,2024-12-01,Current,262747.38,0,2024-12-04,Servicer_Feed
LN100680,2023-02-01,Current,373685.21,0,2023-02-06,Servicer_Feed
LN100091,2022-06-01,Current,123974.65,0,2022-06-09,Servicer_Feed
LN101444,2024-07-01,Current,141584.15,0,2024-03-01,Servicer_Feed
LN101655,2024-02-01,Current,211244.96,0,2024-02-10,Servicer_Feed
LN101427,2024-12-01,Current,149529.9,0,2024-12-06,Servicer_Feed
LN101914,2022-02-01,Current,296040.78,0,2021-10-01,Servicer_Feed
LN100432,2023-08-01,Current,194687.08,0,2023-08-09,Servicer_Feed
LN100240,2021-09-01,Current,192181.92,0,2021-09-08,Servicer_Feed
LN101340,2019-08-01,Current,234621.35,0,2019-08-10,Servicer_Feed
LN101235,2023-05-01,Current,138655.53355709114,0,2023-05-09,Servicer_Feed
LN101595,2021-09-01,Current,185730.32,0,2021-09-02,Servicer_Feed
LN101406,2022-07-01,Current,370437.89,0,2022-07-08,Servicer_Feed
LN101578,2023-05-01,Current,254755.89,0,2023-05-10,Servicer_Feed
LN101197,2024-08-01,Current,268554.64,0,2024-08-03,Servicer_Feed
LN101039,2024-06-01,Current,121333.35,0,2024-06-10,Servicer_Feed
LN100156,2022-01-01,Current,310386.91,0,2022-01-07,Servicer_Feed
LN100521,2023-07-01,Current,236329.57,0,2023-07-04,Servicer_Feed
LN101508,2020-08-01,Current,186489.47,0,2020-04-01,Servicer_Feed
LN100825,2024-05-01,Current,148820.01,0,2024-05-01,Servicer_Feed
LN100231,2024-09-01,Current,187919.45359115282,0,2024-09-10,Servicer_Feed
LN101309,2023-09-01,Current,137618.92,0,2023-09-07,Servicer_Feed
LN101790,2021-01-01,Current,170707.61559097952,0,2021-01-07,Servicer_Feed
LN100532,2023-02-01,Current,251777.85,0,2023-02-05,Servicer_Feed
LN100287,2020-05-01,Current,294419.85040548316,0,2020-05-04,Servicer_Feed
LN100137,2023-07-01,Current,147371.93,0,2023-07-03,Servicer_Feed
LN101984,2024-07-01,Current,378251.47,0,2024-07-08,Servicer_Feed
LN101624,2020-10-01,Current,283815.86,0,2020-10-01,Servicer_Feed
LN100100,2024-03-01,Current,236759.4268860669,0,2024-03-08,Servicer_Feed
LN101815,2023-09-01,Current,372965.19,0,2023-09-08,Servicer_Feed
LN101290,2022-04-01,Current,178308.37,0,2022-04-09,Servicer_Feed
LN101373,2022-03-01,Current,304386.9,0,2022-03-03,Servicer_Feed
LN100535,2024-09-01,Current,191002.07,0,2024-09-05,Servicer_Feed
LN100941,2024-06-01,Current,117346.97,0,2024-06-09,Servicer_Feed
LN101665,2021-09-01,Current,135487.04,0,2021-09-07,Servicer_Feed
LN100290,2024-04-01,Current,146805.14,0,2024-04-03,Servicer_Feed
LN101938,2024-10-01,Current,207788.46,0,2024-10-06,Servicer_Feed
LN101259,2024-03-01,Current,313816.68,0,2024-03-06,Servicer_Feed
LN101094,2023-04-01,Current,440150.41,0,2022-12-01,Servicer_Feed
LN100121,2020-09-01,Current,122898.5427238445,0,2020-09-09,Servicer_Feed
LN101609,2023-04-01,Current,254694.78,0,2022-12-01,Servicer_Feed
LN101778,2020-01-01,Current,391701.92,0,2020-01-05,Servicer_Feed
LN101625,2022-11-01,Current,118408.18,0,2022-11-05,Servicer_Feed
LN101373,2021-12-01,Current,361178.2880732353,0,2021-12-03,Servicer_Feed
LN101281,2023-04-01,Current,507448.06,0,2022-12-01,Servicer_Feed
LN100339,2021-02-01,Current,228485.4,0,2021-02-03,Servicer_Feed
LN101703,2020-06-01,Current,190469.33,0,2020-06-07,Servicer_Feed
LN100727,2022-08-01,Current,144171.44,0,2022-08-07,Servicer_Feed
LN101607,2023-11-01,Current,196699.83,0,2023-11-01,Servicer_Feed
LN101130,2022-11-01,Current,209997.63,0,2022-11-01,Servicer_Feed
LN100772,2023-01-01,Current,416186.62,0,2023-01-07,Servicer_Feed
LN100525,2021-12-01,Current,207085.53,0,2021-12-06,Servicer_Feed
LN100019,2022-08-01,Current,150710.04123171052,0,2022-08-10,Servicer_Feed
LN100581,2022-07-01,30DPD,180844.98,30,2022-07-03,Servicer_Feed
LN100828,2019-08-01,Current,359148.76,0,2019-08-06,Servicer_Feed
LN101554,2022-02-01,Current,329755.8271886465,0,2022-02-06,Servicer_Feed
LN101817,2020-11-01,Current,190338.44,0,2020-11-01,Servicer_Feed
LN101425,2024-11-01,Current,140117.33,0,2024-11-07,Servicer_Feed
LN100367,2022-03-01,Current,274738.88,0,2022-03-04,Servicer_Feed
LN100795,2024-04-01,Current,231635.08,0,2024-04-09,Servicer_Feed
LN101224,2021-11-01,Current,179371.03121304503,0,2021-11-10,Servicer_Feed
LN100369,2022-10-01,Current,177928.5,0,2022-06-01,Servicer_Feed
LN101332,2023-12-01,Current,378044.76,0,2023-12-10,Servicer_Feed
LN100088,2020-07-01,Current,503609.18,0,2020-07-09,Servicer_Feed
LN101335,2024-04-01,Current,386776.44,0,2024-04-08,Servicer_Feed
LN101380,2021-04-01,Current,224094.88,0,2021-04-02,Servicer_Feed
LN100358,2023-04-01,Current,314442.71,0,2023-04-04,Servicer_Feed
LN101579,2024-02-01,Current,308275.58,0,2023-10-01,Servicer_Feed
LN101410,2022-07-01,Current,197598.49,0,2022-07-07,Servicer_Feed
LN100205,2021-03-01,Current,223626.23,0,2020-11-01,Servicer_Feed
LN100720,2023-11-01,Current,473347.23,0,2023-11-09,Servicer_Feed
LN101447,2020-12-01,Current,170262.03,0,2020-12-09,Servicer_Feed
LN100088,2019-09-01,Current,511650.35,0,2019-05-01,Servicer_Feed
LN100830,2020-11-01,Current,148097.45,0,2020-11-03,Servicer_Feed
LN101500,2023-09-01,Current,265139.92,0,2023-09-05,Servicer_Feed
LN100248,2023-03-01,Current,218116.07,0,2022-11-01,Servicer_Feed
LN100683,2023-04-01,Current,167726.35,0,2023-04-01,Servicer_Feed
LN101184,2022-01-01,Current,738211.87,0,2022-01-06,Servicer_Feed
LN101103,2022-11-01,Current,424714.31,0,2022-11-06,Servicer_Feed
LN100510,2024-09-01,Current,186146.79,0,2024-09-08,Servicer_Feed
LN101452,2022-01-01,Current,192386.05,0,2022-01-09,Servicer_Feed
LN101546,2023-05-01,Current,360465.5,0,2023-05-01,Servicer_Feed
LN100524,2024-05-01,Current,215629.55,0,2024-05-08,Servicer_Feed
LN101358,2021-09-01,Current,186351.71,0,2021-09-02,Servicer_Feed
LN100735,2023-01-01,Current,392099.05665593623,0,2023-01-09,Servicer_Feed
LN101962,2021-09-01,Current,173407.43,0,2021-09-10,Servicer_Feed
LN101781,2022-01-01,Current,133530.94,0,2022-01-03,Servicer_Feed
LN101562,2023-02-01,Current,155312.93,0,2023-02-08,Servicer_Feed
LN100434,2022-11-01,Current,700380.07,0,2022-07-01,Servicer_Feed
LN101779,2024-07-01,Current,512943.0835007107,0,2024-07-07,Servicer_Feed
LN100997,2024-11-01,Current,210314.43,0,2024-07-01,Servicer_Feed
LN101197,2023-06-01,Current,274871.82,0,2023-02-01,Servicer_Feed
LN101663,2021-08-01,Current,146160.532667065,0,2021-08-02,Servicer_Feed
LN100412,2023-05-01,90DPD,280394.8,95,2023-05-05,Servicer_Feed
LN100206,2024-09-01,Current,83493.88,0,2024-09-02,Servicer_Feed
LN100300,2020-09-01,Current,258403.83,0,2020-09-06,Servicer_Feed
LN100415,2022-01-01,Current,217634.4,0,2022-01-09,Servicer_Feed
LN101358,2023-02-01,Current,175131.4,0,2023-02-10,Servicer_Feed
LN101945,2023-08-01,Current,184339.5106086877,0,2023-08-01,Servicer_Feed
LN101202,2021-08-01,Current,293029.15,0,2021-08-06,Servicer_Feed
LN101336,2021-12-01,Current,166602.56,0,2021-12-01,Servicer_Feed
LN101038,2021-10-01,Current,153142.85,0,2021-10-08,Servicer_Feed
LN101568,2023-09-01,Current,228332.17,0,2023-05-01,Servicer_Feed
LN100225,2023-06-01,Current,250324.2,0,2023-02-01,Servicer_Feed
LN101699,2022-10-01,Current,151832.20887423473,0,2022-10-02,Servicer_Feed
LN100494,2020-12-01,Current,345838.68,0,2020-08-01,Servicer_Feed
LN100117,2024-02-01,Current,146706.46,0,2024-02-06,Servicer_Feed
LN101755,2024-12-01,Current,313684.25,0,2024-12-08,Servicer_Feed
LN101630,2023-06-01,Current,157575.56,0,2023-06-03,Servicer_Feed
LN101403,2024-03-01,Current,179392.12,0,2024-03-04,Servicer_Feed
LN100333,2024-06-01,Current,379720.7171406541,0,2024-06-04,Servicer_Feed
LN101766,2022-01-01,Current,215805.5,0,2022-01-08,Servicer_Feed
LN100762,2024-03-01,Current,165284.41,0,2024-03-07,Servicer_Feed
LN101968,2019-03-01,Current,191414.59,0,2019-03-06,Servicer_Feed
LN101534,2021-03-01,Current,124723.0,0,2021-03-10,Servicer_Feed
LN101654,2023-12-01,Current,81944.95,0,2023-12-08,Servicer_Feed
LN100419,2023-05-01,Current,258347.88,0,2023-05-06,Servicer_Feed
LN101297,2022-10-01,Current,212469.39,0,2022-10-03,Servicer_Feed
LN101636,2021-11-01,Current,123828.06,0,2021-11-10,Servicer_Feed
LN101756,2024-09-01,Current,362875.94,0,2024-09-02,Servicer_Feed
LN101973,2019-06-01,Current,261201.44,0,2019-06-07,Servicer_Feed
LN100628,2024-02-01,Current,268768.92,0,2023-10-01,Servicer_Feed
LN100157,2021-07-01,Current,220912.19,0,2021-07-01,Servicer_Feed
LN100043,2023-12-01,Current,287919.82,0,2023-12-09,Servicer_Feed
LN101290,2024-12-01,Current,169782.24,0,2024-08-01,Servicer_Feed
LN100702,2023-11-01,Current,213094.04288621564,0,2023-11-06,Servicer_Feed
LN100855,2024-01-01,Current,201276.26,0,2024-01-07,Servicer_Feed
LN101733,2022-03-01,Current,132931.52,0,2022-03-01,Servicer_Feed
LN100249,2020-01-01,Current,258379.48,0,2019-09-01,Servicer_Feed
LN100722,2024-01-01,Current,314084.71,0,2024-01-01,Servicer_Feed
LN100377,2020-03-01,Current,122276.85,0,2020-03-07,Servicer_Feed
LN101853,2022-12-01,Current,290163.89,0,2022-08-01,Servicer_Feed
LN101827,2023-03-01,Current,303044.12,0,2023-03-10,Servicer_Feed
LN101587,2021-08-01,Current,168723.71,0,2021-08-10,Servicer_Feed
LN101305,2022-11-01,Current,300518.4,0,2022-11-03,Servicer_Feed
LN100705,2021-03-01,Current,456422.38,0,2021-03-02,Servicer_Feed
LN100033,2021-06-01,Current,130043.8740958031,0,2021-06-10,Servicer_Feed
LN100100,2021-03-01,Current,257113.01,0,2021-03-02,Servicer_Feed
LN101879,2023-04-01,Current,613621.02,0,2023-04-06,Servicer_Feed
LN101670,2022-12-01,Current,282466.2,0,2022-12-02,Servicer_Feed
LN100476,2022-10-01,Current,178826.58,0,2022-10-06,Servicer_Feed
LN100927,2021-10-01,Current,338239.93,0,2021-10-05,Servicer_Feed
LN101671,2023-11-01,Current,392909.6,0,2023-11-07,Servicer_Feed
LN101464,2023-08-01,Current,189665.19,0,2023-08-04,Servicer_Feed
LN100164,2022-01-01,Current,427881.1225674448,0,2022-01-07,Servicer_Feed
LN100271,2024-01-01,Current,613418.66,0,2024-01-06,Servicer_Feed
LN100461,2024-11-01,Current,149064.56,0,2024-11-08,Servicer_Feed
LN100507,2022-06-01,Current,157483.26,0,2022-06-05,Servicer_Feed
LN100678,2021-06-01,Current,324115.30548006785,0,2021-06-01,Servicer_Feed
LN101648,2022-12-01,Current,190773.43,0,2022-12-09,Servicer_Feed
LN100034,2023-09-01,Current,273903.34,0,2023-09-10,Servicer_Feed
LN100423,2023-06-01,Current,173663.55,0,2023-02-01,Servicer_Feed
LN100860,2023-02-01,Current,206829.44,0,2023-02-05,Servicer_Feed
LN101926,2021-03-01,Current,263930.54,0,2021-03-08,Servicer_Feed
LN100289,2024-03-01,Current,225373.07,0,2024-03-05,Servicer_Feed
LN100456,2024-08-01,Current,110846.62,0,2024-08-07,Servicer_Feed
LN101460,2023-09-01,Current,161527.69,0,2023-09-01,Servicer_Feed
LN101549,2020-11-01,Current,350775.5,0,2020-11-06,Servicer_Feed
LN101436,2023-08-01,Current,87001.83,0,2023-08-03,Servicer_Feed
LN100828,2023-07-01,Current,332023.22,0,2023-07-04,Servicer_Feed
LN100755,2024-06-01,Current,204695.65,0,2024-06-09,Servicer_Feed
LN100094,2022-02-01,Current,293879.68,0,2021-10-01,Servicer_Feed
LN101628,2021-11-01,Current,208719.55,0,2021-11-09,Servicer_Feed
LN101900,2021-10-01,Current,183665.35,0,2021-10-05,Servicer_Feed
LN100195,2024-12-01,Current,208926.69,0,2024-12-05,Servicer_Feed
LN101273,2022-03-01,Current,373984.54,0,2022-03-04,Servicer_Feed
LN101038,2022-10-01,Current,185526.50844299592,0,2022-10-07,Servicer_Feed
LN101426,2023-05-01,Current,191510.22,0,2023-05-06,Servicer_Feed
LN100287,2020-10-01,Current,164329.96,0,2020-10-06,Servicer_Feed
LN100041,2024-07-01,Current,148975.9,0,2024-07-09,Servicer_Feed
LN101578,2020-05-01,Current,270613.29,0,2020-05-03,Servicer_Feed
LN100697,2023-09-01,Current,103947.47,0,2023-05-01,Servicer_Feed
LN100445,2020-10-01,Current,300082.25,0,2020-10-01,Servicer_Feed
LN101548,2023-06-01,Current,152457.11,0,2023-06-07,Servicer_Feed
LN100757,2019-11-01,Current,260002.76,0,2019-07-01,Servicer_Feed
LN101322,2020-07-01,Current,372796.12,0,2020-07-04,Servicer_Feed
LN101405,2020-07-01,Current,266453.84,0,2020-07-07,Servicer_Feed
LN101567,2024-01-01,30DPD,183242.33,30,2023-09-01,Servicer_Feed
LN100728,2023-12-01,Current,216640.09,0,2023-12-05,Servicer_Feed
LN100362,2024-01-01,Current,176686.98,0,2024-01-08,Servicer_Feed
LN100118,2022-12-01,Current,344107.11,0,2022-12-07,Servicer_Feed
LN101233,2022-10-01,Current,141562.55033908726,0,2022-10-08,Servicer_Feed
LN101831,2022-04-01,Current,375971.51,0,2022-04-09,Servicer_Feed
LN101422,2022-05-01,Current,291912.85,0,2022-05-07,Servicer_Feed
LN101428,2024-08-01,Current,202704.27,0,2024-08-08,Servicer_Feed
LN101436,2023-11-01,Current,86568.85,0,2023-11-01,Servicer_Feed
LN100371,2021-01-01,Current,199536.78,0,2021-01-04,Servicer_Feed
LN100712,2021-09-01,Current,286964.67,0,2021-09-09,Servicer_Feed
LN101495,2024-05-01,Current,157663.44,0,2024-05-03,Servicer_Feed
LN100173,2024-06-01,Current,188658.54,0,2024-06-02,Servicer_Feed
LN101781,2021-07-01,Current,123398.98211569767,0,2021-07-07,Servicer_Feed
LN100060,2022-11-01,Current,147358.75,0,2022-11-02,Servicer_Feed
LN101272,2022-07-01,Current,302189.3509577016,0,2022-07-08,Servicer_Feed
LN101703,2023-08-01,Current,155785.88107763938,0,2023-08-08,Servicer_Feed
LN101647,2020-02-01,Current,196199.96,0,2020-02-04,Servicer_Feed
LN100051,2023-02-01,Current,211609.09,0,2023-02-06,Servicer_Feed
LN101677,2020-09-01,Current,169226.12,0,2020-09-07,Servicer_Feed
LN100973,2019-08-01,Current,258606.63,0,2019-08-04,Servicer_Feed
LN100503,2024-04-01,Current,271851.17,0,2024-04-03,Servicer_Feed
LN100925,2024-02-01,Current,261377.41,0,2023-10-01,Servicer_Feed
LN100512,2023-08-01,Current,389124.82,0,2023-04-01,Servicer_Feed
LN101900,2024-05-01,Current,174375.29,0,2024-05-07,Servicer_Feed
LN100762,2021-06-01,Current,174674.15,0,2021-06-08,Servicer_Feed
LN100048,2023-08-01,Current,450009.32,0,2023-08-05,Servicer_Feed
LN101189,2022-02-01,Current,147780.29,0,2021-10-01,Servicer_Feed
LN100282,2019-06-01,Current,341340.94,0,2019-06-07,Servicer_Feed
LN101817,2023-10-01,Current,180077.45,0,2023-10-09,Servicer_Feed
LN101391,2024-09-01,Current,205655.37,0,2024-09-09,Servicer_Feed
LN101764,2024-04-01,Current,178709.42,0,2024-04-01,Servicer_Feed
LN101703,2021-08-01,Current,186156.28,0,2021-08-10,Servicer_Feed
LN101142,2021-03-01,Current,251075.90873622432,0,2021-03-08,Servicer_Feed
LN101389,2020-08-01,Current,142469.28702524077,0,2020-08-10,Servicer_Feed
LN101307,2023-02-01,Current,195385.75,0,2023-02-09,Servicer_Feed
LN101197,2023-10-01,Current,304039.45222223114,0,2023-10-08,Servicer_Feed
LN101662,2024-01-01,Current,97850.69,0,2024-01-10,Servicer_Feed
LN100020,2022-09-01,Current,52715.92,0,2022-09-03,Servicer_Feed
LN100661,2021-10-01,Current,181648.67,0,2021-10-07,Servicer_Feed
LN101184,2024-01-01,Current,710269.13,0,2023-09-01,Servicer_Feed
LN100803,2020-08-01,Current,146503.63,0,2020-08-04,Servicer_Feed
LN100977,2021-11-01,Current,53960.26325535235,0,2021-11-10,Servicer_Feed
LN101698,2022-04-01,Current,84103.19982751577,0,2022-04-09,Servicer_Feed
LN101349,2022-09-01,Current,386489.61,0,2022-09-03,Servicer_Feed
LN101898,2022-07-01,Current,226485.37,0,2022-07-03,Servicer_Feed
LN100140,2023-12-01,Current,157896.14439935816,0,2023-12-06,Servicer_Feed
LN101352,2023-12-01,Current,128259.80533030863,0,2023-12-09,Servicer_Feed
LN100364,2023-02-01,Current,114175.09,0,2023-02-01,Servicer_Feed
LN101113,2023-02-01,Current,206787.0779905138,0,2023-02-05,Servicer_Feed
LN101293,2021-08-01,Current,244618.76,0,2021-04-01,Servicer_Feed
LN101826,2022-12-01,Current,399081.33,0,2022-12-06,Servicer_Feed
LN101556,2024-04-01,Current,256095.55,0,2023-12-01,Servicer_Feed
LN101619,2024-11-01,Current,311076.9,0,2024-11-04,Servicer_Feed
LN100866,2022-10-01,Current,415683.35,0,2022-10-08,Servicer_Feed
LN100023,2023-01-01,30DPD,135863.73882667872,30,2023-01-04,Servicer_Feed
LN101632,2023-01-01,Current,72150.38,0,2022-09-01,Servicer_Feed
LN101816,2023-11-01,Current,152455.73,0,2023-11-05,Servicer_Feed
LN101233,2021-04-01,Current,105572.29,0,2021-04-10,Servicer_Feed
LN101291,2023-10-01,Current,206051.82,0,2023-10-02,Servicer_Feed
LN101276,2024-07-01,Current,211865.59,0,2024-03-01,Servicer_Feed
LN101502,2024-08-01,Current,199848.98,0,2024-08-04,Servicer_Feed
LN101747,2023-08-01,Current,422975.95,0,2023-08-09,Servicer_Feed
LN101821,2024-10-01,Current,122176.21,0,2024-10-03,Servicer_Feed
LN100735,2023-11-01,Current,549167.84,0,2023-11-06,Servicer_Feed
LN101844,2024-05-01,Current,190401.5134779645,0,2024-05-06,Servicer_Feed
LN101495,2020-06-01,Current,188559.43,0,2020-02-01,Servicer_Feed
LN101033,2021-08-01,Current,255026.49,0,2021-04-01,Servicer_Feed
LN100478,2022-10-01,Current,194797.18,0,2022-10-08,Servicer_Feed
LN100677,2020-11-01,Current,216257.49,0,2020-11-05,Servicer_Feed
LN100327,2021-08-01,Current,385936.08,0,2021-08-03,Servicer_Feed
LN100960,2022-01-01,Current,103004.78,0,2021-09-01,Servicer_Feed
LN101577,2023-07-01,Current,307469.53,0,2023-07-09,Servicer_Feed
LN100778,2023-09-01,Current,294275.26,0,2023-05-01,Servicer_Feed
LN101656,2020-09-01,Current,429902.48,0,2020-05-01,Servicer_Feed
LN101900,2023-11-01,Current,176204.59,0,2023-07-01,Servicer_Feed
LN101938,2024-09-01,Current,247579.46885770294,0,2024-09-03,Servicer_Feed
LN100775,2022-12-01,Current,326635.69,0,2022-08-01,Servicer_Feed
LN101875,2023-09-01,Current,132182.77,0,2023-05-01,Servicer_Feed
LN101129,2024-06-01,Current,256327.4,0,2024-06-05,Servicer_Feed
LN100644,2020-10-01,Current,163373.19,0,2020-10-10,Servicer_Feed
LN101660,2021-04-01,Current,415199.52,0,2021-04-09,Servicer_Feed
LN100121,2021-05-01,Current,168458.3,0,2021-05-04,Servicer_Feed
LN100828,2019-07-01,Current,359707.63,0,2019-07-06,Servicer_Feed
LN100448,2024-04-01,Current,372522.4438910087,0,2024-04-09,Servicer_Feed
LN101671,2024-05-01,Current,974104.1129307627,0,2024-05-05,Servicer_Feed
LN101146,2024-10-01,Current,206011.98,0,2024-06-01,Servicer_Feed
LN100341,2023-04-01,30DPD,185789.62,30,2023-04-10,Servicer_Feed
LN100118,2020-03-01,Current,363006.44,0,2019-11-01,Servicer_Feed
LN101389,2021-12-01,Current,180803.35,0,2021-12-08,Servicer_Feed
LN101405,2020-06-01,Current,266870.83,0,2020-06-07,Servicer_Feed
LN100742,2023-02-01,Current,303647.3869717937,0,2023-02-04,Servicer_Feed
LN100583,2022-09-01,Current,123419.97,0,2022-09-02,Servicer_Feed
LN101268,2023-02-01,Current,338388.22,0,2023-02-06,Servicer_Feed
LN101785,2021-04-01,Current,179825.61,0,2021-04-04,Servicer_Feed
LN101046,2023-12-01,Current,133790.72,0,2023-08-01,Servicer_Feed
LN101283,2024-02-01,Current,197165.57,0,2024-02-02,Servicer_Feed
LN100926,2024-02-01,Current,283385.04,0,2024-02-04,Servicer_Feed
LN101444,2023-09-01,Current,143962.21,0,2023-09-09,Servicer_Feed
LN101811,2023-03-01,Current,600170.49,0,2023-03-02,Servicer_Feed
LN100492,2021-11-01,Current,132672.14,0,2021-11-06,Servicer_Feed
LN101503,2024-05-01,Current,359240.77,0,2024-05-04,Servicer_Feed
LN101337,2024-05-01,Current,468608.53,0,2024-05-10,Servicer_Feed
LN100113,2022-06-01,Current,183256.36,0,2022-06-01,Servicer_Feed
LN101593,2023-03-01,Current,382297.23,0,2022-11-01,Servicer_Feed
LN101268,2021-02-01,Current,341311.19148693024,0,2021-02-08,Servicer_Feed
LN101693,2024-10-01,Current,226290.06,0,2024-10-02,Servicer_Feed
LN100238,2024-05-01,Current,376802.58,0,2024-01-01,Servicer_Feed
LN101470,2021-04-01,Current,201076.17,0,2020-12-01,Servicer_Feed
LN100045,2024-10-01,Current,161866.56,0,2024-10-08,Servicer_Feed
LN100213,2021-05-01,Current,143081.68,0,2021-05-07,Servicer_Feed
LN100403,2021-04-01,Current,395953.17,0,2021-04-02,Servicer_Feed
LN101224,2024-05-01,Current,103482.57335657872,0,2024-05-03,Servicer_Feed
LN100863,2023-11-01,Current,321724.981859566,0,2023-11-06,Servicer_Feed
LN100602,2023-06-01,30DPD,266434.19,30,2023-06-04,Servicer_Feed
LN100180,2021-06-01,Current,290263.84354790696,0,2021-06-01,Servicer_Feed
LN101972,2024-02-01,Current,216393.4,0,2024-02-02,Servicer_Feed
LN101514,2022-07-01,Current,196512.7,0,2022-07-05,Servicer_Feed
LN101713,2024-07-01,Current,458999.14,0,2024-07-01,Servicer_Feed
LN101612,2021-08-01,Current,155242.70194543657,0,2021-08-04,Servicer_Feed
LN100436,2022-12-01,Current,232082.84,0,2022-12-01,Servicer_Feed
LN100304,2023-12-01,Current,161117.51,0,2023-12-05,Servicer_Feed
LN101473,2024-10-01,Current,466312.85,0,2024-10-04,Servicer_Feed
LN100347,2024-12-01,Current,246286.99,0,2024-08-01,Servicer_Feed
LN100239,2021-04-01,Current,80908.39,0,2021-04-06,Servicer_Feed
LN100668,2023-01-01,Current,246468.08,0,2023-01-07,Servicer_Feed
LN100039,2023-09-01,Current,226522.78,0,2023-09-07,Servicer_Feed
LN101546,2021-12-01,Current,370835.84,0,2021-12-03,Servicer_Feed
LN100607,2024-05-01,Current,303158.99,0,2024-01-01,Servicer_Feed
LN101558,2021-01-01,Current,418967.09,0,2021-01-01,Servicer_Feed
LN101562,2024-01-01,Current,152327.36,0,2024-01-10,Servicer_Feed
LN101542,2024-10-01,60DPD,264261.5,60,2024-10-05,Servicer_Feed
LN100280,2022-04-01,Current,224719.77,0,2022-04-05,Servicer_Feed
LN100247,2022-12-01,Current,182924.44,0,2022-12-03,Servicer_Feed
LN101318,2023-07-01,Current,191505.67,0,2023-03-01,Servicer_Feed
LN100605,2020-04-01,Current,244649.96922332604,0,2020-04-02,Servicer_Feed
LN101747,2024-07-01,Current,415215.01,0,2024-07-04,Servicer_Feed
LN100785,2021-03-01,Current,145198.85,0,2021-03-01,Servicer_Feed
LN101281,2024-11-01,Current,492505.88,0,2024-11-10,Servicer_Feed
LN100424,2024-10-01,Current,293403.52,0,2024-10-04,Servicer_Feed
LN101086,2023-04-01,Current,349179.55,0,2023-04-08,Servicer_Feed
LN100598,2023-05-01,Current,134459.59,0,2023-05-04,Servicer_Feed
LN101398,2023-01-01,Current,276155.43,0,2022-09-01,Servicer_Feed
LN101562,2019-09-01,Current,165538.95,0,2019-09-04,Servicer_Feed
LN101703,2023-07-01,Current,243793.5911074715,0,2023-07-01,Servicer_Feed
LN101655,2023-09-01,Current,212875.18,0,2023-09-10,Servicer_Feed
LN100037,2022-09-01,Current,165307.64,0,2022-09-09,Servicer_Feed
LN101276,2024-02-01,Current,213523.87,0,2024-02-07,Servicer_Feed
LN100058,2023-11-01,Current,116602.79,0,2023-11-06,Servicer_Feed
LN100496,2022-02-01,Current,177533.77,0,2022-02-07,Servicer_Feed
LN101502,2023-11-01,Current,202559.78,0,2023-11-02,Servicer_Feed
LN101958,2021-10-01,Current,158428.87185518738,0,2021-10-06,Servicer_Feed
LN101397,2024-09-01,Current,346126.6237175138,0,2024-09-04,Servicer_Feed
LN101871,2024-04-01,Current,239136.18,0,2024-04-10,Servicer_Feed
LN101087,2023-06-01,Current,150290.8,0,2023-06-03,Servicer_Feed
LN100080,2023-09-01,Current,320618.33,0,2023-05-01,Servicer_Feed
LN100986,2023-03-01,Current,395101.55,0,2022-11-01,Servicer_Feed
LN100126,2021-09-01,Current,247264.34,0,2021-09-01,Servicer_Feed
LN100550,2024-06-01,Current,187679.61,0,2024-06-06,Servicer_Feed
LN100414,2019-08-01,Current,249623.9,0,2019-04-01,Servicer_Feed
LN101179,2023-04-01,Current,267491.43,0,2023-04-07,Servicer_Feed
LN100227,2023-05-01,Current,300525.59,0,2023-05-08,Servicer_Feed
LN101992,2022-12-01,Current,201138.49,0,2022-12-05,Servicer_Feed
LN101990,2022-06-01,Current,136789.82,0,2022-06-07,Servicer_Feed
LN100770,2021-01-01,Current,262581.98,0,2021-01-03,Servicer_Feed
LN100860,2024-06-01,Current,201373.18,0,2024-06-04,Servicer_Feed
LN101349,2019-04-01,Current,445442.32,0,2019-04-05,Servicer_Feed
LN100033,2022-03-01,Current,188600.8961134718,0,2022-03-04,Servicer_Feed
LN101675,2021-12-01,Current,632451.8204559605,0,2021-12-01,Servicer_Feed
LN100596,2019-07-01,Current,202310.81,0,2019-07-08,Servicer_Feed
LN100052,2024-06-01,Current,137592.42810536324,0,2024-06-01,Servicer_Feed
LN100164,2022-10-01,Current,206457.27,0,2022-06-01,Servicer_Feed
LN101095,2021-06-01,Current,115798.12,0,2021-06-05,Servicer_Feed
LN100797,2020-02-01,Current,272775.5,0,2020-02-08,Servicer_Feed
LN101923,2023-05-01,Current,194629.35982394524,0,2023-05-01,Servicer_Feed
LN100708,2023-03-01,Current,136184.92,0,2023-03-02,Servicer_Feed
LN101793,2023-01-01,Current,294978.07,0,2023-01-02,Servicer_Feed
LN100152,2024-05-01,Current,207126.93,0,2024-05-07,Servicer_Feed
LN101648,2022-02-01,Current,193997.37,0,2022-02-09,Servicer_Feed
LN100185,2019-09-01,Current,276374.65,0,2019-05-01,Servicer_Feed
LN101290,2022-12-01,Current,176069.43,0,2022-08-01,Servicer_Feed
LN100251,2023-09-01,Current,256927.79,0,2023-09-08,Servicer_Feed
LN101926,2023-01-01,Current,246379.05,0,2022-09-01,Servicer_Feed
LN100326,2023-06-01,60DPD,403085.35,60,2023-06-10,Servicer_Feed
LN101802,2021-10-01,Current,535272.29,0,2021-06-01,Servicer_Feed
LN100564,2022-06-01,Current,526086.99,0,2022-06-06,Servicer_Feed
LN100756,2023-11-01,Current,184993.41917715504,0,2023-11-02,Servicer_Feed
LN101102,2022-05-01,Current,419658.01,0,2022-05-05,Servicer_Feed
LN101534,2021-07-01,Current,123914.36,0,2021-07-02,Servicer_Feed
LN101663,2024-06-01,Current,101182.17,0,2024-06-02,Servicer_Feed
LN100747,2024-03-01,Current,369666.81,0,2024-03-03,Servicer_Feed
LN101176,2024-11-01,90DPD,311351.6509165756,95,2024-11-08,Servicer_Feed
LN101597,2021-05-01,Current,404961.5,0,2021-05-01,Servicer_Feed
LN101610,2024-09-01,Current,284166.68,0,2024-09-08,Servicer_Feed
LN101352,2020-10-01,Current,145616.43,0,2020-10-04,Servicer_Feed
LN100358,2022-05-01,Current,320010.43,0,2022-05-07,Servicer_Feed
LN100271,2022-12-01,Current,627381.33,0,2022-12-08,Servicer_Feed
LN100982,2024-06-01,Current,360244.00537147175,0,2024-06-04,Servicer_Feed
LN101117,2021-03-01,Current,93249.0,0,2021-03-09,Servicer_Feed
LN100132,2023-01-01,Current,154736.93,0,2023-01-06,Servicer_Feed
LN101669,2024-08-01,Current,517005.52,0,2024-08-09,Servicer_Feed
LN101511,2024-05-01,Current,311588.83,0,2024-05-02,Servicer_Feed
LN100631,2022-12-01,Current,256842.64,0,2022-08-01,Servicer_Feed
LN100892,2022-05-01,Current,390305.63,0,2022-05-08,Servicer_Feed
LN101863,2021-09-01,Current,375971.51,0,2021-09-07,Servicer_Feed
LN101013,2023-10-01,Current,266576.29,0,2023-10-01,Servicer_Feed
LN101730,2024-08-01,Current,209263.8,0,2024-04-01,Servicer_Feed
LN101745,2022-04-01,Current,160168.53,0,2022-04-10,Servicer_Feed
LN100466,2022-04-01,Current,245538.84879789493,0,2022-04-06,Servicer_Feed
LN101421,2022-12-01,Current,241175.6,0,2022-12-06,Servicer_Feed
LN101782,2023-04-01,Current,199906.57,0,2023-04-07,Servicer_Feed
LN101437,2022-06-01,Current,174911.09,0,2022-06-09,Servicer_Feed
LN101714,2021-11-01,Current,229091.12,0,2021-11-05,Servicer_Feed
LN101518,2021-10-01,Current,158809.68,0,2021-10-04,Servicer_Feed
LN101670,2021-08-01,Current,290119.7,0,2021-08-05,Servicer_Feed
LN100547,2024-04-01,Current,128421.46034928988,0,2024-04-10,Servicer_Feed
LN100149,2020-09-01,Current,217400.8902117313,0,2020-09-07,Servicer_Feed
LN101894,2024-12-01,Current,111879.31,0,2024-08-01,Servicer_Feed
LN101005,2024-06-01,Current,180831.33,0,2024-02-01,Servicer_Feed
LN101029,2021-06-01,Current,302931.33,0,2021-06-04,Servicer_Feed
LN101534,2021-02-01,Current,124924.49,0,2021-02-09,Servicer_Feed
LN101058,2022-04-01,Current,268931.56,0,2022-04-02,Servicer_Feed
LN100516,2024-03-01,Current,231320.49,0,2024-03-08,Servicer_Feed
LN101323,2023-03-01,Current,342745.08,0,2023-03-09,Servicer_Feed
LN101224,2023-11-01,Current,145017.08,0,2023-11-01,Servicer_Feed
LN100982,2022-12-01,Current,380619.22,0,2022-12-04,Servicer_Feed
LN101133,2024-09-01,Current,257336.98,0,2024-09-09,Servicer_Feed
LN100784,2023-05-01,Current,116101.36,0,2023-05-04,Servicer_Feed
LN100189,2023-06-01,Current,203464.59,0,2023-06-08,Servicer_Feed
LN100275,2020-04-01,Current,355448.95410866267,0,2020-04-05,Servicer_Feed
LN100905,2024-02-01,Current,257612.14,0,2024-02-09,Servicer_Feed
LN101349,2024-12-01,Current,343275.52,0,2024-08-01,Servicer_Feed
LN101805,2024-09-01,Current,248559.71,0,2024-05-01,Servicer_Feed
LN101470,2020-12-01,Current,202400.14,0,2020-12-01,Servicer_Feed
LN100076,2019-10-01,Current,247663.45,0,2019-10-01,Servicer_Feed
LN101094,2024-11-01,Current,501435.89864900033,0,2024-11-03,Servicer_Feed
LN100734,2019-12-01,Current,146028.52,0,2019-08-01,Servicer_Feed
LN100157,2023-11-01,Current,499879.4533926451,0,2023-07-01,Servicer_Feed
LN101732,2022-08-01,Current,159467.31,0,2022-08-01,Servicer_Feed
LN101014,2022-03-01,Current,93227.72,0,2021-11-01,Servicer_Feed
LN101393,2023-04-01,Current,215100.19814032983,0,2023-04-01,Servicer_Feed
LN101484,2022-12-01,Current,358340.31,0,2022-12-10,Servicer_Feed
LN101666,2024-06-01,Current,235714.12,0,2024-06-06,Servicer_Feed
LN101534,2021-01-01,Current,125125.72,0,2021-01-07,Servicer_Feed
LN100203,2021-12-01,Current,235374.8644133153,0,2021-12-03,Servicer_Feed
LN100724,2021-02-01,Current,240096.18,0,2021-02-10,Servicer_Feed
LN101597,2021-10-01,Current,401851.59,0,2021-10-03,Servicer_Feed
LN101656,2024-01-01,Current,401323.25,0,2024-01-04,Servicer_Feed
LN101914,2020-10-01,Current,303822.45,0,2020-10-01,Servicer_Feed
LN101542,2023-11-01,Current,266509.0,0,2023-11-01,Servicer_Feed
LN101251,2022-12-01,Current,262432.96,0,2022-12-06,Servicer_Feed
LN101268,2020-08-01,Current,379826.71142161055,0,2020-08-07,Servicer_Feed
LN101752,2022-06-01,Current,224084.07,0,2022-02-01,Servicer_Feed
LN100761,2024-03-01,Current,257025.42,0,2024-03-07,Servicer_Feed
LN100008,2024-08-01,Current,275041.68,0,2024-04-01,Servicer_Feed
LN101884,2024-07-01,Current,368895.82,0,2024-03-01,Servicer_Feed
LN100693,2024-01-01,Current,255051.88474150965,0,2024-01-01,Servicer_Feed
LN100499,2022-07-01,Current,353946.55,0,2022-07-06,Servicer_Feed
LN101472,2024-11-01,Current,363871.27,0,2024-11-05,Servicer_Feed
LN101724,2023-11-01,Current,337824.31,0,2023-11-01,Servicer_Feed
LN101495,2023-01-01,Current,168700.17,0,2023-01-08,Servicer_Feed
LN100883,2021-02-01,Current,134757.11392881084,0,2021-02-05,Servicer_Feed
LN100836,2022-05-01,Current,225658.17,0,2022-05-01,Servicer_Feed
LN100484,2021-09-01,Current,361580.72,0,2021-09-08,Servicer_Feed
LN101360,2021-11-01,Current,114758.25,0,2021-11-07,Servicer_Feed
LN100008,2021-06-01,Current,315175.78,0,2021-06-07,Servicer_Feed
LN100515,2020-01-01,Current,647681.9202722529,0,2020-01-05,Servicer_Feed
LN100249,2022-05-01,Current,246839.0,0,2022-05-07,Servicer_Feed
LN100956,2020-11-01,Current,308157.81,0,2020-11-04,Servicer_Feed
LN101373,2024-02-01,Current,280448.68,0,2024-02-06,Servicer_Feed
LN101941,2021-02-01,Current,360034.68,0,2021-02-01,Servicer_Feed
LN101345,2023-04-01,Current,247149.71,0,2023-04-09,Servicer_Feed
LN100813,2020-12-01,Current,250107.0,0,2020-12-05,Servicer_Feed
LN100371,2022-11-01,Current,192501.66,0,2022-11-09,Servicer_Feed
LN100191,2023-09-01,Current,74773.27,0,2023-09-02,Servicer_Feed
LN100964,2021-09-01,Current,392661.4836966383,0,2021-09-01,Servicer_Feed
LN101249,2022-04-01,Current,193772.21,0,2022-04-08,Servicer_Feed
LN101096,2023-11-01,Current,468422.41,0,2023-11-10,Servicer_Feed
LN101261,2023-08-01,Current,70995.46,0,2023-08-05,Servicer_Feed
LN101862,2024-01-01,30DPD,466236.58,30,2024-01-03,Servicer_Feed
LN100638,2022-11-01,Current,195013.89,0,2022-11-09,Servicer_Feed
LN100987,2023-08-01,Current,548603.3287384037,0,2023-08-06,Servicer_Feed
LN101119,2023-11-01,Current,159331.70540609342,0,2023-11-01,Servicer_Feed
LN101273,2022-07-01,Current,358825.07726376725,0,2022-07-07,Servicer_Feed
LN100013,2024-06-01,Current,99541.35,0,2024-06-10,Servicer_Feed
LN101394,2023-02-01,Current,676317.325817815,0,2023-02-03,Servicer_Feed
LN100581,2023-04-01,Current,175257.03,0,2023-04-09,Servicer_Feed
LN101479,2023-03-01,Prepaid,404827.82,0,2023-03-02,Servicer_Feed
LN101353,2021-04-01,Current,454921.19,0,2021-04-09,Servicer_Feed
LN101781,2022-10-01,Current,131604.93,0,2022-10-05,Servicer_Feed
LN101331,2019-04-01,Current,339638.55,0,2019-04-02,Servicer_Feed
LN100742,2022-09-01,30DPD,291040.67290535255,30,2022-09-01,Servicer_Feed
LN101863,2022-10-01,Current,368404.93,0,2022-10-05,Servicer_Feed
LN100978,2021-06-01,Current,272522.4,0,2021-06-01,Servicer_Feed
LN101484,2023-09-01,Current,352984.45,0,2023-09-08,Servicer_Feed
LN101464,2024-02-01,Current,187738.58,0,2024-02-07,Servicer_Feed
LN101288,2023-05-01,Current,143988.73,0,2023-05-08,Servicer_Feed
LN100354,2023-04-01,Current,374661.72,0,2023-04-05,Servicer_Feed
LN101659,2022-09-01,Current,251977.03,0,2022-09-10,Servicer_Feed
LN100465,2023-02-01,Current,124274.95,0,2023-02-09,Servicer_Feed
LN100529,2024-04-01,Current,110192.73523592869,0,2024-04-02,Servicer_Feed
LN100436,2023-08-01,Current,178556.8627490133,0,2023-08-07,Servicer_Feed
LN101395,2022-09-01,Current,177743.62,0,2022-09-01,Servicer_Feed
LN100587,2022-12-01,Current,216770.91,0,2022-12-02,Servicer_Feed
LN101409,2023-05-01,Current,284580.68,0,2023-05-10,Servicer_Feed
LN100329,2022-03-01,Current,328685.49,0,2022-03-01,Servicer_Feed
LN100139,2024-05-01,Current,145664.48,0,2024-05-01,Servicer_Feed
LN100772,2024-12-01,Current,401270.66,0,2024-12-09,Servicer_Feed
LN100161,2019-09-01,Current,376412.94766016776,0,2019-09-08,Servicer_Feed
LN100732,2023-05-01,Current,352479.51,0,2023-05-01,Servicer_Feed
LN100807,2023-10-01,Current,243742.15,0,2023-10-03,Servicer_Feed
LN100304,2023-11-01,Current,161380.89,0,2023-11-10,Servicer_Feed
LN100799,2023-12-01,Current,276917.71,0,2023-08-01,Servicer_Feed
LN101936,2024-04-01,Current,163936.06,0,2024-04-10,Servicer_Feed
LN101044,2023-11-01,Current,230301.24,0,2023-11-05,Servicer_Feed
LN100074,2023-06-01,Current,273592.14,0,2023-06-09,Servicer_Feed
LN101389,2021-07-01,30DPD,182326.91,30,2021-07-04,Servicer_Feed
LN100622,2023-02-01,Current,262853.92,0,2023-02-10,Servicer_Feed
LN101919,2023-01-01,Current,101988.09,0,2023-01-04,Servicer_Feed
LN100103,2024-10-01,Current,383916.57,0,2024-10-04,Servicer_Feed
LN100372,2022-08-01,Current,399449.28,0,2022-08-09,Servicer_Feed
LN100232,2024-05-01,Current,112917.15,0,2024-01-01,Servicer_Feed
LN101322,2021-05-01,Current,366817.61,0,2021-05-02,Servicer_Feed
LN100704,2022-05-01,Current,163066.98,0,2022-05-03,Servicer_Feed
LN100222,2024-02-01,Current,342226.65,0,2024-02-08,Servicer_Feed
LN100577,2019-10-01,Current,268077.49,0,2019-10-10,Servicer_Feed
LN100393,2024-07-01,Current,193538.17,0,2024-03-01,Servicer_Feed
LN101219,2024-08-01,Current,254294.688306958,0,2024-08-01,Servicer_Feed
LN101623,2024-12-01,Current,764794.86,0,2024-08-01,Servicer_Feed
LN100720,2020-10-01,Current,404666.8687532011,0,2020-10-04,Servicer_Feed
LN101975,2023-02-01,Current,107572.17,0,2023-02-01,Servicer_Feed
LN100594,2020-06-01,Current,161252.58,0,2020-06-07,Servicer_Feed
LN100576,2022-06-01,Current,278353.81,0,2022-06-04,Servicer_Feed
LN101517,2024-02-01,Current,323612.23,0,2024-02-05,Servicer_Feed
LN100927,2022-04-01,Current,335076.74,0,2021-12-01,Servicer_Feed
LN101759,2021-08-01,Current,260583.29,0,2021-04-01,Servicer_Feed
LN100138,2022-11-01,Current,524035.8,0,2022-11-04,Servicer_Feed
LN100208,2020-06-01,Current,237427.09,0,2020-06-08,Servicer_Feed
LN101449,2023-06-01,Current,273312.6,0,2023-06-03,Servicer_Feed
LN100444,2024-01-01,Current,356602.71,0,2024-01-04,Servicer_Feed
LN101594,2022-10-01,Current,169023.97563135592,0,2022-10-10,Servicer_Feed
LN100277,2022-06-01,Current,266463.95,0,2022-06-08,Servicer_Feed
LN101145,2023-02-01,Current,932728.0975618487,0,2022-10-01,Servicer_Feed
LN100260,2024-10-01,Current,335868.88,0,2024-10-05,Servicer_Feed
LN101833,2023-04-01,Current,193110.06,0,2023-04-10,Servicer_Feed
LN101763,2024-08-01,Current,482531.67250803305,0,2024-08-09,Servicer_Feed
LN100725,2021-09-01,Current,169593.63393645265,0,2021-09-04,Servicer_Feed
LN100364,2023-07-01,60DPD,113999.68,60,2023-07-02,Servicer_Feed
LN101095,2024-04-01,Current,109672.95,0,2024-04-02,Servicer_Feed
LN100506,2021-05-01,Current,138839.59,0,2021-01-01,Servicer_Feed
LN101807,2023-03-01,Current,249396.16,0,2022-11-01,Servicer_Feed
LN100188,2024-02-01,Current,356245.32,0,2024-02-03,Servicer_Feed
LN101428,2021-04-01,Current,255835.06925423618,0,2021-04-08,Servicer_Feed
LN100589,2024-03-01,Current,131131.7279908106,0,2024-03-05,Servicer_Feed
LN101171,2019-08-01,Current,259106.02,0,2019-08-01,Servicer_Feed
LN100680,2023-07-01,Current,370654.7,0,2023-07-10,Servicer_Feed
LN101489,2021-08-01,Current,290516.38,0,2021-04-01,Servicer_Feed
LN100007,2019-02-01,Current,629281.99,0,2019-02-01,Servicer_Feed
LN100061,2022-11-01,Current,126271.15,0,2022-11-01,Servicer_Feed
LN100754,2022-06-01,Current,193997.37,0,2022-06-07,Servicer_Feed
LN101102,2021-01-01,Current,430623.55,0,2021-01-03,Servicer_Feed
LN101739,2020-08-01,Current,266315.85,0,2020-08-07,Servicer_Feed
LN101644,2022-05-01,Current,155861.09419444873,0,2022-05-10,Servicer_Feed
LN101688,2023-05-01,Current,216974.0,0,2023-05-08,Servicer_Feed
LN100979,2021-06-01,Current,149248.44,0,2021-06-07,Servicer_Feed
LN101279,2022-01-01,Current,204641.06,0,2022-01-08,Servicer_Feed
LN101290,2022-09-01,Current,176911.75,0,2022-09-04,Servicer_Feed
LN101593,2020-05-01,Current,430454.74,0,2020-05-02,Servicer_Feed
LN100989,2024-07-01,Current,124907.66,0,2024-07-01,Servicer_Feed
LN100193,2020-10-01,Current,372779.82,0,2020-06-01,Servicer_Feed
LN101831,2024-04-01,Current,361901.69,0,2024-04-05,Servicer_Feed
LN100083,2021-08-01,Current,278157.43,0,2021-08-10,Servicer_Feed
LN100743,2023-04-01,Current,253454.32,0,2023-04-04,Servicer_Feed
LN101261,2024-12-01,Current,67079.2,0,2024-12-07,Servicer_Feed
LN100931,2023-09-01,Current,75472.24,0,2023-09-09,Servicer_Feed
LN101893,2021-09-01,Current,219074.93,0,2021-09-10,Servicer_Feed
LN101525,2024-10-01,Current,433134.963028081,0,2024-10-09,Servicer_Feed
LN101231,2021-06-01,Current,121485.68,0,2021-06-06,Servicer_Feed
LN100704,2023-10-01,Current,154007.58,0,2023-10-08,Servicer_Feed
LN100562,2024-10-01,Current,194466.56,0,2024-10-01,Servicer_Feed
LN101595,2023-06-01,Current,174164.33,0,2023-06-06,Servicer_Feed
LN100367,2022-08-01,Current,272504.21,0,2022-08-10,Servicer_Feed
LN101514,2023-08-01,Current,192055.98,0,2023-08-03,Servicer_Feed
LN101531,2023-10-01,Current,272525.83,0,2023-10-04,Servicer_Feed
LN101153,2023-03-01,Current,195232.1761306006,0,2023-03-09,Servicer_Feed
LN101816,2022-09-01,Current,155306.41,0,2022-09-04,Servicer_Feed
LN101226,2023-09-01,Current,392754.84,0,2023-09-07,Servicer_Feed
LN101230,2024-11-01,Current,573672.7061604899,0,2024-11-04,Servicer_Feed
LN101132,2023-04-01,Current,226999.34,0,2022-12-01,Servicer_Feed
LN101489,2023-07-01,Current,279862.86,0,2023-07-02,Servicer_Feed
LN101391,2023-08-01,Current,209928.38,0,2023-08-08,Servicer_Feed
LN101371,2022-02-01,Current,213985.46,0,2022-02-03,Servicer_Feed
LN101801,2022-06-01,Current,139728.5,0,2022-06-08,Servicer_Feed
LN100208,2020-10-01,Current,235931.8,0,2020-10-04,Servicer_Feed
LN101708,2024-01-01,Current,232996.94,0,2024-01-03,Servicer_Feed
LN100275,2021-12-01,Current,361880.55,0,2021-12-10,Servicer_Feed
LN100609,2022-05-01,Current,611163.41,0,2022-05-01,Servicer_Feed
LN100247,2024-04-01,Current,177741.39,0,2024-04-07,Servicer_Feed
LN101982,2021-05-01,Current,232434.62,0,2021-05-03,Servicer_Feed
LN100759,2024-12-01,Current,254622.23153276267,0,2024-12-02,Servicer_Feed
LN100114,2024-08-01,30DPD,329638.72,30,2024-08-01,Servicer_Feed
LN100395,2024-11-01,Current,136084.42,0,2024-11-01,Servicer_Feed
LN101071,2021-09-01,Current,214902.86,0,2021-09-04,Servicer_Feed
LN100771,2024-10-01,Current,174965.79,0,2024-10-08,Servicer_Feed
LN101290,2021-09-01,Current,146827.91675505045,0,2021-09-08,Servicer_Feed
LN101620,2021-04-01,Current,91547.21,0,2021-04-06,Servicer_Feed
LN100134,2023-12-01,Current,113669.99,0,2023-12-09,Servicer_Feed
LN101751,2024-06-01,Current,177549.78,0,2024-06-06,Servicer_Feed
LN100425,2021-07-01,Current,106138.05,0,2021-07-06,Servicer_Feed
LN101813,2024-03-01,30DPD,183603.61,30,2024-03-01,Servicer_Feed
LN100665,2023-11-01,Current,275098.46818282764,0,2023-11-05,Servicer_Feed
LN101363,2022-01-01,Current,172253.01,0,2022-01-07,Servicer_Feed
LN100763,2024-12-01,Current,180936.6609770439,0,2024-12-03,Servicer_Feed
LN101095,2023-10-01,Current,110809.03,0,2023-10-07,Servicer_Feed
LN100076,2024-12-01,Current,167594.52666927286,0,2024-12-09,Servicer_Feed
LN100893,2024-03-01,Current,356640.8098774254,0,2024-03-06,Servicer_Feed
LN101153,2020-02-01,Current,200404.58,0,2020-02-04,Servicer_Feed
LN100788,2024-04-01,Current,280280.78822504473,0,2024-04-04,Servicer_Feed
LN100414,2021-08-01,Current,229965.82,0,2021-08-10,Servicer_Feed
LN101972,2021-02-01,Current,230078.16,0,2020-10-01,Servicer_Feed
LN101619,2024-10-01,Current,312111.0,0,2024-10-07,Servicer_Feed
LN101784,2024-03-01,Current,196518.6,0,2024-03-07,Servicer_Feed
LN100849,2023-08-01,Current,149088.8,0,2023-04-01,Servicer_Feed
LN101196,2019-08-01,Current,460790.75,0,2019-08-02,Servicer_Feed
LN101050,2020-09-01,Current,350073.5936786924,0,2020-09-09,Servicer_Feed
LN101007,2021-02-01,Current,505655.18,0,2021-02-03,Servicer_Feed
LN100208,2019-12-01,Current,239655.7,0,2019-12-09,Servicer_Feed
LN100290,2021-04-01,Current,423038.23193832196,0,2021-04-09,Servicer_Feed
LN100552,2024-03-01,Current,325025.87,0,2024-03-03,Servicer_Feed
LN100821,2020-12-01,Current,276342.49,0,2020-12-05,Servicer_Feed
LN100034,2022-02-01,30DPD,282780.41,30,2022-02-02,Servicer_Feed
LN100695,2024-03-01,Current,255979.72,0,2024-03-02,Servicer_Feed
LN101113,2024-09-01,Current,145934.86,0,2024-09-04,Servicer_Feed
LN101019,2023-06-01,Current,167875.85,0,2023-06-07,Servicer_Feed
LN101503,2022-11-01,Current,370631.88,0,2022-11-02,Servicer_Feed
LN100927,2021-04-01,Current,341379.1,0,2020-12-01,Servicer_Feed
LN100581,2022-01-01,Current,184220.32,0,2022-01-07,Servicer_Feed
LN101696,2021-02-01,Current,229352.42115424166,0,2021-02-07,Servicer_Feed
LN101006,2024-02-01,Current,124232.25,0,2024-02-04,Servicer_Feed
LN100657,2023-05-01,Current,359623.74,0,2023-05-08,Servicer_Feed
LN100122,2023-05-01,Current,284458.69,0,2023-05-08,Servicer_Feed
LN101010,2022-09-01,Current,111060.34,0,2022-09-10,Servicer_Feed
LN101210,2022-02-01,Current,195467.31,0,2022-02-05,Servicer_Feed
LN100616,2024-12-01,Current,303282.26,0,2024-12-05,Servicer_Feed
LN101732,2024-05-01,Current,154483.34,0,2024-05-07,Servicer_Feed
LN100326,2024-10-01,Current,491281.920624196,0,2024-10-08,Servicer_Feed
LN101124,2024-01-01,Current,287104.06,0,2023-09-01,Servicer_Feed
LN101447,2023-08-01,Current,151722.76,0,2023-08-06,Servicer_Feed
LN101325,2023-10-01,Current,115843.04,0,2023-10-02,Servicer_Feed
LN100897,2020-09-01,Current,486603.55,0,2020-09-02,Servicer_Feed
LN101844,2023-12-01,Current,203036.72,0,2023-12-07,Servicer_Feed
LN100579,2021-06-01,Current,246472.56,0,2021-06-08,Servicer_Feed
LN100866,2024-12-01,Current,397792.62,0,2024-08-01,Servicer_Feed
LN101118,2020-08-01,Current,255729.17,0,2020-08-10,Servicer_Feed
LN100283,2024-05-01,Current,167702.67,0,2024-05-02,Servicer_Feed
LN100439,2024-05-01,Current,158934.51,0,2024-01-01,Servicer_Feed
LN101200,2024-04-01,Current,139383.78,0,2024-04-10,Servicer_Feed
LN100362,2023-05-01,Current,179000.64,0,2023-05-09,Servicer_Feed
LN100020,2022-01-01,Current,44780.57485014481,0,2022-01-07,Servicer_Feed
LN100381,2023-09-01,Current,241729.1,0,2023-05-01,Servicer_Feed
LN100233,2023-09-01,Current,102606.0,0,2023-09-04,Servicer_Feed
LN100075,2022-06-01,Current,213049.77,0,2022-06-09,Servicer_Feed
LN100384,2021-12-01,Current,322716.38,0,2021-12-06,Servicer_Feed
LN101322,2021-06-01,Current,366215.37,0,2021-06-10,Servicer_Feed
LN101481,2024-12-01,Current,172746.0,0,2024-12-07,Servicer_Feed
LN100465,2021-10-01,Current,172965.4521433168,0,2021-10-06,Servicer_Feed
LN100829,2024-03-01,Current,154298.35,0,2023-11-01,Servicer_Feed
LN100175,2023-07-01,30DPD,535051.7833618134,30,2023-07-07,Servicer_Feed
LN100293,2024-01-01,Current,334644.23,0,2024-01-10,Servicer_Feed
LN101914,2023-01-01,Current,290592.37,0,2023-01-01,Servicer_Feed
LN100157,2021-05-01,Current,222361.45,0,2021-01-01,Servicer_Feed
LN100953,2024-09-01,Current,269262.8,0,2024-09-08,Servicer_Feed
LN100178,2023-05-01,Current,166708.57,0,2023-05-04,Servicer_Feed
LN100996,2022-03-01,Current,182145.25,0,2022-03-09,Servicer_Feed
LN101243,2020-06-01,Current,201613.18,0,2020-06-01,Servicer_Feed
LN100751,2021-07-01,Current,145540.78,0,2021-07-05,Servicer_Feed
LN101353,2023-12-01,Current,431635.83,0,2023-12-09,Servicer_Feed
LN101275,2024-08-01,Current,297928.49,0,2024-08-05,Servicer_Feed
LN100849,2023-09-01,Current,148523.29,0,2023-09-02,Servicer_Feed
LN100783,2019-09-01,Current,113828.77,0,2020-08-08,Servicer_Feed
LN100872,2021-12-01,Current,223835.36,0,2021-12-07,Servicer_Feed
LN101394,2023-03-01,Current,596596.21,0,2023-03-05,Servicer_Feed
LN101010,2023-01-01,Current,110378.46,0,2023-01-05,Servicer_Feed
LN101425,2022-09-01,Current,145677.3,0,2022-05-01,Servicer_Feed
LN100300,2020-06-01,Current,259605.21,0,2020-06-01,Servicer_Feed
LN101288,2024-08-01,Current,140308.83,0,2024-08-02,Servicer_Feed
LN101164,2024-09-01,Current,323775.66,0,2024-09-03,Servicer_Feed
LN101044,2023-06-01,Current,234202.45,0,2023-06-09,Servicer_Feed
LN100292,2022-10-01,Current,152585.89849137355,0,2022-10-01,Servicer_Feed
LN101947,2023-08-01,Current,146651.49,0,2023-08-06,Servicer_Feed
LN100979,2021-12-01,Current,147782.03,0,2021-12-02,Servicer_Feed
LN101175,2021-09-01,Current,174484.93,0,2021-09-09,Servicer_Feed
LN101387,2023-01-01,Current,123673.81,0,2023-01-03,Servicer_Feed
LN100608,2019-01-01,Current,177828.66,0,2018-09-01,Servicer_Feed
LN100258,2023-02-01,Current,275168.2440529752,0,2023-02-03,Servicer_Feed
LN100668,2024-10-01,Current,237471.41,0,2024-06-01,Servicer_Feed
LN100575,2024-02-01,Current,476328.89,0,2024-02-02,Servicer_Feed
LN100970,2023-06-01,Current,434139.17,0,2023-06-01,Servicer_Feed
LN100638,2022-09-01,Current,195630.9,0,2022-09-10,Servicer_Feed
LN100371,2022-02-01,Current,173278.7966539577,0,2022-02-03,Servicer_Feed
LN100931,2023-12-01,Current,103251.41386034069,0,2023-12-05,Servicer_Feed
LN100205,2023-09-01,Current,213093.55,0,2023-05-01,Servicer_Feed
LN101319,2020-02-01,Current,153875.9,0,2020-02-03,Servicer_Feed
LN101817,2021-05-01,Current,188563.45,0,2021-01-01,Servicer_Feed
LN101246,2023-05-01,Current,317361.69,0,2023-05-09,Servicer_Feed
LN100291,2019-08-01,Current,141782.0242963245,0,2019-08-03,Servicer_Feed
LN100665,2022-09-01,Current,233934.96,0,2022-05-01,Servicer_Feed
LN100187,2024-11-01,Current,354617.91,0,2024-07-01,Servicer_Feed
LN100408,2022-01-01,Current,182213.64813493539,0,2022-01-10,Servicer_Feed
LN101916,2021-11-01,Current,513115.66,0,2021-07-01,Servicer_Feed
LN100700,2024-10-01,30DPD,131884.18,30,2024-10-08,Servicer_Feed
LN101087,2024-01-01,Current,146643.24,0,2024-01-03,Servicer_Feed
LN101117,2023-10-01,Current,88628.33,0,2023-10-05,Servicer_Feed
LN100597,2021-05-01,Current,374082.46,0,2021-05-06,Servicer_Feed
LN101116,2021-10-01,Current,323428.65,0,2021-10-02,Servicer_Feed
LN100653,2021-09-01,Current,146745.48,0,2021-09-07,Servicer_Feed
LN101930,2021-11-01,Current,305912.07,0,2021-11-08,Servicer_Feed
LN101505,2022-04-01,60DPD,1057289.8694750257,60,2021-12-01,Servicer_Feed
LN100204,2022-02-01,Current,154583.2600706814,0,2022-02-01,Servicer_Feed
LN100187,2023-06-01,Current,365670.35,0,2023-06-03,Servicer_Feed
LN100096,2024-04-01,Current,131167.11,0,2024-04-07,Servicer_Feed
LN101536,2024-06-01,Current,151046.27,0,2024-06-06,Servicer_Feed
LN101923,2021-05-01,Current,188441.29284467056,0,2021-05-04,Servicer_Feed
LN101495,2021-04-01,Current,182347.15,0,2021-04-04,Servicer_Feed
LN101360,2023-08-01,Current,128495.09929102185,0,2023-08-04,Servicer_Feed
LN101815,2021-05-01,Current,479822.08700477536,0,2021-05-03,Servicer_Feed
LN101573,2022-01-01,Current,130007.78,0,2022-01-07,Servicer_Feed
LN100595,2024-01-01,Current,171452.81646472568,0,2024-01-08,Servicer_Feed
LN101738,2022-01-01,Current,196596.17,0,2022-01-09,Servicer_Feed
LN101217,2024-07-01,Current,525170.01,0,2024-07-01,Servicer_Feed
LN101524,2023-06-01,Current,141328.83,0,2023-06-04,Servicer_Feed
LN100553,2020-02-01,Current,271727.84,0,2019-10-01,Servicer_Feed
LN100437,2023-06-01,Current,198643.38723054907,0,2023-06-01,Servicer_Feed
LN101468,2023-06-01,Current,85145.23,0,2023-06-02,Servicer_Feed
LN101661,2023-11-01,30DPD,254947.84,30,2023-11-08,Servicer_Feed
LN100105,2024-03-01,Current,124526.89,0,2024-03-01,Servicer_Feed
LN100659,2023-12-01,Current,177342.30200731597,0,2023-12-04,Servicer_Feed
LN101401,2023-07-01,Current,68628.26,0,2023-07-01,Servicer_Feed
LN101278,2023-03-01,Current,147543.61,0,2022-11-01,Servicer_Feed
LN101801,2022-07-01,Current,139496.32,0,2022-07-02,Servicer_Feed
LN101548,2024-10-01,Current,144054.42,0,2024-10-03,Servicer_Feed
LN101138,2021-09-01,Current,481541.82,0,2021-09-10,Servicer_Feed
LN101463,2020-11-01,Prepaid,278818.16,0,2020-07-01,Servicer_Feed
LN101337,2024-04-01,Current,519074.35224539717,0,2024-04-02,Servicer_Feed
LN100467,2023-04-01,Current,277525.5,0,2023-04-05,Servicer_Feed
LN100401,2024-12-01,30DPD,152805.31506079555,30,2024-12-04,Servicer_Feed
LN100461,2024-06-01,Current,150237.97,0,2024-06-06,Servicer_Feed
LN100236,2024-06-01,Current,383053.07,0,2024-06-08,Servicer_Feed
LN101114,2023-11-01,Current,335170.48,0,2023-11-10,Servicer_Feed
LN100325,2021-03-01,Current,216289.69,0,2020-11-01,Servicer_Feed
LN101514,2021-08-01,Current,218187.46693169174,0,2021-08-01,Servicer_Feed
LN100240,2021-11-01,Current,190833.48,0,2021-11-09,Servicer_Feed
LN101423,2024-07-01,Current,218566.15,0,2024-07-03,Servicer_Feed
LN100232,2023-12-01,Current,113898.75,0,2023-12-03,Servicer_Feed
LN101202,2022-09-01,Current,287064.66,0,2022-09-10,Servicer_Feed
LN100606,2023-06-01,Current,313803.54,0,2023-06-06,Servicer_Feed
LN100997,2022-07-01,Current,219312.26,0,2022-03-01,Servicer_Feed
LN101312,2024-04-01,Current,209179.15,0,2024-04-06,Servicer_Feed
LN100028,2023-01-01,Current,861847.289808131,0,2023-01-10,Servicer_Feed
LN101609,2024-02-01,Current,250562.05,0,2023-10-01,Servicer_Feed
LN101500,2020-11-01,Current,280043.54,0,2020-11-05,Servicer_Feed
LN100940,2024-03-01,Current,626121.47,0,2024-03-01,Servicer_Feed
LN101278,2019-05-01,Current,159057.3,0,2019-05-09,Servicer_Feed
LN101231,2024-01-01,Current,107935.47,0,2024-01-09,Servicer_Feed
LN101267,2023-11-01,Current,432299.13,0,2023-07-01,Servicer_Feed
LN101512,2019-08-01,Current,202084.06,0,2019-08-09,Servicer_Feed
LN100804,2023-11-01,Current,239630.06,0,2023-11-07,Servicer_Feed
LN100094,2024-04-01,Current,280798.04,0,2024-04-06,Servicer_Feed
LN100287,2019-12-01,Current,169727.76,0,2019-12-07,Servicer_Feed
LN100452,2023-11-01,Current,90491.9,0,2023-11-03,Servicer_Feed
LN100205,2024-07-01,Current,209486.87,0,2024-07-06,Servicer_Feed
LN100372,2022-03-01,Current,402549.32,0,2022-03-07,Servicer_Feed
LN100860,2022-07-01,Current,209179.84,0,2022-07-04,Servicer_Feed
LN100533,2022-03-01,Current,199721.17,0,2022-03-04,Servicer_Feed
LN100377,2022-08-01,Current,116665.34,0,2022-08-02,Servicer_Feed
LN100698,2021-01-01,Current,208320.26,0,2021-01-03,Servicer_Feed
LN100350,2024-11-01,Current,446740.77,0,2024-07-01,Servicer_Feed
LN100623,2021-09-01,Current,158480.4,0,2021-09-08,Servicer_Feed
LN100961,2024-11-01,Current,268026.1,0,2024-11-01,Servicer_Feed
LN101009,2021-01-01,Current,228351.57,0,2021-01-06,Servicer_Feed
LN100986,2022-10-01,Current,398591.34,0,2022-10-07,Servicer_Feed
LN101548,2022-07-01,Current,158382.78,0,2022-07-02,Servicer_Feed
LN100019,2023-07-01,Current,153330.04,0,2023-03-01,Servicer_Feed
LN100374,2022-12-01,Current,122118.95,0,2022-12-09,Servicer_Feed
LN101747,2022-11-01,Current,429240.17,0,2022-11-01,Servicer_Feed
LN100943,2023-01-01,Current,85041.25,0,2022-09-01,Servicer_Feed
LN100490,2024-09-01,Current,165614.21,0,2024-09-02,Servicer_Feed
LN101591,2024-02-01,Current,152852.91,0,2024-02-01,Servicer_Feed
LN101896,2024-03-01,Current,155953.7345385615,0,2024-03-08,Servicer_Feed
LN100460,2022-04-01,Current,179832.1,0,2021-12-01,Servicer_Feed
LN101312,2019-10-01,Current,228847.9,0,2019-10-09,Servicer_Feed
LN101353,2024-03-01,Current,512791.9477682051,0,2024-03-04,Servicer_Feed
LN101879,2023-09-01,Current,608855.48,0,2023-09-03,Servicer_Feed
LN101514,2022-05-01,Current,197191.02,0,2022-05-07,Servicer_Feed
LN101760,2024-06-01,Current,473905.86,0,2024-02-01,Servicer_Feed
LN100029,2020-06-01,Current,192689.4866710139,0,2020-06-04,Servicer_Feed
LN101338,2022-11-01,Current,211768.22,0,2022-11-05,Servicer_Feed
LN101895,2022-01-01,Current,494499.75174551376,0,2022-01-09,Servicer_Feed
LN101615,2021-05-01,Current,265200.52,0,2021-01-01,Servicer_Feed
LN100290,2020-06-01,Current,174788.23,0,2020-06-05,Servicer_Feed
LN101299,2022-05-01,Current,221844.34595485573,0,2022-05-09,Servicer_Feed
LN100075,2023-04-01,Current,209561.91,0,2023-04-09,Servicer_Feed
LN100943,2023-12-01,Current,73576.14301185266,0,2023-12-04,Servicer_Feed
LN100472,2023-09-01,Current,424997.52,0,2023-05-01,Servicer_Feed
LN101909,2019-08-01,Current,135816.71,0,2019-08-04,Servicer_Feed
LN101543,2021-05-01,Current,292794.26,0,2021-05-04,Servicer_Feed
LN101445,2024-12-01,Current,166821.63,0,2024-12-04,Servicer_Feed
LN100745,2021-02-01,Current,203970.37061445197,0,2021-02-09,Servicer_Feed
LN100302,2021-12-01,Current,136480.80869334438,0,2021-12-02,Servicer_Feed
LN100012,2022-10-01,Current,202182.9,0,2022-10-02,Servicer_Feed
LN100680,2022-06-01,Current,500899.8211337406,0,2022-06-03,Servicer_Feed
LN100932,2022-04-01,Current,577666.56,0,2022-04-07,Servicer_Feed
LN100412,2022-12-01,30DPD,281359.64,30,2022-12-05,Servicer_Feed
LN100210,2024-03-01,Current,218954.93,0,2024-03-04,Servicer_Feed
LN101508,2022-08-01,Current,180089.49,0,2022-08-09,Servicer_Feed
LN101728,2020-09-01,Current,219490.91,0,2020-05-01,Servicer_Feed
LN101648,2023-10-01,Current,187830.18,0,2023-10-05,Servicer_Feed
LN100302,2021-07-01,Current,132220.18,0,2021-07-04,Servicer_Feed
LN101066,2024-11-01,Current,188023.7,0,2024-11-05,Servicer_Feed
LN101449,2023-09-01,Current,272033.45,0,2023-09-09,Servicer_Feed
LN100868,2023-07-01,Current,282382.25,0,2023-03-01,Servicer_Feed
LN101628,2022-01-01,Current,208063.15,0,2022-01-05,Servicer_Feed
LN101403,2024-02-01,Current,179681.93,0,2024-02-03,Servicer_Feed
LN101632,2022-01-01,Current,73563.83,0,2022-01-06,Servicer_Feed
LN100321,2023-07-01,Current,169576.21,0,2023-07-10,Servicer_Feed
LN101361,2022-06-01,Current,263758.95,0,2022-06-05,Servicer_Feed
LN100736,2023-06-01,Current,240426.71,0,2023-06-10,Servicer_Feed
LN100808,2024-09-01,Current,285076.7378108696,0,2024-09-08,Servicer_Feed
LN101308,2021-07-01,Current,75917.86562247547,0,2021-07-04,Servicer_Feed
LN100088,2019-12-01,Current,509248.91,0,2019-12-06,Servicer_Feed
LN100060,2023-06-01,Current,145642.9,0,2023-06-09,Servicer_Feed
LN100235,2024-05-01,Current,77874.53,0,2024-01-01,Servicer_Feed
LN101559,2020-05-01,Current,112256.68,0,2020-05-09,Servicer_Feed
LN100045,2024-04-01,Current,163580.98,0,2024-04-02,Servicer_Feed
LN100553,2022-03-01,Current,262906.46,0,2021-11-01,Servicer_Feed
LN101042,2024-05-01,Current,264742.93,0,2024-01-01,Servicer_Feed
LN101931,2023-10-01,Current,333351.83,0,2023-10-10,Servicer_Feed
LN101513,2022-08-01,Current,134937.2,0,2022-04-01,Servicer_Feed
LN100595,2022-11-01,Current,129407.91,0,2022-11-09,Servicer_Feed
LN100561,2020-12-01,Current,192110.66,0,2020-12-03,Servicer_Feed
LN101810,2022-04-01,Current,256590.13073949228,0,2022-04-02,Servicer_Feed
LN100234,2024-06-01,Current,496396.51,0,2024-06-07,Servicer_Feed
LN101792,2020-10-01,Current,174074.12,0,2020-10-03,Servicer_Feed
LN101236,2024-03-01,Current,332651.14,0,2023-11-01,Servicer_Feed
LN101896,2024-05-01,Current,165016.07,0,2024-05-05,Servicer_Feed
LN100305,2023-12-01,Current,110330.72,0,2023-12-04,Servicer_Feed
LN101263,2022-11-01,Current,265162.37,0,2022-11-02,Servicer_Feed
LN100813,2020-10-01,Current,250896.04,0,2020-10-07,Servicer_Feed
LN100131,2024-05-01,Current,166737.623190094,0,2024-05-04,Servicer_Feed
LN101487,2024-04-01,Current,737756.98,0,2023-12-01,Servicer_Feed
LN101428,2020-06-01,Current,220019.68,0,2020-06-01,Servicer_Feed
LN101810,2023-04-01,Current,253086.58536795847,0,2023-04-06,Servicer_Feed
LN101608,2022-10-01,Current,372711.6449780872,0,2022-10-05,Servicer_Feed
LN101428,2024-09-01,Current,202330.15,0,2024-09-01,Servicer_Feed
LN101909,2021-08-01,Current,130661.0,0,2021-08-10,Servicer_Feed
LN100985,2024-07-01,Current,491847.79,0,2024-03-01,Servicer_Feed
LN101966,2022-09-01,Current,151933.429558938,0,2022-09-01,Servicer_Feed
LN101377,2022-10-01,Current,252228.6,0,2022-10-04,Servicer_Feed
LN100550,2024-09-01,Current,186796.22,0,2024-09-05,Servicer_Feed
LN100152,2021-10-01,Current,217699.15,0,2021-10-10,Servicer_Feed
LN100673,2022-04-01,Current,234459.68,0,2022-04-09,Servicer_Feed
LN100983,2024-02-01,Current,492361.76,0,2024-02-08,Servicer_Feed
LN100354,2021-10-01,Current,385531.95,0,2021-06-01,Servicer_Feed
LN100867,2024-08-01,Current,434062.69,0,2024-04-01,Servicer_Feed
LN100599,2024-09-01,Current,126785.61685968951,0,2024-09-01,Servicer_Feed
LN100490,2021-06-01,Current,177158.45,0,2021-06-01,Servicer_Feed
LN101643,2021-12-01,Current,571331.3049260601,0,2021-12-06,Servicer_Feed
LN100456,2024-01-01,Current,112206.63,0,2023-09-01,Servicer_Feed
LN101062,2023-11-01,Current,305176.24,0,2023-11-07,Servicer_Feed
LN100783,2023-12-01,Current,106675.31,0,2023-12-08,Servicer_Feed
LN101323,2024-09-01,Current,332606.95,0,2024-09-05,Servicer_Feed
LN100406,2019-12-01,Current,293968.6887022829,0,2019-12-02,Servicer_Feed
LN100105,2024-10-01,Current,122973.53,0,2024-10-08,Servicer_Feed
LN100468,2022-09-01,Current,121684.5,0,2022-09-01,Servicer_Feed
LN100231,2024-07-01,Current,139285.74,0,2024-07-04,Servicer_Feed
LN100076,2021-01-01,Current,180368.66877234678,0,2021-01-06,Servicer_Feed
LN101014,2020-07-01,Current,95612.64,0,2020-07-02,Servicer_Feed
LN101634,2021-10-01,Current,226060.19,0,2021-10-01,Servicer_Feed
LN101363,2021-10-01,Current,173091.66,0,2021-10-08,Servicer_Feed
LN101732,2020-11-01,Current,165119.35,0,2020-11-06,Servicer_Feed
LN101609,2024-01-01,Current,250977.82,0,2024-01-05,Servicer_Feed
LN100581,2023-01-01,Current,187084.45529086833,0,2023-01-05,Servicer_Feed
LN101153,2019-09-01,Current,149376.21183729012,0,2019-09-07,Servicer_Feed
LN100607,2022-04-01,Current,314936.82,0,2022-04-10,Servicer_Feed
LN100339,2024-06-01,Current,215732.55,0,2024-06-10,Servicer_Feed
LN100462,2024-03-01,Current,399387.09,0,2024-03-04,Servicer_Feed
LN101320,2022-11-01,Current,160323.98509607284,0,2022-11-04,Servicer_Feed
LN100107,2021-03-01,Current,516348.8012372542,0,2021-03-06,Servicer_Feed
LN100537,2020-09-01,Current,271841.73,0,2020-09-10,Servicer_Feed
LN100475,2021-11-01,Current,780217.62,0,2021-11-03,Servicer_Feed
LN101475,2024-10-01,Current,240482.82,0,2024-10-02,Servicer_Feed
LN100466,2024-03-01,Current,171364.61,0,2023-11-01,Servicer_Feed
LN101450,2023-04-01,Current,477209.83,0,2023-04-02,Servicer_Feed
LN100133,2022-04-01,Current,376515.6,0,2022-04-06,Servicer_Feed
LN101235,2021-07-01,Current,167430.69,0,2021-03-01,Servicer_Feed
LN100778,2022-10-01,Current,299395.96,0,2022-06-01,Servicer_Feed
LN100383,2022-07-01,60DPD,238441.93030259776,60,2023-07-07,Servicer_Feed
LN101951,2022-08-01,Current,239167.96996842258,0,2022-08-08,Servicer_Feed
LN100637,2022-04-01,Current,328869.15,0,2022-04-04,Servicer_Feed
LN101816,2020-08-01,Current,160860.46,0,2020-08-10,Servicer_Feed
LN100254,2024-11-01,Current,165806.65,0,2024-07-01,Servicer_Feed
LN101969,2024-03-01,Current,572129.8135745063,0,2024-03-08,Servicer_Feed
LN101288,2021-11-01,Current,147828.21,0,2021-11-01,Servicer_Feed
LN101989,2021-08-01,Current,431991.8797867699,0,2021-08-06,Servicer_Feed
LN100524,2019-03-01,Current,239234.96,0,2019-03-02,Servicer_Feed
LN101367,2022-01-01,30DPD,258767.59416347556,30,2022-01-02,Servicer_Feed
LN100606,2021-08-01,Current,325816.09,0,2021-08-05,Servicer_Feed
LN100861,2024-10-01,Current,254604.19,0,2024-10-07,Servicer_Feed
LN100813,2020-01-01,Current,254421.9,0,2020-01-09,Servicer_Feed
LN100875,2024-08-01,Current,242613.61,0,2024-08-05,Servicer_Feed
LN101263,2022-12-01,Current,264712.25,0,2022-12-09,Servicer_Feed
LN101031,2024-05-01,Current,89563.6,0,2024-01-01,Servicer_Feed
LN100547,2024-03-01,Current,115945.36,0,2024-03-01,Servicer_Feed
LN101659,2023-02-01,Current,625708.9159894655,0,2023-02-04,Servicer_Feed
LN100446,2023-07-01,Current,388518.31,0,2023-07-02,Servicer_Feed
LN100369,2023-06-01,Current,175744.2,0,2023-06-10,Servicer_Feed
LN100581,2022-11-01,Current,178766.26,0,2022-11-07,Servicer_Feed
LN101044,2022-05-01,Current,244105.54,0,2022-05-03,Servicer_Feed
LN100107,2023-06-01,Current,379046.74,0,2023-06-02,Servicer_Feed
LN101842,2022-02-01,Current,343703.98,0,2022-02-08,Servicer_Feed
LN101754,2023-10-01,Current,293847.25,0,2023-10-01,Servicer_Feed
LN101961,2022-10-01,Current,245701.23,0,2022-10-04,Servicer_Feed
LN101966,2023-11-01,Current,365524.2378635179,0,2023-11-07,Servicer_Feed
LN101113,2021-07-01,Current,168284.63,0,2021-07-04,Servicer_Feed
LN100025,2023-10-01,Current,423574.64,0,2023-10-01,Servicer_Feed
LN101262,2023-01-01,Current,383147.16,0,2023-01-10,Servicer_Feed
LN100993,2024-05-01,Current,162561.16,0,2024-01-01,Servicer_Feed
LN100307,2022-04-01,Current,192195.2594484144,0,2022-04-01,Servicer_Feed
LN100749,2023-10-01,Current,463235.12,0,2023-06-01,Servicer_Feed
LN101948,2021-03-01,Current,127106.4,0,2021-03-01,Servicer_Feed
LN101516,2021-11-01,Current,478432.4,0,2021-11-02,Servicer_Feed
LN101801,2022-03-01,Current,140423.15,0,2022-03-02,Servicer_Feed
LN100844,2023-12-01,Current,147743.32,0,2023-12-04,Servicer_Feed
LN100752,2023-09-01,Current,522809.45,0,2023-09-10,Servicer_Feed
LN101063,2022-09-01,Current,219616.85,0,2022-09-04,Servicer_Feed
LN100509,2023-07-01,Current,382195.65,0,2023-07-07,Servicer_Feed
LN101989,2023-01-01,Current,588867.24,0,2023-01-01,Servicer_Feed
LN100803,2022-11-01,Current,140086.41,0,2022-11-01,Servicer_Feed
LN101239,2021-08-01,Current,328278.69,0,2021-08-08,Servicer_Feed
LN101155,2024-03-01,Current,225218.28,0,2024-03-01,Servicer_Feed
LN101670,2023-10-01,Current,277595.44,0,2023-06-01,Servicer_Feed
LN100765,2024-11-01,Current,590446.07,0,2024-11-02,Servicer_Feed
LN100217,2022-02-01,Prepaid,242783.49,0,2021-10-01,Servicer_Feed
LN100778,2024-11-01,Current,287650.57,0,2024-11-09,Servicer_Feed
LN100367,2024-02-01,Current,264331.99,0,2024-02-07,Servicer_Feed
LN101696,2021-05-01,Current,175069.86,0,2021-05-09,Servicer_Feed
LN100535,2024-02-01,Current,222701.35173782043,0,2024-02-08,Servicer_Feed
LN100272,2024-07-01,Current,325200.78,0,2024-03-01,Servicer_Feed
LN100288,2023-04-01,30DPD,297737.34,30,2023-04-07,Servicer_Feed
LN100722,2024-03-01,Current,311808.34,0,2024-03-03,Servicer_Feed
LN101380,2022-02-01,Current,216711.86,0,2022-02-04,Servicer_Feed
LN100654,2024-07-01,Current,167685.49,0,2024-07-01,Servicer_Feed
LN101258,2022-01-01,Current,264000.462525454,0,2022-01-02,Servicer_Feed
LN101001,2020-02-01,Current,304116.0,0,2020-02-02,Servicer_Feed
LN100997,2024-12-01,Current,209961.77,0,2024-12-03,Servicer_Feed
LN100204,2024-07-01,Current,173474.0,0,2024-07-07,Servicer_Feed
LN101331,2020-01-01,Current,334918.52,0,2020-01-07,Servicer_Feed
LN100364,2023-03-01,Current,113999.68,0,2023-03-05,Servicer_Feed
LN100324,2023-12-01,Current,183650.43,0,2023-12-03,Servicer_Feed
LN101663,2022-05-01,Current,134130.54207634466,0,2022-05-08,Servicer_Feed
LN100879,2022-09-01,Current,221460.86,0,2022-05-01,Servicer_Feed
LN100668,2022-07-01,Current,248989.54,0,2022-07-09,Servicer_Feed
LN101611,2022-02-01,Current,85656.48,0,2022-02-01,Servicer_Feed
LN101950,2021-07-01,Current,259407.4,0,2021-07-01,Servicer_Feed
LN100615,2020-02-01,Current,174939.29,0,2020-02-03,Servicer_Feed
LN101902,2023-05-01,Current,349091.36,0,2023-05-03,Servicer_Feed
LN100829,2024-07-01,Current,153175.52,0,2024-07-10,Servicer_Feed
LN100931,2024-07-01,Current,74258.36,0,2024-07-02,Servicer_Feed
LN100704,2022-02-01,Current,164623.17,0,2022-02-08,Servicer_Feed
LN100984,2022-11-01,Prepaid,399205.41,0,2022-07-01,Servicer_Feed
LN100119,2021-09-01,Current,206758.5882909073,0,2021-09-02,Servicer_Feed
LN101851,2024-11-01,Current,174382.44,0,2024-11-06,Servicer_Feed
LN100643,2024-09-01,Current,385298.78,0,2024-09-05,Servicer_Feed
LN101221,2023-12-01,Current,241122.83,0,2023-12-01,Servicer_Feed
LN101089,2024-12-01,Current,385634.84,0,2024-12-03,Servicer_Feed
LN100812,2024-10-01,Current,166555.85364789728,0,2024-10-01,Servicer_Feed
LN100792,2020-04-01,Current,153954.24,0,2020-04-04,Servicer_Feed
LN100475,2023-11-01,Current,719500.28,0,2023-11-06,Servicer_Feed
LN100138,2023-02-01,Current,521321.43,0,2022-10-01,Servicer_Feed
LN100931,2022-07-01,Current,77145.33,0,2022-07-08,Servicer_Feed
LN101893,2021-08-01,Current,219803.19,0,2021-08-05,Servicer_Feed
LN100756,2022-06-01,Current,160455.17,0,2022-06-04,Servicer_Feed
LN101788,2024-01-01,Current,312978.56914730696,0,2024-01-06,Servicer_Feed
LN101964,2024-05-01,Current,460960.26,0,2024-05-04,Servicer_Feed
LN101895,2023-09-01,Current,191107.77,0,2023-09-07,Servicer_Feed
LN101510,2024-07-01,Current,373251.93,0,2024-07-10,Servicer_Feed
LN101544,2024-04-01,Current,73420.5,0,2024-04-06,Servicer_Feed
LN100102,2024-09-01,Current,209952.65,0,2024-09-03,Servicer_Feed
LN101077,2022-08-01,Current,348120.99,0,2022-08-03,Servicer_Feed
LN101542,2023-09-01,Current,267403.67,0,2023-05-01,Servicer_Feed
LN101980,2020-11-01,Current,187775.31377965127,0,2020-11-05,Servicer_Feed
LN101343,2022-05-01,Current,399261.5996315632,0,2022-05-09,Servicer_Feed
LN101956,2022-12-01,Current,330937.29,0,2022-12-06,Servicer_Feed
LN101014,2023-04-01,Current,91384.07,0,2023-04-07,Servicer_Feed
LN100212,2020-09-01,Current,503098.58,0,2020-09-03,Servicer_Feed
LN101321,2023-05-01,Current,527648.54,0,2023-05-07,Servicer_Feed
LN101525,2021-12-01,Current,626130.76,0,2021-08-01,Servicer_Feed
LN101234,2022-02-01,Current,86874.70721184493,0,2022-02-01,Servicer_Feed
LN100339,2024-03-01,Current,216108.69,0,2024-03-03,Servicer_Feed
LN100661,2024-03-01,Current,147061.23908271888,0,2024-03-05,Servicer_Feed
LN101502,2022-10-01,Current,206894.44,0,2022-10-04,Servicer_Feed
LN100552,2021-05-01,Current,373503.69,0,2021-05-01,Servicer_Feed
LN100275,2023-11-01,Current,348213.74,0,2023-11-10,Servicer_Feed
LN100121,2021-11-01,Current,166817.81,0,2021-11-01,Servicer_Feed
LN101638,2019-10-01,Current,265854.09,0,2019-06-01,Servicer_Feed
LN101518,2021-02-01,Current,123098.63498561402,0,2021-02-04,Servicer_Feed
LN101122,2023-02-01,Current,218008.51,0,2022-10-01,Servicer_Feed
LN100912,2023-12-01,Current,244273.1,0,2023-12-08,Servicer_Feed
LN101681,2021-08-01,Current,204787.01,0,2021-08-05,Servicer_Feed
LN100490,2021-10-01,Current,176003.03,0,2021-10-02,Servicer_Feed
LN101349,2019-10-01,Current,437223.99,0,2019-10-06,Servicer_Feed
LN101607,2022-02-01,Current,203628.97,0,2021-10-01,Servicer_Feed
LN100046,2022-04-01,Current,95850.77,0,2022-04-02,Servicer_Feed
LN100492,2022-10-01,Current,130396.55,0,2022-10-10,Servicer_Feed
LN100552,2024-02-01,Current,326535.07,0,2024-02-10,Servicer_Feed
LN101389,2021-10-01,Current,454033.1590325964,0,2021-06-01,Servicer_Feed
LN100146,2022-08-01,Current,191147.92,0,2022-04-01,Servicer_Feed
LN101323,2024-10-01,Current,332001.21,0,2024-10-02,Servicer_Feed
LN101580,2022-11-01,Current,191322.92,0,2022-11-05,Servicer_Feed
LN100886,2022-09-01,Current,192162.68,0,2022-09-09,Servicer_Feed
LN101564,2022-04-01,Current,401512.32,0,2022-04-06,Servicer_Feed
LN101497,2023-05-01,Current,140578.81,0,2023-05-02,Servicer_Feed
LN101004,2022-07-01,Current,290450.53,0,2022-07-08,Servicer_Feed
LN101230,2023-01-01,Current,212837.12229208133,0,2023-01-10,Servicer_Feed
LN101124,2022-10-01,Current,294018.45,0,2022-10-02,Servicer_Feed
LN101774,2023-07-01,Current,225137.91,0,2023-07-04,Servicer_Feed
LN100425,2022-04-01,Current,104671.26,0,2021-12-01,Servicer_Feed
LN101978,2022-05-01,Current,176200.62,0,2022-05-07,Servicer_Feed
LN100190,2021-12-01,Current,215310.01,0,2021-12-03,Servicer_Feed
LN100713,2023-11-01,Current,421618.77,0,2023-11-01,Servicer_Feed
LN101010,2022-11-01,Current,110719.83,0,2022-11-02,Servicer_Feed
LN101307,2024-07-01,Current,190171.39,0,2024-07-03,Servicer_Feed
LN100381,2021-03-01,Current,264847.2270665899,0,2021-03-05,Servicer_Feed
LN101713,2022-03-01,Current,481920.74,0,2022-03-10,Servicer_Feed
LN101804,2023-11-01,Current,90661.66,0,2023-11-10,Servicer_Feed
LN101444,2024-04-01,Current,142300.98,0,2023-12-01,Servicer_Feed
LN100836,2023-02-01,Current,222486.53,0,2023-02-03,Servicer_Feed
LN100043,2023-03-01,Current,291954.52,0,2023-03-09,Servicer_Feed
LN100590,2021-05-01,Current,118936.25,0,2021-05-01,Servicer_Feed
LN100965,2022-05-01,Current,239013.65,0,2022-01-01,Servicer_Feed
LN101250,2023-08-01,Current,225313.83,0,2023-04-01,Servicer_Feed
LN100173,2023-12-01,Current,190409.46,0,2023-12-07,Servicer_Feed
LN101965,2024-12-01,Current,128689.73,0,2024-12-07,Servicer_Feed
LN101571,2022-09-01,Current,276187.93,0,2022-05-01,Servicer_Feed
LN100031,2024-05-01,Current,356419.5,0,2024-05-09,Servicer_Feed
LN101526,2021-08-01,Current,139743.45,0,2021-08-04,Servicer_Feed
LN101117,2023-01-01,Current,89989.79,0,2023-01-02,Servicer_Feed
LN100427,2024-09-01,Current,193948.43,0,2024-09-07,Servicer_Feed
LN101096,2024-01-01,Current,466978.18,0,2024-01-02,Servicer_Feed
LN101938,2022-11-01,Current,215627.54,0,2022-11-09,Servicer_Feed
LN101636,2020-09-01,Current,126629.58,0,2020-09-08,Servicer_Feed
LN100414,2024-11-01,Current,194672.56,0,2024-11-03,Servicer_Feed
LN101834,2022-03-01,Current,320112.96,0,2022-03-04,Servicer_Feed
LN100949,2024-01-01,Current,142792.28,0,2023-09-01,Servicer_Feed
LN101223,2024-12-01,Current,375620.29,0,2024-12-02,Servicer_Feed
LN100317,2024-07-01,Current,538464.557173607,0,2024-07-03,Servicer_Feed
LN100996,2023-01-01,Current,179071.85,0,2023-01-04,Servicer_Feed
LN100124,2024-08-01,Current,87021.47,0,2024-08-02,Servicer_Feed
LN101262,2024-02-01,60DPD,375188.14,60,2024-02-07,Servicer_Feed
LN100627,2023-04-01,Current,252316.17519788153,0,2023-04-10,Servicer_Feed
LN101175,2023-01-01,Current,170339.7,0,2022-09-01,Servicer_Feed
LN101581,2024-11-01,Current,446213.63,0,2024-11-06,Servicer_Feed
LN100548,2020-07-01,Current,200686.24,0,2020-07-07,Servicer_Feed
LN101487,2024-11-01,Current,729344.62,0,2024-11-04,Servicer_Feed
LN100391,2024-06-01,Current,98335.91,0,2024-06-07,Servicer_Feed
LN101590,2022-03-01,Current,207772.33,0,2022-03-02,Servicer_Feed
LN101968,2023-09-01,Current,175010.67,0,2023-05-01,Servicer_Feed
LN101767,2023-05-01,Current,264443.53,0,2023-05-05,Servicer_Feed
LN100356,2024-05-01,Current,263957.11,0,2024-05-06,Servicer_Feed
LN100322,2023-11-01,Current,127607.17022712079,0,2023-11-08,Servicer_Feed
LN101966,2020-04-01,Current,157135.38,0,2020-04-09,Servicer_Feed
LN101120,2022-01-01,Current,175044.6,0,2022-01-05,Servicer_Feed
LN100418,2022-08-01,Current,192702.48917579817,0,2022-08-01,Servicer_Feed
LN100322,2024-01-01,Current,99376.5139836054,0,2024-01-01,Servicer_Feed
LN100507,2023-01-01,Current,159248.4548123088,0,2023-01-06,Servicer_Feed
LN100059,2019-11-01,Current,183140.85,0,2019-11-07,Servicer_Feed
LN101596,2019-09-01,Current,169134.68,0,2019-09-01,Servicer_Feed
LN101195,2019-10-01,Current,198117.53,0,2019-10-03,Servicer_Feed
LN100428,2019-10-01,Current,441748.99,0,2019-10-06,Servicer_Feed
LN101927,2019-12-01,Current,274662.85,0,2019-12-05,Servicer_Feed
LN100239,2021-02-01,Current,81452.15,0,2021-02-08,Servicer_Feed
LN100916,2022-02-01,Current,190132.43,0,2022-02-06,Servicer_Feed
LN100248,2023-07-01,Current,215331.4,0,2023-07-03,Servicer_Feed
LN100885,2021-08-01,Current,203001.44,0,2021-08-05,Servicer_Feed
LN101064,2021-08-01,Current,114141.97,0,2021-08-10,Servicer_Feed
LN101571,2023-10-01,Current,270315.44,0,2023-06-01,Servicer_Feed
LN100172,2019-09-01,Current,261082.2,0,2019-09-01,Servicer_Feed
LN101670,2021-04-01,Current,292007.37,0,2021-04-08,Servicer_Feed
LN100802,2021-11-01,Current,329132.19,0,2021-11-09,Servicer_Feed
LN101106,2019-03-01,Current,414432.53,0,2019-03-01,Servicer_Feed
LN101039,2023-03-01,Current,124255.44,0,2023-03-08,Servicer_Feed
LN100690,2024-12-01,30DPD,178959.27,30,2024-12-10,Servicer_Feed
LN100528,2020-03-01,Current,142762.3,0,2019-11-01,Servicer_Feed
LN100829,2019-12-01,Current,167784.42,0,2019-08-01,Servicer_Feed
LN101212,2024-12-01,Current,115532.67,0,2024-12-03,Servicer_Feed
LN101988,2024-10-01,Current,162126.15,0,2024-10-03,Servicer_Feed
LN100050,2022-09-01,Current,361884.08,0,2022-05-01,Servicer_Feed
LN100866,2022-04-01,Current,419723.04,0,2022-04-09,Servicer_Feed
LN100012,2021-10-01,Current,282665.1673742588,0,2021-10-09,Servicer_Feed
LN100142,2021-08-01,Current,161901.62,0,2021-08-09,Servicer_Feed
LN101280,2023-09-01,Current,145962.44,0,2023-09-04,Servicer_Feed
LN101500,2022-06-01,Current,271797.45,0,2022-02-01,Servicer_Feed
LN100798,2023-06-01,Current,496037.12,0,2023-06-07,Servicer_Feed
LN101566,2022-11-01,Current,99062.05,0,2022-11-03,Servicer_Feed
LN101851,2022-02-01,Current,194208.07,0,2022-02-05,Servicer_Feed
LN101245,2020-06-01,Current,249520.24852064135,0,2020-06-01,Servicer_Feed
LN101280,2024-08-01,Current,143415.58,0,2024-08-09,Servicer_Feed
LN100408,2024-07-01,Current,132331.98,0,2024-07-08,Servicer_Feed
LN100104,2022-01-01,Current,291135.99,0,2022-01-03,Servicer_Feed
LN100755,2023-12-01,Current,209094.5,0,2023-08-01,Servicer_Feed
LN100151,2022-08-01,Current,354656.22628788644,0,2022-08-06,Servicer_Feed
LN100922,2021-09-01,Current,209965.22,0,2021-09-01,Servicer_Feed
LN100419,2022-05-01,Current,263320.44,0,2022-05-01,Servicer_Feed
LN100122,2023-12-01,Current,280898.81,0,2023-12-05,Servicer_Feed
LN101833,2021-02-01,Current,201149.41,0,2021-02-06,Servicer_Feed
LN101088,2024-07-01,Current,566884.19,0,2024-07-02,Servicer_Feed
LN100552,2021-08-01,Current,369437.09,0,2021-04-01,Servicer_Feed
LN101032,2024-01-01,Current,250495.4,0,2024-01-09,Servicer_Feed
LN100647,2024-01-01,Current,118219.1603299723,0,2024-01-04,Servicer_Feed
LN101546,2023-11-01,Current,356746.67,0,2023-11-05,Servicer_Feed
LN100331,2022-11-01,Current,303333.37,0,2022-11-07,Servicer_Feed
LN101345,2024-06-01,30DPD,291804.1608009639,30,2024-06-05,Servicer_Feed
LN101145,2024-09-01,Current,349336.34,0,2024-09-10,Servicer_Feed
LN101396,2024-01-01,Current,388414.31,0,2024-01-09,Servicer_Feed
LN101067,2021-03-01,Current,263825.4148166931,0,2021-03-01,Servicer_Feed
LN101249,2021-12-01,Current,196502.8,0,2021-08-01,Servicer_Feed
LN101169,2024-12-01,Current,183182.98095051618,0,2024-12-10,Servicer_Feed
LN100362,2024-03-01,Current,176104.68,0,2023-11-01,Servicer_Feed
LN100537,2020-04-01,Current,311532.10256652697,0,2020-04-02,Servicer_Feed
LN100980,2024-02-01,Current,300933.5,0,2024-02-09,Servicer_Feed
LN100136,2019-08-01,Current,193407.16,0,2019-08-01,Servicer_Feed
LN101470,2019-09-01,Current,207303.21,0,2019-09-07,Servicer_Feed
LN101607,2023-05-01,Current,198699.74,0,2023-05-01,Servicer_Feed
LN100765,2023-12-01,Current,600962.44,0,2023-08-01,Servicer_Feed
LN100595,2020-06-01,Current,135632.33,0,2020-02-01,Servicer_Feed
LN101995,2023-11-01,Current,158691.3,0,2023-11-10,Servicer_Feed
LN100118,2020-07-01,Current,360758.86,0,2020-07-04,Servicer_Feed
LN101811,2019-12-01,Current,639571.02,0,2019-12-08,Servicer_Feed
LN101383,2024-04-01,Current,606971.29,0,2024-04-10,Servicer_Feed
LN100231,2023-10-01,Current,141271.31,0,2023-06-01,Servicer_Feed
LN100993,2024-08-01,Current,139485.99202694604,0,2024-08-04,Servicer_Feed
LN100151,2023-06-01,Current,432820.46,0,2023-02-01,Servicer_Feed
LN101323,2023-11-01,Current,338008.85,0,2023-11-01,Servicer_Feed
LN100699,2022-02-01,Current,193908.79,0,2021-10-01,Servicer_Feed
LN100951,2022-06-01,Current,201520.44,0,2022-02-01,Servicer_Feed
LN101593,2021-04-01,Current,348144.9751615815,0,2021-04-06,Servicer_Feed
LN101545,2021-01-01,Current,890365.42,0,2021-01-02,Servicer_Feed
LN101526,2020-03-01,Current,147861.56,0,2019-11-01,Servicer_Feed
LN100765,2024-06-01,Current,595245.08,0,2024-06-01,Servicer_Feed
LN100509,2022-08-01,Current,389273.81,0,2022-08-10,Servicer_Feed
LN101921,2020-07-01,Current,627923.15,0,2020-07-04,Servicer_Feed
LN100059,2020-04-01,Current,181706.37,0,2020-04-07,Servicer_Feed
LN100623,2024-07-01,Current,149973.57,0,2024-07-04,Servicer_Feed
LN101921,2023-08-01,Current,470641.29255582526,0,2023-08-01,Servicer_Feed
LN100619,2020-09-01,Current,206486.96,0,2020-09-01,Servicer_Feed
LN100429,2024-01-01,Current,213985.46,0,2024-01-09,Servicer_Feed
LN100403,2022-11-01,Current,370695.2,0,2022-11-08,Servicer_Feed
LN101004,2020-08-01,Current,313527.55,0,2020-08-10,Servicer_Feed
LN101024,2024-01-01,Current,282197.386125866,0,2024-01-04,Servicer_Feed
LN101297,2020-01-01,Current,224391.48,0,2020-01-07,Servicer_Feed
LN101952,2024-02-01,Current,552643.02,0,2024-02-06,Servicer_Feed
LN101276,2024-06-01,Current,212198.09,0,2024-06-04,Servicer_Feed
LN100230,2021-03-01,Current,194590.37,0,2021-03-07,Servicer_Feed
LN101462,2022-11-01,Current,261743.41,0,2022-11-10,Servicer_Feed
LN100080,2022-03-01,Current,330143.94,0,2022-03-06,Servicer_Feed
LN100920,2022-09-01,Current,150068.03,0,2022-09-07,Servicer_Feed
LN100257,2022-09-01,Current,306789.57,0,2022-09-08,Servicer_Feed
LN100353,2021-01-01,Current,632532.27,0,2021-01-01,Servicer_Feed
LN101549,2024-07-01,Current,328122.28,0,2024-07-03,Servicer_Feed
LN100217,2021-07-01,Current,247804.63,0,2021-07-08,Servicer_Feed
LN101614,2022-12-01,Current,124041.56,0,2022-08-01,Servicer_Feed
LN101889,2021-04-01,Current,220356.89,0,2021-04-06,Servicer_Feed
LN100668,2019-08-01,Current,257654.96,0,2020-10-03,Servicer_Feed
LN100556,2024-06-01,Current,142406.99,0,2024-02-01,Servicer_Feed
LN100267,2023-07-01,Current,110179.64269017152,0,2023-07-07,Servicer_Feed
LN100234,2024-08-01,Current,391743.24250007386,0,2024-08-05,Servicer_Feed
LN101590,2022-12-01,Current,204666.9,0,2022-12-07,Servicer_Feed
LN100783,2022-05-01,Current,121485.8333404776,0,2022-05-01,Servicer_Feed
LN101680,2023-08-01,Current,243395.67,0,2023-08-02,Servicer_Feed
LN100695,2023-04-01,Current,260824.2,0,2023-04-05,Servicer_Feed
LN100655,2023-04-01,Current,587122.69,0,2022-12-01,Servicer_Feed
LN101660,2024-09-01,Current,485216.0816297622,0,2024-09-06,Servicer_Feed
LN100963,2022-12-01,30DPD,417891.66,30,2022-08-01,Servicer_Feed
LN101145,2024-02-01,Current,358082.12,0,2024-02-04,Servicer_Feed
LN100603,2022-09-01,Current,590975.54,0,2022-09-05,Servicer_Feed
LN100911,2023-11-01,Current,194256.67,0,2023-11-02,Servicer_Feed
LN101152,2019-09-01,Current,191407.94,0,2019-09-10,Servicer_Feed
LN100598,2022-08-01,Current,139345.74,0,2022-08-03,Servicer_Feed
LN101733,2023-04-01,Current,130202.44,0,2023-04-01,Servicer_Feed
LN100326,2019-11-01,Current,430662.43,0,2019-11-05,Servicer_Feed
LN101029,2021-08-01,Current,301973.17,0,2021-08-08,Servicer_Feed
LN101146,2022-01-01,Current,217790.35,0,2022-01-08,Servicer_Feed
LN100262,2024-03-01,Current,235815.86,0,2024-03-05,Servicer_Feed
LN101140,2024-02-01,Current,329662.61,0,2024-02-03,Servicer_Feed
LN100002,2024-01-01,Current,474287.12793739524,0,2024-01-01,Servicer_Feed
LN100912,2024-07-01,Current,238381.74,0,2024-07-08,Servicer_Feed
LN101360,2020-07-01,Current,121370.36,0,2020-07-04,Servicer_Feed
LN101345,2022-03-01,Current,250617.59,0,2022-03-02,Servicer_Feed
LN101524,2024-05-01,Current,138646.17,0,2024-01-01,Servicer_Feed
LN101931,2022-08-01,Current,341075.25,0,2022-08-09,Servicer_Feed
LN101836,2019-08-01,Current,286461.85,0,2019-08-04,Servicer_Feed
LN100039,2023-03-01,Current,253028.52577511547,0,2023-03-03,Servicer_Feed
LN100057,2021-11-01,Current,510173.4,0,2021-11-02,Servicer_Feed
LN100336,2021-09-01,Current,99096.93,0,2021-09-05,Servicer_Feed
LN101760,2022-10-01,Current,490112.6,0,2022-10-06,Servicer_Feed
LN101435,2022-07-01,Current,326849.08,0,2022-03-01,Servicer_Feed
LN100439,2022-08-01,Current,171526.62,0,2022-08-07,Servicer_Feed
LN101543,2020-06-01,Current,297963.54,0,2020-06-08,Servicer_Feed
LN101899,2024-07-01,60DPD,155858.45948378154,60,2024-07-05,Servicer_Feed
LN101809,2022-09-01,Current,413460.05,0,2022-09-04,Servicer_Feed
LN100181,2024-02-01,Current,393039.21,0,2024-02-01,Servicer_Feed
LN101418,2023-08-01,30DPD,167728.3,30,2023-04-01,Servicer_Feed
LN100271,2020-02-01,Current,662753.06,0,2020-02-08,Servicer_Feed
LN101938,2023-05-01,Current,213605.28,0,2023-05-05,Servicer_Feed
LN100960,2023-08-01,Current,99848.8,0,2023-08-01,Servicer_Feed
LN100498,2021-09-01,Current,245075.36,0,2021-09-06,Servicer_Feed
LN100510,2021-12-01,Current,207187.2,0,2021-12-01,Servicer_Feed
LN100288,2020-09-01,Current,335390.1411261379,0,2020-09-02,Servicer_Feed
LN100249,2021-06-01,Current,251424.42,0,2021-06-06,Servicer_Feed
LN101299,2024-03-01,Current,175511.96,0,2024-03-03,Servicer_Feed
LN100514,2022-10-01,Current,213980.17661155143,0,2022-10-01,Servicer_Feed
LN101966,2024-10-01,Current,143101.29,0,2024-06-01,Servicer_Feed
LN101903,2023-09-01,Current,258997.41,0,2023-09-10,Servicer_Feed
LN100706,2024-03-01,Current,110929.88,0,2024-03-03,Servicer_Feed
LN100202,2022-10-01,Current,238947.87,0,2022-10-01,Servicer_Feed
LN101662,2024-10-01,Current,96498.44,0,2024-10-05,Servicer_Feed
LN101294,2024-05-01,Current,280804.36,0,2024-05-04,Servicer_Feed
LN101428,2022-01-01,Current,206558.91209440786,0,2022-01-08,Servicer_Feed
LN101402,2024-12-01,Current,296089.0,0,2024-12-06,Servicer_Feed
LN100631,2022-09-01,Current,258155.1,0,2022-09-01,Servicer_Feed
LN100516,2023-06-01,Current,239260.1,0,2023-06-10,Servicer_Feed
LN100309,2023-07-01,Current,167190.84,0,2023-07-02,Servicer_Feed
LN101058,2020-07-01,Current,278376.4,0,2020-07-03,Servicer_Feed
LN101208,2023-02-01,Current,168106.93,0,2023-02-02,Servicer_Feed
LN101589,2020-10-01,Current,237204.7,0,2020-10-01,Servicer_Feed
LN101898,2022-06-01,Current,227261.73,0,2022-02-01,Servicer_Feed
LN101933,2022-09-01,Current,265724.61,0,2022-09-03,Servicer_Feed
LN101518,2023-10-01,Current,152584.14,0,2023-10-02,Servicer_Feed
LN100292,2021-09-01,Current,155571.87,0,2021-09-01,Servicer_Feed
LN101124,2024-09-01,Current,233729.1342929107,0,2024-09-02,Servicer_Feed
LN101328,2022-06-01,Current,235810.1,0,2022-06-04,Servicer_Feed
LN100118,2020-04-01,Current,362445.62,0,2020-04-04,Servicer_Feed
LN101373,2021-05-01,Current,786677.577034383,0,2021-01-01,Servicer_Feed
LN100849,2023-02-01,Current,152445.71,0,2023-02-10,Servicer_Feed
LN101390,2023-10-01,Current,590205.24,0,2023-10-02,Servicer_Feed
LN101488,2021-08-01,Current,115460.67,0,2021-04-01,Servicer_Feed
LN101643,2022-06-01,Current,409693.43,0,2022-06-10,Servicer_Feed
LN101579,2024-11-01,Current,303340.14,0,2024-11-09,Servicer_Feed
LN101036,2024-10-01,Current,252983.36,0,2024-06-01,Servicer_Feed
LN100372,2023-02-01,Current,395703.06,0,2023-02-09,Servicer_Feed
LN101312,2021-08-01,Current,221007.85,0,2021-04-01,Servicer_Feed
LN100458,2023-12-01,Current,182421.65,0,2023-12-07,Servicer_Feed
LN100838,2022-01-01,Current,302820.53,0,2022-01-07,Servicer_Feed
LN101245,2021-10-01,Current,273012.07,0,2021-10-06,Servicer_Feed
LN101312,2023-02-01,Current,214419.89,0,2023-02-07,Servicer_Feed
LN100065,2024-11-01,60DPD,230048.81,60,2024-07-01,Servicer_Feed
LN100112,2022-10-01,Current,383690.02,0,2022-10-02,Servicer_Feed
LN101452,2023-02-01,Current,188270.94,0,2023-02-10,Servicer_Feed
LN100801,2023-12-01,Current,181535.27,0,2023-12-06,Servicer_Feed
LN100150,2020-02-01,Current,183105.38,0,2020-02-08,Servicer_Feed
LN101980,2022-03-01,Current,247872.32048015413,0,2022-03-10,Servicer_Feed
LN100426,2024-02-01,Current,184735.21,0,2024-02-06,Servicer_Feed
LN100094,2020-03-01,Current,305066.78,0,2020-03-05,Servicer_Feed
LN100475,2023-03-01,Current,606471.2630077418,0,2023-03-04,Servicer_Feed
LN100088,2022-12-01,Current,479670.74,0,2022-12-10,Servicer_Feed
LN101899,2022-01-01,Current,188367.13,0,2022-01-07,Servicer_Feed
LN101465,2023-06-01,Current,135168.35,0,2023-06-01,Servicer_Feed
LN100469,2023-07-01,Current,175328.22,0,2023-07-03,Servicer_Feed
LN100127,2021-12-01,Current,399001.6359467259,0,2021-12-09,Servicer_Feed
LN100982,2023-06-01,Current,482965.3440620358,0,2023-06-07,Servicer_Feed
LN100870,2024-10-01,Current,175301.79,0,2024-06-01,Servicer_Feed
LN101845,2020-06-01,Current,328890.55,0,2020-06-08,Servicer_Feed
LN101430,2023-02-01,Current,311847.49,0,2023-02-05,Servicer_Feed
LN100548,2022-06-01,30DPD,193830.39,30,2022-06-05,Servicer_Feed
LN101319,2019-09-01,Current,152166.9330671812,0,2019-09-04,Servicer_Feed
LN100020,2022-06-01,Current,53320.39,0,2022-06-04,Servicer_Feed
LN100178,2024-06-01,Current,159706.95,0,2024-06-05,Servicer_Feed
LN101134,2024-06-01,Current,118146.43,0,2024-06-02,Servicer_Feed
LN101711,2022-03-01,Current,324434.54,0,2022-03-09,Servicer_Feed
LN100324,2021-09-01,Current,202129.37,0,2021-09-04,Servicer_Feed
LN101504,2024-06-01,Current,362445.62,0,2024-06-04,Servicer_Feed
LN100818,2023-02-01,Current,168017.77,0,2023-02-02,Servicer_Feed
LN101650,2023-11-01,Current,276627.235876743,0,2023-11-05,Servicer_Feed
LN100665,2024-02-01,Current,227709.6,0,2023-10-01,Servicer_Feed
LN101337,2020-07-01,Current,505610.71,0,2020-07-04,Servicer_Feed
LN100778,2024-12-01,Current,287172.6,0,2024-12-05,Servicer_Feed
LN100009,2023-04-01,Current,153765.37,0,2023-04-03,Servicer_Feed
LN101579,2023-01-01,Current,315292.57,0,2023-01-04,Servicer_Feed
LN101247,2022-08-01,Current,240474.44,0,2022-08-10,Servicer_Feed
LN100959,2022-08-01,Current,462256.54,0,2022-08-08,Servicer_Feed
LN100274,2020-11-01,Current,158621.5723791823,0,2020-11-06,Servicer_Feed
LN100657,2023-02-01,Current,361444.49,0,2023-02-01,Servicer_Feed
LN101138,2022-06-01,Current,474830.89,0,2022-06-07,Servicer_Feed
LN100152,2022-12-01,Current,212977.79,0,2022-08-01,Servicer_Feed
LN100120,2021-04-01,Current,171655.37,0,2021-04-06,Servicer_Feed
LN101878,2019-07-01,Current,254048.81,0,2019-07-04,Servicer_Feed
LN101005,2024-05-01,Current,142834.87357520533,0,2024-05-05,Servicer_Feed
LN101583,2020-02-01,Current,240299.74,0,2020-02-06,Servicer_Feed
LN100874,2024-01-01,Current,180260.94,0,2024-01-03,Servicer_Feed
LN101113,2021-03-01,Current,170596.81,0,2020-11-01,Servicer_Feed
LN101764,2023-05-01,Current,181846.22,0,2023-05-07,Servicer_Feed
LN100021,2022-02-01,Current,152396.22,0,2022-02-01,Servicer_Feed
LN100333,2022-07-01,Current,366962.15,0,2022-07-04,Servicer_Feed
LN101508,2024-05-01,Current,173494.94,0,2024-05-03,Servicer_Feed
LN101941,2022-02-01,Current,353056.04,0,2022-02-10,Servicer_Feed
LN101200,2024-03-01,Current,139640.65,0,2024-03-03,Servicer_Feed
LN101288,2020-07-01,Current,151568.73,0,2020-07-10,Servicer_Feed
LN100584,2022-07-01,Current,162077.98,0,2022-07-01,Servicer_Feed
LN101450,2024-05-01,Current,467002.38,0,2024-05-08,Servicer_Feed
LN100075,2022-01-01,Current,152802.73163781644,0,2022-01-05,Servicer_Feed
LN101720,2020-05-01,Current,88108.0,0,2020-01-01,Servicer_Feed
LN101302,2024-05-01,Current,64530.79,0,2024-05-04,Servicer_Feed
LN100180,2024-01-01,Current,202105.32,0,2024-01-01,Servicer_Feed
LN101308,2021-06-01,Current,78527.2,0,2021-06-03,Servicer_Feed
LN101390,2023-02-01,Current,598663.84,0,2023-02-04,Servicer_Feed
LN100950,2024-10-01,Current,196514.16,0,2024-06-01,Servicer_Feed
LN100712,2023-02-01,Current,278867.1,0,2023-02-08,Servicer_Feed
LN101842,2021-05-01,Current,348534.07,0,2021-05-03,Servicer_Feed
LN100426,2024-06-01,Current,181663.7,0,2024-06-04,Servicer_Feed
LN100554,2023-01-01,Current,341809.42,0,2023-01-09,Servicer_Feed
LN101562,2022-09-01,Current,156654.59,0,2022-09-04,Servicer_Feed
LN101234,2024-04-01,Current,112276.04,0,2024-04-09,Servicer_Feed
LN100803,2021-03-01,Current,144862.27,0,2021-03-01,Servicer_Feed
LN101205,2024-11-01,Current,147656.17,0,2024-11-07,Servicer_Feed
LN101043,2024-02-01,Current,141537.14144887924,0,2024-02-10,Servicer_Feed
LN101118,2023-02-01,Current,238214.3604896803,0,2023-02-08,Servicer_Feed
LN101373,2021-04-01,Current,315305.59,0,2020-12-01,Servicer_Feed
LN101133,2024-07-01,Current,259077.09,0,2024-07-06,Servicer_Feed
LN100739,2021-02-01,Current,166040.74,0,2021-02-07,Servicer_Feed
LN101443,2024-03-01,Current,201765.5,0,2024-03-06,Servicer_Feed
LN101428,2024-05-01,Current,203823.25,0,2024-05-01,Servicer_Feed
LN101302,2023-06-01,Current,65673.42,0,2023-06-08,Servicer_Feed
LN101429,2023-01-01,Current,115788.69,0,2023-01-08,Servicer_Feed
LN101648,2024-12-01,Current,183165.29,0,2024-12-09,Servicer_Feed
LN100912,2024-10-01,Current,235820.11,0,2024-10-09,Servicer_Feed
LN101411,2021-06-01,Current,379285.79,0,2021-06-03,Servicer_Feed
LN101478,2020-12-01,Current,847721.0680423939,0,2020-12-08,Servicer_Feed
LN100606,2020-06-01,Current,333275.13,0,2020-06-08,Servicer_Feed
LN101578,2023-12-01,Current,251578.05,0,2023-12-06,Servicer_Feed
LN100510,2021-08-01,Current,209760.66,0,2021-08-04,Servicer_Feed
LN100132,2021-06-01,Current,159472.76,0,2021-02-01,Servicer_Feed
LN101589,2021-01-01,Current,236100.8,0,2020-09-01,Servicer_Feed
LN101663,2023-03-01,Current,103770.06,0,2023-03-04,Servicer_Feed
LN100851,2023-08-01,Current,344185.62,0,2023-08-01,Servicer_Feed
LN100510,2022-11-01,Current,199971.22,0,2022-11-04,Servicer_Feed
LN100557,2022-07-01,Current,122393.98188149101,0,2022-07-08,Servicer_Feed
LN100943,2022-04-01,Current,86296.95,0,2022-04-02,Servicer_Feed
LN101718,2022-11-01,Current,222039.02,0,2022-11-05,Servicer_Feed
LN100983,2024-05-01,Current,489990.13,0,2024-05-02,Servicer_Feed
LN100823,2024-10-01,Current,157281.22,0,2024-10-03,Servicer_Feed
LN100918,2024-07-01,Current,57300.87,0,2024-07-03,Servicer_Feed
LN100874,2019-06-01,Current,197678.74,0,2019-02-01,Servicer_Feed
LN100782,2021-05-01,Current,150670.1,0,2021-05-01,Servicer_Feed
LN101590,2020-05-01,Current,215208.28,0,2020-05-03,Servicer_Feed
LN101143,2019-09-01,Current,276064.25708400155,0,2019-09-01,Servicer_Feed
LN101597,2023-09-01,Current,387284.26,0,2023-09-09,Servicer_Feed
LN100737,2024-02-01,Current,240389.39,0,2024-02-08,Servicer_Feed
LN100759,2023-11-01,Current,205498.37,0,2023-11-03,Servicer_Feed
LN101110,2024-02-01,Current,148130.5,0,2024-02-09,Servicer_Feed
LN101972,2019-07-01,Current,237038.31,0,2019-03-01,Servicer_Feed
LN101234,2022-05-01,Current,116696.4,0,2022-05-02,Servicer_Feed
LN101642,2020-02-01,Current,196388.67,0,2020-02-03,Servicer_Feed
LN100885,2020-10-01,Current,206261.72,0,2020-06-01,Servicer_Feed
LN101365,2024-06-01,Current,170743.55,0,2024-06-02,Servicer_Feed
LN101500,2022-01-01,Current,273987.14,0,2022-01-08,Servicer_Feed
LN101781,2022-08-01,Current,132034.92,0,2022-08-09,Servicer_Feed
LN101497,2024-10-01,Current,136827.11,0,2024-06-01,Servicer_Feed
LN101375,2023-01-01,Current,258403.83,0,2023-01-03,Servicer_Feed
LN100577,2020-09-01,Current,315056.88597715873,0,2020-09-10,Servicer_Feed
LN100088,2019-10-01,Current,510850.9,0,2019-10-09,Servicer_Feed
LN100594,2023-07-01,Current,141504.85,0,2023-07-01,Servicer_Feed
LN101752,2023-08-01,Current,218903.18,0,2023-08-08,Servicer_Feed
LN101561,2020-04-01,Current,231198.22,0,2019-12-01,Servicer_Feed
LN101094,2022-11-01,Current,443665.52,0,2022-11-06,Servicer_Feed
LN101128,2023-11-01,Current,186341.481700225,0,2023-11-09,Servicer_Feed
LN101907,2024-07-01,Current,347402.49,0,2024-07-09,Servicer_Feed
LN100993,2023-02-01,Current,166993.8,0,2023-02-04,Servicer_Feed
LN100098,2023-07-01,Current,247540.94,0,2023-07-02,Servicer_Feed
LN101673,2024-11-01,Current,207209.6,0,2024-11-10,Servicer_Feed
LN101872,2024-01-01,Current,97006.11,0,2023-09-01,Servicer_Feed
LN100832,2024-03-01,Current,211821.0420028004,0,2024-03-07,Servicer_Feed
LN101375,2024-09-01,30DPD,252735.83,30,2024-09-09,Servicer_Feed
LN101967,2024-11-01,Current,181880.33694077845,0,2024-11-01,Servicer_Feed
LN101144,2021-04-01,Current,326900.23,0,2021-04-02,Servicer_Feed
LN101112,2020-06-01,Current,225757.1,0,2020-02-01,Servicer_Feed
LN100363,2024-05-01,Current,200980.37,0,2024-05-07,Servicer_Feed
LN101772,2022-07-01,Current,149818.69,0,2022-07-05,Servicer_Feed
LN100028,2021-07-01,Current,366333.02,0,2021-07-09,Servicer_Feed
LN101741,2024-10-01,Current,354722.161869447,0,2024-10-06,Servicer_Feed
LN100977,2020-09-01,Current,58336.7,0,2020-09-03,Servicer_Feed
LN101984,2022-12-01,Current,358074.2103484136,0,2022-12-07,Servicer_Feed
LN101745,2024-05-01,Current,197199.1645930223,0,2024-05-07,Servicer_Feed
LN101248,2024-05-01,Current,342444.86,0,2024-05-03,Servicer_Feed
LN100655,2021-07-01,Current,605200.23,0,2021-03-01,Servicer_Feed
LN101056,2022-12-01,Current,79733.43,0,2022-12-04,Servicer_Feed
LN101037,2023-02-01,Current,248685.79,0,2023-02-08,Servicer_Feed
LN100283,2022-05-01,Current,125790.9718327017,0,2022-05-02,Servicer_Feed
LN101680,2023-10-01,Current,241790.29,0,2023-06-01,Servicer_Feed
LN100623,2022-07-01,Current,156017.84,0,2022-07-10,Servicer_Feed
LN100108,2024-07-01,Current,269478.5334543948,0,2024-07-01,Servicer_Feed
LN100993,2020-07-01,Current,175862.88,0,2020-07-10,Servicer_Feed
LN101450,2021-06-01,Current,494088.92,0,2021-06-08,Servicer_Feed
LN101914,2021-01-01,Current,302375.88,0,2021-01-03,Servicer_Feed
LN101450,2021-07-01,Current,493331.96,0,2021-07-02,Servicer_Feed
LN101442,2024-04-01,60DPD,262691.75,60,2024-04-10,Servicer_Feed
LN100883,2021-09-01,Current,118085.28,0,2021-09-10,Servicer_Feed
LN100428,2020-03-01,Current,438356.58,0,2020-03-10,Servicer_Feed
LN100735,2024-05-01,Current,544408.16,0,2024-05-10,Servicer_Feed
LN101231,2022-07-01,Current,115961.38,0,2022-07-09,Servicer_Feed
LN101217,2024-09-01,Current,523449.55,0,2024-09-07,Servicer_Feed
LN100181,2024-09-01,Current,388392.38,0,2024-09-09,Servicer_Feed
LN101636,2022-10-01,60DPD,122611.41,60,2022-10-01,Servicer_Feed
LN100209,2023-02-01,Prepaid,138859.62,0,2023-02-02,Servicer_Feed
LN101538,2021-09-01,Current,523302.09,0,2021-09-03,Servicer_Feed
LN100882,2023-09-01,Current,152949.18,0,2023-05-01,Servicer_Feed
LN100008,2024-11-01,Current,271668.73,0,2024-11-02,Servicer_Feed
LN101834,2023-12-01,Current,418579.63702310727,0,2023-12-09,Servicer_Feed
LN101847,2022-07-01,Current,270927.76,0,2022-07-05,Servicer_Feed
LN100661,2023-10-01,Current,174753.14,0,2023-10-05,Servicer_Feed
LN100695,2024-10-01,Current,252857.43,0,2024-06-01,Servicer_Feed
LN101944,2022-01-01,Current,168089.19,0,2022-01-03,Servicer_Feed
LN100562,2021-12-01,Current,205986.64,0,2021-12-05,Servicer_Feed
LN100797,2023-04-01,Current,215188.59897587492,0,2023-04-07,Servicer_Feed
LN101074,2020-09-01,Current,454210.74,0,2020-09-04,Servicer_Feed
LN101968,2022-11-01,Current,178141.38,0,2022-11-01,Servicer_Feed
LN101020,2023-12-01,Current,353961.37,0,2023-08-01,Servicer_Feed
LN101425,2021-12-01,Current,147790.5,0,2021-12-10,Servicer_Feed
LN101203,2021-05-01,Current,303405.13,0,2021-05-02,Servicer_Feed
LN101710,2021-07-01,Current,234462.9,0,2021-07-05,Servicer_Feed
LN101251,2024-08-01,Current,244785.37,0,2024-08-03,Servicer_Feed
LN101615,2021-01-01,Current,266900.9,0,2021-01-01,Servicer_Feed
LN100627,2022-05-01,Current,186529.53,0,2022-05-07,Servicer_Feed
LN100554,2021-07-01,Current,352214.47,0,2021-07-01,Servicer_Feed
LN100402,2021-07-01,Current,116225.49,0,2021-07-02,Servicer_Feed
LN101561,2020-05-01,Current,230839.02,0,2020-05-02,Servicer_Feed
LN101024,2023-06-01,Current,237478.77,0,2023-06-05,Servicer_Feed
LN100074,2021-09-01,Current,282862.33,0,2021-09-02,Servicer_Feed
LN100884,2020-08-01,Current,181323.32,0,2020-08-04,Servicer_Feed
LN100390,2024-09-01,Current,79660.44,0,2024-09-05,Servicer_Feed
LN100570,2020-01-01,Current,190041.19,0,2020-01-07,Servicer_Feed
LN100139,2023-02-01,Current,149152.18,0,2022-10-01,Servicer_Feed
LN100676,2023-12-01,Current,611389.2,0,2023-12-07,Servicer_Feed
LN101438,2023-06-01,Current,375920.9,0,2023-06-04,Servicer_Feed
LN101660,2020-01-01,Current,425257.58,0,2020-01-03,Servicer_Feed
LN101738,2022-06-01,Current,195082.18,0,2022-06-05,Servicer_Feed
LN100631,2019-12-01,Current,272248.37,0,2019-12-09,Servicer_Feed
LN101101,2023-09-01,Current,207343.16,0,2023-09-03,Servicer_Feed
LN100252,2023-06-01,Current,190325.0,0,2023-06-09,Servicer_Feed
LN100794,2023-11-01,Current,267930.86,0,2023-07-01,Servicer_Feed
LN101647,2022-06-01,Current,187635.51,0,2022-06-09,Servicer_Feed
LN100050,2024-01-01,Current,352800.39,0,2024-01-10,Servicer_Feed
LN100625,2024-01-01,Current,314691.85,0,2024-01-08,Servicer_Feed
LN101188,2020-06-01,Current,494922.0919933346,0,2020-06-03,Servicer_Feed
LN100710,2024-02-01,Current,202128.42,0,2024-02-08,Servicer_Feed
LN101053,2024-03-01,Current,196695.79,0,2024-03-06,Servicer_Feed
LN100945,2022-09-01,Current,179390.99,0,2022-05-01,Servicer_Feed
LN100792,2020-07-01,Current,153241.78,0,2020-07-09,Servicer_Feed
LN100212,2021-11-01,Current,480707.36,0,2021-11-04,Servicer_Feed
LN100814,2024-04-01,Current,171207.73,0,2023-12-01,Servicer_Feed
LN101171,2023-09-01,30DPD,239706.68,30,2023-09-03,Servicer_Feed
LN101830,2024-09-01,Current,243524.41,0,2024-09-04,Servicer_Feed
LN101092,2024-06-01,Current,131479.29,0,2024-06-10,Servicer_Feed
LN101464,2022-10-01,Current,192841.12,0,2022-06-01,Servicer_Feed
LN101606,2023-10-01,Current,315389.23,0,2023-10-08,Servicer_Feed
LN100092,2021-02-01,Current,61336.29,0,2021-02-07,Servicer_Feed
LN100760,2023-12-01,Current,130932.5,0,2023-08-01,Servicer_Feed
LN100021,2020-08-01,Current,156779.22,0,2020-08-03,Servicer_Feed
LN100170,2023-06-01,Current,224482.06083240657,0,2023-06-07,Servicer_Feed
LN101086,2023-11-01,Current,345209.75,0,2023-11-04,Servicer_Feed
LN100461,2024-05-01,Current,150471.76,0,2024-05-06,Servicer_Feed
LN101861,2023-10-01,Current,181186.74,0,2023-10-09,Servicer_Feed
LN101245,2022-07-01,Current,268931.56,0,2022-07-07,Servicer_Feed
LN101308,2021-09-01,Current,78155.46,0,2021-09-09,Servicer_Feed
LN101962,2022-07-01,Prepaid,130732.68941101553,0,2022-07-07,Servicer_Feed
LN101617,2024-01-01,Current,210106.00109038522,0,2024-01-07,Servicer_Feed
LN101397,2024-08-01,Current,276067.76,0,2024-08-04,Servicer_Feed
LN100233,2023-10-01,Current,102431.28,0,2023-10-04,Servicer_Feed
LN100425,2024-03-01,Current,100843.96,0,2024-03-07,Servicer_Feed
LN100468,2023-07-01,Current,120027.64,0,2023-07-05,Servicer_Feed
LN100151,2024-02-01,Current,551069.1352481402,0,2024-02-08,Servicer_Feed
LN101120,2023-06-01,Current,170164.12,0,2023-02-01,Servicer_Feed
LN101630,2023-07-01,Current,157333.48,0,2023-07-04,Servicer_Feed
LN101662,2024-12-01,Current,96195.82,0,2024-12-03,Servicer_Feed
LN101656,2019-05-01,Current,440906.95,0,2019-05-10,Servicer_Feed
LN101004,2020-07-01,Current,314499.32,0,2020-07-07,Servicer_Feed
LN100938,2023-04-01,Current,292804.51,0,2023-04-10,Servicer_Feed
LN100485,2023-04-01,Current,237403.71,0,2023-04-10,Servicer_Feed
LN100100,2023-04-01,Current,236363.27,0,2023-04-10,Servicer_Feed
LN101066,2024-07-01,Current,250632.17177034006,0,2024-07-02,Servicer_Feed
LN100565,2022-09-01,Current,375952.94,0,2022-09-08,Servicer_Feed
LN101826,2023-02-01,Current,336649.5274664923,0,2023-02-08,Servicer_Feed
LN100947,2023-06-01,Current,119725.37946973307,0,2023-06-02,Servicer_Feed
LN101547,2023-02-01,Current,206099.98,0,2023-02-05,Servicer_Feed
LN101753,2024-03-01,Current,142763.38,0,2024-03-06,Servicer_Feed
LN100013,2023-08-01,Current,101333.68,0,2023-08-10,Servicer_Feed
LN100635,2022-07-01,Current,303489.24,0,2022-07-10,Servicer_Feed
LN101812,2024-10-01,Current,334647.65,0,2024-10-10,Servicer_Feed
LN101370,2021-01-01,Prepaid,652806.72,0,2021-01-04,Servicer_Feed
LN100097,2019-11-01,Current,220549.75,0,2019-11-01,Servicer_Feed
LN101163,2022-08-01,Current,199498.2,0,2022-08-10,Servicer_Feed
LN100775,2024-08-01,Current,316300.82,0,2024-04-01,Servicer_Feed
LN100118,2024-03-01,Current,335230.29,0,2024-03-01,Servicer_Feed
LN100271,2024-02-01,Current,612333.83,0,2024-02-06,Servicer_Feed
LN101092,2022-06-01,Current,143581.8,0,2022-02-01,Servicer_Feed
LN101546,2020-05-01,Current,382152.38,0,2020-05-08,Servicer_Feed
LN100977,2023-05-01,Current,55375.92,0,2023-01-01,Servicer_Feed
LN100146,2022-11-01,Current,254073.09055519674,0,2022-11-09,Servicer_Feed
LN100699,2024-07-01,Current,185086.14,0,2024-07-09,Servicer_Feed
LN100897,2019-08-01,Current,496743.44,0,2019-08-09,Servicer_Feed
LN100164,2023-03-01,Current,157511.28289186239,0,2023-03-08,Servicer_Feed
LN101000,2024-08-01,Current,132147.0,0,2024-04-01,Servicer_Feed
LN100486,2021-03-01,Current,289540.05419817875,0,2021-03-07,Servicer_Feed
LN100362,2022-12-01,Current,180434.33,0,2022-12-06,Servicer_Feed
LN100978,2023-04-01,Current,263052.01,0,2023-04-08,Servicer_Feed
LN101005,2024-09-01,Current,179944.77,0,2024-09-10,Servicer_Feed
LN101227,2022-06-01,Current,206168.73,0,2022-06-07,Servicer_Feed
LN101003,2022-06-01,Current,774827.4998334167,0,2022-06-06,Servicer_Feed
LN101057,2024-07-01,Current,151229.12350167258,0,2024-07-03,Servicer_Feed
LN101519,2022-09-01,Current,143198.0,0,2022-09-03,Servicer_Feed
LN101044,2024-06-01,30DPD,225547.18,30,2024-06-01,Servicer_Feed
LN101008,2023-04-01,60DPD,321309.72,60,2023-04-09,Servicer_Feed
LN101593,2024-04-01,Current,362522.39,0,2024-04-03,Servicer_Feed
LN101323,2024-01-01,Current,404513.1093106563,0,2024-01-05,Servicer_Feed
LN101915,2023-12-01,Current,233040.83,0,2023-12-08,Servicer_Feed
LN100894,2019-11-01,Current,149612.17,0,2019-11-03,Servicer_Feed
LN100457,2022-04-01,Current,456220.84,0,2022-04-07,Servicer_Feed
LN101777,2022-03-01,Current,340662.99,0,2021-11-01,Servicer_Feed
LN101250,2021-05-01,Current,235896.48,0,2021-05-05,Servicer_Feed
LN100064,2021-01-01,Current,99587.35,0,2021-01-09,Servicer_Feed
LN101833,2024-06-01,Current,140843.13442778823,0,2024-06-03,Servicer_Feed
LN100089,2024-06-01,Current,604902.92,0,2024-06-05,Servicer_Feed
LN100652,2024-11-01,Current,140753.18,0,2024-11-04,Servicer_Feed
LN101817,2022-05-01,Current,184971.77,0,2022-05-03,Servicer_Feed
LN100944,2019-12-01,Current,222526.46,0,2019-08-01,Servicer_Feed
LN100893,2024-08-01,Current,253535.11,0,2024-08-03,Servicer_Feed
LN100951,2022-04-01,Current,202154.37,0,2022-04-06,Servicer_Feed
LN100836,2024-08-01,Current,216029.5,0,2024-08-04,Servicer_Feed
LN100906,2023-04-01,Current,150806.68,0,2022-12-01,Servicer_Feed
LN100723,2024-04-01,Current,725194.23,0,2024-04-01,Servicer_Feed
LN100966,2024-01-01,Current,268133.44,0,2024-01-08,Servicer_Feed
LN100648,2022-12-01,Current,242158.85,0,2022-08-01,Servicer_Feed
LN101549,2023-05-01,Current,336451.4,0,2023-01-01,Servicer_Feed
LN100902,2024-07-01,Current,142610.10330434752,0,2024-07-05,Servicer_Feed
LN101014,2022-05-01,Current,92923.21,0,2022-05-01,Servicer_Feed
LN100966,2023-06-01,Current,271216.89,0,2023-06-08,Servicer_Feed
LN100354,2021-12-01,Current,384336.59,0,2021-12-01,Servicer_Feed
LN101670,2020-09-01,Current,295286.99,0,2020-09-09,Servicer_Feed
LN100919,2023-03-01,Current,195794.16,0,2023-03-08,Servicer_Feed
LN101299,2023-12-01,Current,177582.02,0,2023-08-01,Servicer_Feed
LN100947,2021-05-01,Current,174508.24,0,2021-05-07,Servicer_Feed
LN100284,2023-12-01,Current,364225.51,0,2023-12-02,Servicer_Feed
LN100756,2024-08-01,Current,153978.3,0,2024-08-07,Servicer_Feed
LN100936,2020-09-01,Current,383474.79,0,2020-09-03,Servicer_Feed
LN101502,2024-02-01,Current,201548.66,0,2024-02-07,Servicer_Feed
LN101186,2022-07-01,Current,339603.18,0,2022-07-01,Servicer_Feed
LN101428,2021-05-01,Current,216169.51,0,2021-05-08,Servicer_Feed
LN101802,2019-12-01,Current,554205.06,0,2019-12-10,Servicer_Feed
LN101143,2020-03-01,Current,200892.79,0,2019-11-01,Servicer_Feed
LN101308,2021-11-01,Current,77906.83,0,2021-11-03,Servicer_Feed
LN101670,2023-11-01,Current,267051.2314034682,0,2023-11-08,Servicer_Feed
LN100945,2022-10-01,Current,179085.53,0,2022-10-07,Servicer_Feed
LN100158,2024-05-01,Current,222342.25,0,2024-05-08,Servicer_Feed
LN100684,2022-04-01,Current,193541.7,0,2022-04-02,Servicer_Feed
